y_true,pred_m1,prob_m1,pred_m2,prob_m2,pred_m3,prob_m3,pred_bandit,prob_bandit,bandit_arm
0,0,0.49940860587583147,1,0.5218457537470532,1,0.5258607578352165,1,0.5258607578352165,2
0,1,0.522441541408767,1,0.5630957537470532,1,0.5377424782653241,1,0.5630957537470532,1
1,1,0.5251228915901172,0,0.4916858025871021,1,0.5305202560431018,1,0.5251228915901172,0
0,0,0.4409950608060364,1,0.5050695299708294,1,0.5841940911685498,0,0.4409950608060364,0
1,0,0.45327260412271847,0,0.4886026635039631,1,0.5240199295559785,0,0.45327260412271847,0
0,0,0.39309979950604956,1,0.5357078753652723,1,0.6406343940593069,0,0.39309979950604956,0
0,0,0.44064660294415725,1,0.5421972021304612,1,0.6336899496148624,0,0.44064660294415725,0
0,0,0.40544459681400474,1,0.5878364584938556,1,0.6318380977630106,0,0.40544459681400474,0
1,0,0.37189641955266955,1,0.5916919363493334,1,0.6543622947532044,0,0.37189641955266955,0
0,0,0.43291125541125536,1,0.5154686194363614,1,0.6813993317902415,1,0.6813993317902415,2
0,0,0.385297619047619,0,0.49531168831168826,1,0.677671431096344,0,0.49531168831168826,1
0,0,0.4431264760458839,0,0.3960588147484698,1,0.5917767585419882,0,0.3960588147484698,1
0,0,0.4905117248822606,0,0.40605881474846983,1,0.6079689158866081,0,0.40605881474846983,1
1,0,0.49979752953813106,1,0.5006042692939243,0,0.4596205403541367,1,0.5006042692939243,1
1,0,0.44312647604588384,0,0.4679376026272577,1,0.6042652121829043,0,0.4679376026272577,1
0,0,0.4423708062770562,0,0.4946995073891625,0,0.43078255939355214,0,0.4946995073891625,1
0,0,0.43650500541125536,1,0.511265163954819,1,0.5619718689463276,0,0.43650500541125536,0
0,0,0.42547353687978684,1,0.5190412086986057,1,0.6221158755407884,0,0.42547353687978684,0
1,0,0.49351549679049467,1,0.5276127865460457,1,0.6033508326160621,0,0.49351549679049467,0
1,0,0.4606633558327637,0,0.4893598900172871,1,0.6353221891107292,0,0.4606633558327637,0
1,0,0.49896241788182566,1,0.6890612720612721,1,0.8188661146398794,1,0.6890612720612721,1
0,0,0.46290963116633044,1,0.5667438117438118,1,0.63064515541539,1,0.5667438117438118,1
1,0,0.4342917449874687,1,0.5520612720612721,1,0.5953760392286328,1,0.5953760392286328,2
1,1,0.5761329636136137,1,0.5244007305009594,0,0.39521718580835535,1,0.5761329636136137,0
1,0,0.4930816156202697,0,0.36726224418856007,0,0.2421932767684746,0,0.4930816156202697,0
1,0,0.47189781678022086,0,0.3226331335331335,0,0.202394983051462,0,0.202394983051462,2
0,1,0.5411966138421759,0,0.3258679455857674,0,0.19361373204434282,1,0.5411966138421759,0
1,1,0.5411966138421759,0,0.41135824175824176,0,0.1609295971647899,0,0.41135824175824176,1
1,1,0.5892417266241307,0,0.3742601176601177,0,0.18064288708004209,0,0.18064288708004209,2
1,1,0.5521139268876353,0,0.45562086802086804,0,0.3372751389288722,1,0.5521139268876353,0
1,1,0.5062030578941951,0,0.43697877300448235,0,0.266260678229723,0,0.43697877300448235,1
0,0,0.4535442259266301,0,0.4034600231186438,0,0.25919143293329744,0,0.4034600231186438,1
0,0,0.4687499033704391,0,0.4410256299256299,0,0.1990922572874524,0,0.4687499033704391,0
1,0,0.4439463700167991,0,0.24554444444444443,0,0.13876335763733885,0,0.4439463700167991,0
1,0,0.4468791550711193,0,0.24776666666666664,0,0.11308079468531636,0,0.24776666666666664,1
0,1,0.5567944877648189,0,0.328652296089367,0,0.12700788111816355,0,0.12700788111816355,2
1,1,0.5208449288806432,0,0.3516036137775268,0,0.18689243063982755,0,0.18689243063982755,2
0,1,0.5142812452975087,0,0.22245088245088243,0,0.19084304792377815,1,0.5142812452975087,0
0,0,0.47132864357864357,0,0.31316883116883115,0,0.19509070694259326,0,0.31316883116883115,1
1,0,0.3987023809523809,1,0.5006363636363637,0,0.25076230807324645,1,0.5006363636363637,1
0,0,0.4268953634085213,1,0.5606519839176533,1,0.7120326954828351,1,0.5606519839176533,1
1,0,0.40703425229741014,1,0.6314489763988562,1,0.6717486239253572,1,0.6314489763988562,1
0,0,0.47458836485152267,1,0.6433277642776442,1,0.6124134121846271,1,0.6433277642776442,1
1,0,0.4791017316017316,1,0.5184292886871062,1,0.7692305982683606,1,0.5184292886871062,1
0,0,0.4372428858265794,1,0.5970194319289892,1,0.6687118118954839,1,0.5970194319289892,1
0,0,0.39694501339333094,1,0.666684761740634,1,0.702642213690062,1,0.702642213690062,2
1,0,0.4457799690635976,1,0.5656782679365161,1,0.677561594171145,1,0.677561594171145,2
0,0,0.4834213162231283,1,0.6188196400053076,1,0.7067738902418998,1,0.7067738902418998,2
0,1,0.5105131529578221,1,0.6015969083512195,1,0.6039091962253123,1,0.5105131529578221,0
1,1,0.5278632805088425,1,0.5499955384279052,1,0.5405549513610299,1,0.5405549513610299,2
0,0,0.4818044217687074,1,0.6925493623874704,1,0.7412181629060193,1,0.7412181629060193,2
1,0,0.47983472479901046,1,0.5879227292167197,1,0.7063494466040369,1,0.7063494466040369,2
1,0,0.44517056439800795,1,0.5819797803101785,1,0.7746076558191736,1,0.7746076558191736,2
1,0,0.43532231698649604,1,0.5429239276660907,1,0.7546180319100699,1,0.7546180319100699,2
0,0,0.42684612651030557,1,0.51940489473457,1,0.5764272246586111,1,0.5764272246586111,2
1,0,0.44368479190994664,1,0.5799540734578833,1,0.5705719763246669,1,0.5799540734578833,1
1,0,0.4766199002523044,1,0.662069069266121,1,0.8175461928840647,1,0.662069069266121,1
1,0,0.4842949007933479,1,0.5862063486108607,1,0.6867111499368024,1,0.5862063486108607,1
1,1,0.5267502238836825,1,0.5821090666718981,1,0.71561441229006,1,0.5821090666718981,1
0,0,0.4308517930462273,1,0.5418492426296031,1,0.5415257090927978,1,0.5418492426296031,1
0,0,0.4988089017270202,0,0.3559602406734562,0,0.3311442769981609,0,0.3311442769981609,2
1,1,0.5291719761719762,0,0.4011184740756502,1,0.5422394251450929,1,0.5422394251450929,2
0,0,0.4327445887445887,1,0.5164070037303929,1,0.5539257607142748,1,0.5539257607142748,2
1,0,0.44163844507980854,1,0.5696079523182089,1,0.5079971845910367,0,0.44163844507980854,0
0,1,0.5496780823343324,1,0.5143106527866492,1,0.6419469293042055,1,0.6419469293042055,2
0,1,0.5422788149350649,1,0.5819501650702861,1,0.5080237395293024,1,0.5819501650702861,1
1,1,0.5667207792207791,1,0.5883432797874373,1,0.6644622416523985,1,0.5883432797874373,1
0,1,0.5229112554112554,1,0.6306905410230312,1,0.7830520766617831,1,0.6306905410230312,1
0,0,0.48488095238095236,0,0.48914351666884914,1,0.614208931906289,1,0.614208931906289,2
1,1,0.5005952380952381,1,0.5212791067226384,1,0.6472994658716821,1,0.5005952380952381,0
0,1,0.5429112554112554,1,0.5539288773705069,1,0.809043395459458,1,0.5429112554112554,0
1,0,0.4902786819468003,1,0.5951732354648407,1,0.680330117820647,0,0.4902786819468003,0
0,1,0.500239594670871,1,0.5911621450920267,1,0.6574445896400701,1,0.5911621450920267,1
0,1,0.5564416086911225,1,0.5385786071864808,1,0.6646419557674692,1,0.5564416086911225,0
0,1,0.5767587334268519,1,0.5595799749734824,1,0.6895481620991983,1,0.5595799749734824,1
1,1,0.5081623879119017,1,0.5110415511658033,1,0.6945797712778065,1,0.5081623879119017,0
0,1,0.5061158762839947,0,0.48088272735317544,1,0.6902063428396544,1,0.6902063428396544,2
0,0,0.47847552540680177,1,0.5640294325926483,1,0.705320218587901,0,0.47847552540680177,0
0,0,0.4621118890431654,1,0.5379645040053261,1,0.6425818585878128,0,0.4621118890431654,0
1,0,0.42958333333333326,1,0.5009662007425312,1,0.6733026995396084,0,0.42958333333333326,0
1,0,0.475297619047619,1,0.5661362890383864,1,0.6802320408570978,0,0.475297619047619,0
0,0,0.4406730769230769,0,0.47165547093162824,1,0.5783164588183207,0,0.47165547093162824,1
1,1,0.5033184304709727,1,0.5378907044611594,1,0.7242882414929003,1,0.5378907044611594,1
1,1,0.5070407196969696,1,0.5325783050905666,0,0.4668952647380307,1,0.5325783050905666,1
1,1,0.5519624368686867,0,0.3878743767173113,0,0.35051625714626605,0,0.3878743767173113,1
0,0,0.4928124979187479,0,0.401823485917088,0,0.41878134290292657,0,0.401823485917088,1
0,1,0.5281978373854826,0,0.3873787466720911,0,0.24436161750065258,0,0.3873787466720911,1
0,0,0.46930864641530307,1,0.5036366052714957,0,0.21576757624024234,1,0.5036366052714957,1
0,1,0.502278343385,0,0.45249107269189465,0,0.25301114087209114,1,0.502278343385,0
1,1,0.5035016288714433,0,0.4671645139393296,0,0.19521425555432073,0,0.19521425555432073,2
1,0,0.4652575010316282,1,0.528259284971726,0,0.3601600981257623,1,0.528259284971726,1
0,1,0.5040633860748416,0,0.43280184660532667,0,0.34606460263196354,0,0.43280184660532667,1
0,0,0.4799955714489912,0,0.4840439724805669,0,0.4637511498865996,0,0.4840439724805669,1
0,1,0.5349904955151089,0,0.4765469518388689,0,0.3921822712167778,0,0.4765469518388689,1
1,0,0.49288586413586416,0,0.48604061617658295,0,0.23436767091348387,0,0.48604061617658295,1
1,0,0.48600750797041464,1,0.5318194880231989,0,0.28855414159527976,1,0.5318194880231989,1
0,1,0.5204556064942606,1,0.5674590638724571,0,0.27208327956133443,1,0.5674590638724571,1
0,1,0.5493301619982804,0,0.4406489934265715,0,0.24926030057338489,0,0.4406489934265715,1
1,0,0.4835447569271611,0,0.40269711485477716,0,0.2578066841706685,0,0.2578066841706685,2
1,0,0.4852114235938278,0,0.4581792370578619,0,0.34953302095860234,0,0.4852114235938278,0
1,0,0.4934798218622261,0,0.4414709138978792,0,0.3967896749298945,0,0.4414709138978792,1
1,0,0.4859632219208141,0,0.37050665618625045,0,0.2709500794400084,0,0.2709500794400084,2
0,0,0.4552499352075273,0,0.40367751984944156,0,0.45098942634238764,0,0.40367751984944156,1
0,0,0.4456988730495572,0,0.44793362587208796,1,0.6166701435005136,0,0.44793362587208796,1
1,0,0.45564785264139396,0,0.4551534072746759,1,0.513217974256052,0,0.4551534072746759,1
1,0,0.4914691581372766,0,0.48024313165460747,0,0.32004052453248427,0,0.32004052453248427,2
1,1,0.5061939571477899,0,0.4703719031512279,0,0.3946207981757035,1,0.5061939571477899,0
0,0,0.46422426017809293,0,0.46287302527906155,0,0.36925578684995064,0,0.46422426017809293,0
0,0,0.4880337839876167,0,0.366264293132501,0,0.24170215329303546,0,0.4880337839876167,0
1,0,0.4880337839876167,0,0.36815185347957063,0,0.2510683809758211,0,0.4880337839876167,0
1,0,0.4714215390896576,0,0.3845590954445424,0,0.22777692431698393,0,0.3845590954445424,1
0,0,0.4932918519374139,0,0.4974925111737655,0,0.22384355440745438,0,0.4932918519374139,0
0,0,0.4573103882072397,0,0.4533344292690824,0,0.33854586617263344,0,0.4573103882072397,0
1,0,0.4894462162440889,0,0.41261065479626835,0,0.31046510261458404,0,0.4894462162440889,0
0,1,0.5761424584187742,0,0.49210935116603133,0,0.43421899500508404,1,0.5761424584187742,0
1,1,0.528936083105491,0,0.4417542275202897,0,0.3916663729930698,0,0.3916663729930698,2
1,1,0.5214902922891644,0,0.48179226982977114,0,0.41811973999677887,0,0.48179226982977114,1
0,1,0.5428769399714931,0,0.45196688236484356,0,0.30268605745527255,1,0.5428769399714931,0
0,0,0.47151669090831355,1,0.5090674933532263,0,0.48737621687777777,1,0.5090674933532263,1
1,0,0.49016083965438106,1,0.5460930655323122,1,0.5042734652003986,1,0.5042734652003986,2
0,0,0.43749937475607403,1,0.5892915860806335,1,0.6178872815577083,1,0.6178872815577083,2
0,0,0.4814096311663305,1,0.5595229162591273,1,0.5039268008936609,1,0.5039268008936609,2
1,0,0.4776300645626303,1,0.5165442426556034,0,0.48019658809495636,0,0.4776300645626303,0
1,0,0.46696638613579394,0,0.4888505501430918,0,0.29076201207155783,0,0.4888505501430918,1
0,0,0.4883594733041425,1,0.5553593293137506,0,0.3714196670546459,0,0.4883594733041425,0
1,1,0.5286145753449588,1,0.5366528920025759,0,0.48413867318814624,1,0.5286145753449588,0
1,0,0.4585752725424981,1,0.5231541771683436,1,0.6540770753510166,0,0.4585752725424981,0
1,0,0.47235534554730974,1,0.5674487157687925,1,0.6627266588197659,1,0.5674487157687925,1
1,1,0.544027588813303,1,0.6305206191890238,1,0.6675982208824721,1,0.6305206191890238,1
1,1,0.5127010582010582,1,0.5487682584058493,0,0.47414694115722283,1,0.5487682584058493,1
1,1,0.5660343915343915,1,0.5350153102741833,0,0.41732514003978444,1,0.5350153102741833,1
1,0,0.44094696969696967,0,0.4769620428044249,0,0.2788432535670111,0,0.44094696969696967,0
0,0,0.4793662772345394,1,0.5386013889618465,0,0.3480309997899837,1,0.5386013889618465,1
1,0,0.4121706222374093,1,0.6180669463092598,1,0.6146706368271516,0,0.4121706222374093,0
0,0,0.42228451303960335,1,0.5746359921173081,0,0.4614887995598209,1,0.5746359921173081,1
0,0,0.45428255022721936,1,0.5361985115303319,0,0.479311029868116,1,0.5361985115303319,1
0,0,0.4616556642761999,1,0.5605942584473014,1,0.521436025252862,1,0.521436025252862,2
0,1,0.5233465585226831,1,0.5330247140724169,0,0.49849543328861295,1,0.5233465585226831,0
1,0,0.45656342938204814,0,0.4895874406597616,1,0.5089920784840309,0,0.4895874406597616,1
1,1,0.5455846243843306,1,0.5355194389210743,1,0.5095320138924709,1,0.5455846243843306,0
1,0,0.4220814844877345,1,0.6656950518115492,1,0.7634092231667912,1,0.7634092231667912,2
1,0,0.4883125094131937,1,0.6425015359979391,1,0.7337388123449072,1,0.7337388123449072,2
0,0,0.4682142857142857,1,0.5658056958522941,1,0.791954763558226,1,0.791954763558226,2
1,0,0.4771969696969696,1,0.5492421771708383,1,0.6885263874020948,1,0.6885263874020948,2
0,1,0.5096969696969696,1,0.6118685561902388,1,0.770394272455207,1,0.770394272455207,2
1,0,0.4269349646521903,0,0.4945736879142897,1,0.7531087584199141,0,0.4269349646521903,0
0,0,0.4143233340048454,0,0.4937630059459699,1,0.676679064919259,1,0.676679064919259,2
1,0,0.49404018086454926,1,0.5453219730200793,1,0.6610562284005953,1,0.5453219730200793,1
1,0,0.47677426969238806,0,0.43431375283356594,1,0.5506791599391841,0,0.43431375283356594,1
0,0,0.433209762873942,1,0.5427133903899606,1,0.6002822916171947,1,0.6002822916171947,2
0,1,0.5202791415901172,1,0.5852591291335798,1,0.6065420452799724,1,0.5202791415901172,0
0,1,0.5332517245627001,1,0.5172607948450799,1,0.5600534764543615,1,0.5172607948450799,1
1,1,0.6035288348602301,0,0.40395016901642267,0,0.3032090261645492,0,0.3032090261645492,2
0,1,0.5477621412293667,0,0.4404138985570642,0,0.4332380424449301,1,0.5477621412293667,0
1,1,0.5009486395344852,0,0.46207672804040684,1,0.5145111106829612,1,0.5145111106829612,2
0,0,0.4507850697644261,0,0.476192947374122,1,0.6185228812093042,0,0.476192947374122,1
1,0,0.4842594791101633,1,0.5382415742693023,1,0.6323233353946329,1,0.6323233353946329,2
1,1,0.5322736450037935,0,0.4859795327729586,1,0.6229621935012494,1,0.6229621935012494,2
1,0,0.42200576083805835,1,0.5865007021352109,0,0.4977203850968724,0,0.4977203850968724,2
1,0,0.49308161562026975,1,0.5050727528459212,0,0.38199087147018446,0,0.38199087147018446,2
1,0,0.49079071969696964,1,0.6155589398432817,1,0.6571265385634159,1,0.6155589398432817,1
0,1,0.5256621577826934,1,0.5873966517258764,1,0.7655196976413002,1,0.5873966517258764,1
1,0,0.46010224150849155,1,0.5874523479438175,1,0.7627691713729732,1,0.5874523479438175,1
0,1,0.5377308937929238,1,0.6104909506877155,1,0.7290260423849008,1,0.6104909506877155,1
1,1,0.5469955996752769,1,0.6211241921413097,1,0.7268437748636849,1,0.6211241921413097,1
0,1,0.5606295093795094,1,0.5139595264937653,0,0.4517184420180229,1,0.5139595264937653,1
1,0,0.44167826221397655,1,0.5649069555298805,0,0.40794482195525705,0,0.40794482195525705,2
0,0,0.4916017316017316,1,0.5773025143890422,1,0.6136391055013993,1,0.5773025143890422,1
0,0,0.36471914489629426,1,0.5558431850476618,1,0.5279458051214098,0,0.36471914489629426,0
0,0,0.496624407338693,1,0.5874631019166808,1,0.5563175220999731,0,0.496624407338693,0
1,1,0.5054990025502447,1,0.6080637491461286,1,0.5570585905523132,1,0.5054990025502447,0
1,0,0.44735874939037507,1,0.6109857486593222,0,0.2968456266342533,0,0.44735874939037507,0
0,0,0.43273666503731084,1,0.5754545180144567,1,0.5991055026602606,0,0.43273666503731084,0
1,0,0.49062544084266635,1,0.6135271919941868,1,0.6356851243038633,0,0.49062544084266635,0
1,0,0.3950773223977515,1,0.5482779092365921,1,0.5361988995952501,0,0.3950773223977515,0
0,1,0.5033685585248084,1,0.6084548352517534,1,0.6053630130326543,1,0.6053630130326543,2
0,0,0.4574215390896575,0,0.47933976476142526,1,0.5210023892319827,0,0.47933976476142526,1
1,0,0.4470656362925937,1,0.5088204396872221,0,0.34634763025585397,1,0.5088204396872221,1
0,0,0.37896436459483085,1,0.5213316302679779,0,0.25992594969294697,1,0.5213316302679779,1
0,0,0.4244137042864539,1,0.5617235098920651,0,0.26707133324578075,0,0.4244137042864539,0
1,0,0.4748205836223957,1,0.5220130259290146,1,0.5841703259441181,0,0.4748205836223957,0
0,1,0.522244120021517,1,0.5229779876670728,0,0.3782084499310954,1,0.522244120021517,0
1,0,0.48008616780045343,0,0.47887861803348875,0,0.3714883819755815,0,0.48008616780045343,0
1,0,0.4945897817460317,1,0.593016988107776,1,0.6348938977756006,1,0.593016988107776,1
0,1,0.5705169101731601,1,0.5162684445200683,1,0.576570964745749,1,0.5162684445200683,1
0,1,0.5237098926293005,0,0.4987854881237725,0,0.46765593423458296,0,0.4987854881237725,1
1,1,0.5316017362354298,1,0.5545258892353997,0,0.39725901676316505,1,0.5545258892353997,1
1,1,0.5627128473465409,0,0.4670485425666568,0,0.3819390996757339,0,0.4670485425666568,1
0,1,0.5205475485249921,0,0.47160998762703193,0,0.4292787494647961,0,0.47160998762703193,1
1,0,0.4841372921147357,0,0.4601787342061234,0,0.40718351981631296,0,0.4601787342061234,1
1,0,0.47298370215311,1,0.5592798556465964,1,0.563552306819526,1,0.5592798556465964,1
0,0,0.45067783094098884,1,0.5050250991313044,0,0.29146626843325746,1,0.5050250991313044,1
0,1,0.5097907196969697,0,0.45982650335860675,0,0.3376553432421873,0,0.45982650335860675,1
0,1,0.5501045538202266,1,0.5679000160976405,1,0.7194513966306803,1,0.7194513966306803,2
1,0,0.34654719421660213,0,0.48820655623850473,1,0.6301071434809233,0,0.48820655623850473,1
0,0,0.427482568366262,0,0.4930382270004335,0,0.4460217285335218,0,0.4460217285335218,2
1,0,0.40962172837809274,1,0.5358767432037542,1,0.6356197094944064,0,0.40962172837809274,0
0,0,0.471732683982684,0,0.47325828362197925,0,0.45969349751352623,0,0.45969349751352623,2
0,0,0.49714424860853434,0,0.4967430197830271,0,0.4047340902053285,0,0.4047340902053285,2
1,0,0.4710914808799,1,0.559771344407075,0,0.43836414840851895,0,0.43836414840851895,2
1,1,0.5103802873115636,1,0.5998950842801449,1,0.7341169187118833,1,0.7341169187118833,2
1,0,0.4883594733041425,1,0.5811719397639592,1,0.7368547410672902,1,0.7368547410672902,2
0,1,0.5481075600388363,1,0.5022126783296984,1,0.6780569066083818,1,0.6780569066083818,2
0,1,0.5872691500935185,0,0.4264463864081536,0,0.4746258502188065,0,0.4746258502188065,2
1,1,0.554958878519854,0,0.46850154670916944,0,0.20636715626682792,0,0.20636715626682792,2
1,1,0.5201802444555057,1,0.505655356382746,0,0.3863349507687294,1,0.5201802444555057,0
0,0,0.4592791502565938,0,0.47422949900078737,0,0.386098219893595,0,0.4592791502565938,0
0,0,0.4592791502565938,1,0.5478430286614591,0,0.4075282174701405,0,0.4592791502565938,0
1,0,0.4527392601839294,1,0.7135486022995748,1,0.7988619271709667,0,0.4527392601839294,0
0,0,0.3753552093976229,0,0.4674739017772438,1,0.6789765458397076,1,0.6789765458397076,2
1,1,0.5198141804860583,1,0.5917362932654379,1,0.7079508020403381,1,0.7079508020403381,2
0,0,0.47486694456137885,1,0.5524697461376967,1,0.6836175214176071,1,0.6836175214176071,2
1,0,0.498528961710473,0,0.4867451022882291,1,0.5471057479790904,0,0.498528961710473,0
0,1,0.592310915275201,0,0.48105441170349683,1,0.6489637028423018,1,0.6489637028423018,2
1,1,0.5051164708307565,0,0.3980295371586666,0,0.41271988204776444,0,0.3980295371586666,1
0,1,0.6144440538757309,0,0.49369803677516744,1,0.5988369597057539,1,0.6144440538757309,0
0,1,0.5084336420206923,1,0.5379430175092166,1,0.5790485505644805,1,0.5379430175092166,1
1,0,0.4599282472429176,0,0.4487185065144796,0,0.4427332926930399,0,0.4427332926930399,2
1,0,0.42429249254024554,0,0.41249421326468794,0,0.38965424737626214,0,0.41249421326468794,1
1,1,0.535889602557721,0,0.4332602361386781,1,0.5261318561494823,0,0.4332602361386781,1
1,1,0.5086634953316138,1,0.5960702494214464,1,0.7521085429573365,1,0.7521085429573365,2
1,1,0.5418604784726962,1,0.5883417903579972,1,0.6314265849004749,1,0.6314265849004749,2
1,0,0.4942142151916587,1,0.6147780281665118,0,0.4546824561492369,0,0.4546824561492369,2
0,0,0.4468372310646746,1,0.5977828425332142,1,0.6110568911774962,1,0.6110568911774962,2
1,0,0.4445724141929499,1,0.5334710171371775,0,0.40324188582366033,0,0.4445724141929499,0
1,0,0.49009460263325677,1,0.5603987520430757,1,0.5288055347747629,0,0.49009460263325677,0
1,0,0.4921689971136663,1,0.6254210604177822,1,0.5036610757429254,1,0.5036610757429254,2
1,0,0.4941943739218175,1,0.5017294196578301,1,0.6338754107583408,1,0.6338754107583408,2
0,0,0.41024084249084247,0,0.42001385818755155,0,0.3781296842974386,0,0.3781296842974386,2
0,0,0.4982194379009492,0,0.4548401122437651,1,0.5706655058313753,1,0.5706655058313753,2
0,1,0.5015084281765466,0,0.4332015718611935,1,0.5595167997763052,0,0.4332015718611935,1
0,1,0.5250321358110613,0,0.4332048713563794,1,0.6736602061229561,0,0.4332048713563794,1
0,1,0.5341147688642827,0,0.4668771645344165,1,0.5955769811265252,1,0.5341147688642827,0
0,1,0.5573519429005638,1,0.5119564391232582,0,0.4311886289334656,1,0.5573519429005638,0
1,1,0.563601008206597,0,0.4432269207954629,0,0.25577987204202873,0,0.4432269207954629,1
0,0,0.43753932050311994,0,0.4908164113180213,1,0.5507611953989682,0,0.4908164113180213,1
0,0,0.47450449463247324,0,0.42282900111062766,0,0.29398501449201336,0,0.42282900111062766,1
0,0,0.46586414375528024,0,0.45966244527283573,1,0.5607342904890885,0,0.45966244527283573,1
1,0,0.4719246446797196,1,0.5214928319674754,0,0.3424675748910923,1,0.5214928319674754,1
1,0,0.3786668411600477,1,0.5676069937640577,0,0.4613142888604922,1,0.5676069937640577,1
0,0,0.4391287850132959,1,0.6812761270112239,1,0.8174909049556933,1,0.6812761270112239,1
1,0,0.42193125218761657,1,0.659192835315015,1,0.7573106712460479,1,0.659192835315015,1
1,0,0.474171067507041,1,0.5252656993146883,1,0.6861416407983598,1,0.5252656993146883,1
0,0,0.3686809810646746,1,0.5975686286638883,1,0.7715202040013601,1,0.5975686286638883,1
1,0,0.4408069280343716,1,0.6518450873079253,1,0.790011300133291,1,0.6518450873079253,1
1,1,0.5062318317570931,1,0.689447602689788,0,0.39188419799465946,1,0.689447602689788,1
0,1,0.5101139455782312,1,0.6177356141869931,0,0.4927881073511278,1,0.6177356141869931,1
1,0,0.49270368916797486,0,0.42852254884933005,0,0.2566697269612229,0,0.42852254884933005,1
0,1,0.5321196324395071,0,0.4204900890764005,0,0.34496482291183567,1,0.5321196324395071,0
0,1,0.560206221800775,1,0.5514404175023919,1,0.5059137750016688,1,0.5514404175023919,1
1,0,0.4357504719188238,1,0.5251995018065295,1,0.6426329023337147,1,0.6426329023337147,2
0,0,0.4993027102185746,1,0.5757081642450943,1,0.5910766385902412,1,0.5910766385902412,2
0,1,0.5175346981093,1,0.5366264591424913,1,0.7063055129999286,1,0.5366264591424913,1
0,1,0.550017871186223,1,0.5347270703773607,1,0.6454530485103849,1,0.6454530485103849,2
0,1,0.5805180751787895,0,0.38773218664443626,0,0.3680529953004676,1,0.5805180751787895,0
1,1,0.543528324015166,0,0.3680132818477567,0,0.2746967946054747,0,0.2746967946054747,2
0,1,0.5272062894130488,0,0.3104841813186562,0,0.25616486901472557,0,0.3104841813186562,1
0,1,0.5608433512759171,0,0.32720862554020413,0,0.1816889081033759,0,0.32720862554020413,1
1,0,0.49398693379790937,1,0.554954828662577,0,0.2616656845435337,1,0.554954828662577,1
0,0,0.491401899784304,1,0.6485875401744081,1,0.5314375670860936,1,0.6485875401744081,1
0,1,0.5175459183673469,0,0.3969808551310989,0,0.2859674598117243,0,0.2859674598117243,2
0,0,0.4902868359129608,0,0.337587626683602,0,0.3081017247901482,0,0.3081017247901482,2
0,0,0.48511054421768707,0,0.44979343950518447,0,0.2839060013963666,0,0.2839060013963666,2
0,1,0.5301402192218688,1,0.51178044830986,0,0.39123032817621245,0,0.39123032817621245,2
0,0,0.46357490952874225,1,0.6344903603448496,0,0.4765288140802129,0,0.4765288140802129,2
1,0,0.4473249095287422,1,0.6580276862939403,0,0.4747246466858826,0,0.4747246466858826,2
1,1,0.5044880782053037,1,0.6010716030653542,0,0.47530713025159615,0,0.47530713025159615,2
0,0,0.4910972552666631,1,0.5615350555953853,1,0.5852538638159621,1,0.5852538638159621,2
0,1,0.5476387541030397,1,0.5670100582627352,1,0.5092390399298032,1,0.5092390399298032,2
0,1,0.5606996400945097,0,0.4141206478903856,0,0.4499189292350187,0,0.4141206478903856,1
1,0,0.4733992851546032,0,0.3524273315868915,0,0.4749164380697943,0,0.3524273315868915,1
1,0,0.4837016329795074,0,0.36524520465983884,0,0.3383222679054334,0,0.36524520465983884,1
0,0,0.48391186718974166,0,0.48735954015652716,0,0.44643538758994694,0,0.48735954015652716,1
0,1,0.5522057948803305,0,0.4541069059892589,0,0.38053098061717655,0,0.4541069059892589,1
0,1,0.5831775258732494,0,0.4882260435732331,0,0.3242082267742988,0,0.3242082267742988,2
1,1,0.5077344036206903,1,0.5461744287186473,0,0.3404830681343682,1,0.5077344036206903,0
0,0,0.4978911096639827,0,0.48255696271697085,0,0.3272222495978327,0,0.4978911096639827,0
0,1,0.5554573863636363,1,0.5205808356524642,0,0.3580227810364822,1,0.5554573863636363,0
0,1,0.5009508431189614,0,0.4589001063527528,0,0.4167620239889349,1,0.5009508431189614,0
0,0,0.49543974699052656,1,0.5791915698680404,0,0.3075408691861493,0,0.49543974699052656,0
0,1,0.5494635710201493,0,0.17770656216717615,0,0.133135736845547,1,0.5494635710201493,0
1,0,0.46144025290405244,0,0.229899419841839,0,0.12196883532068085,0,0.12196883532068085,2
0,0,0.42997561262117473,0,0.29434554943981867,0,0.11136693236943973,0,0.11136693236943973,2
0,0,0.48962407785103523,0,0.27747575989565687,0,0.159769677664946,0,0.48962407785103523,0
0,0,0.46052444315242175,0,0.2580894366017705,0,0.09771848206083293,0,0.46052444315242175,0
0,1,0.543354336237563,0,0.33890155632145336,0,0.17612594143349528,1,0.543354336237563,0
0,1,0.5997739973852191,0,0.2875961348914952,0,0.25340200981173133,1,0.5997739973852191,0
1,1,0.6014061972568815,0,0.24352866633236922,0,0.12975240522823991,1,0.6014061972568815,0
1,1,0.5155372184885881,0,0.2817754775290955,0,0.2221136510719933,1,0.5155372184885881,0
1,1,0.511638452487349,0,0.3055693190099025,0,0.1294979178161463,1,0.511638452487349,0
1,0,0.40606339723151563,0,0.2548883926925261,0,0.18412114882718367,0,0.40606339723151563,0
1,0,0.4813374830374276,0,0.40985301325085927,0,0.2764556078447572,0,0.40985301325085927,1
1,0,0.4104955707127963,1,0.5131149774771092,0,0.41200062973514257,0,0.4104955707127963,0
1,0,0.49570815574680993,0,0.48254609466315257,0,0.3153240814962881,0,0.3153240814962881,2
0,0,0.46916466404835755,0,0.3768711315528164,0,0.27621227689802663,0,0.3768711315528164,1
1,0,0.47594611747137877,0,0.27817542086841596,0,0.3266082075339865,0,0.27817542086841596,1
0,0,0.47548683716834844,0,0.46062370319555457,0,0.48334658221690513,0,0.47548683716834844,0
1,0,0.46977255145406277,0,0.4642658518182128,1,0.5290522671868212,0,0.4642658518182128,1
0,0,0.47548683716834844,0,0.47111243668428804,0,0.38414016971276604,0,0.47111243668428804,1
1,0,0.4477286001122937,0,0.48766912746976443,1,0.5693496563074206,0,0.4477286001122937,0
0,1,0.5028689509894867,1,0.5238059447272286,1,0.6817601936218131,1,0.5238059447272286,1
