seed,window,model,f1,precision,recall,accuracy,auc
42,0,RandomForest,0.842809364548495,0.8289473684210527,0.8571428571428571,0.812,0.8925351694075688
42,0,ExtraTrees,0.8499156829679595,0.842809364548495,0.8571428571428571,0.822,0.8975794201175615
42,0,GradientBoosting,0.8417508417508418,0.8333333333333334,0.8503401360544217,0.812,0.8849564097483653
42,1,RandomForest,0.5429362880886427,0.9607843137254902,0.3783783783783784,0.67,0.8785866482961919
42,1,ExtraTrees,0.5469613259668509,0.9611650485436893,0.38223938223938225,0.672,0.8813502298979476
42,1,GradientBoosting,0.5636856368563685,0.9454545454545454,0.4015444015444015,0.678,0.8705201941716465
42,2,RandomForest,0.8621495327102804,0.984,0.7671517671517671,0.764,0.869022869022869
42,2,ExtraTrees,0.8944381384790011,0.985,0.8191268191268192,0.814,0.8953933690775797
42,2,GradientBoosting,0.8763005780346821,0.9869791666666666,0.7879417879417879,0.786,0.8699529489003173
42,3,RandomForest,0.7525773195876289,0.7373737373737373,0.7684210526315789,0.808,0.8966383701188456
42,3,ExtraTrees,0.7821782178217822,0.7383177570093458,0.8315789473684211,0.824,0.9059932088285229
42,3,GradientBoosting,0.7379134860050891,0.7142857142857143,0.7631578947368421,0.794,0.8868166383701188
42,4,RandomForest,0.8698630136986302,0.7696969696969697,1.0,0.772,0.7798694280861951
42,4,ExtraTrees,0.867579908675799,0.7676767676767676,0.9973753280839895,0.768,0.8180595072674739
42,4,GradientBoosting,0.8685714285714285,0.7692307692307693,0.9973753280839895,0.77,0.7572840159685922
42,5,RandomForest,0.8533333333333334,0.7521367521367521,0.9859943977591037,0.758,0.7946759123229712
42,5,ExtraTrees,0.8613138686131386,0.7612903225806451,0.9915966386554622,0.772,0.8398072515719576
42,5,GradientBoosting,0.8567961165048543,0.7558886509635975,0.988795518207283,0.764,0.809915574621457
42,6,RandomForest,0.7379310344827587,0.6645962732919255,0.8294573643410853,0.696,0.7587129220321608
42,6,ExtraTrees,0.7287581699346405,0.6299435028248588,0.8643410852713178,0.668,0.7899609199820619
42,6,GradientBoosting,0.7332242225859247,0.6345609065155807,0.8682170542635659,0.674,0.7726391825229035
42,7,RandomForest,0.865979381443299,0.865979381443299,0.865979381443299,0.844,0.9173777931238594
42,7,ExtraTrees,0.880672268907563,0.8618421052631579,0.9003436426116839,0.858,0.9216034462914551
42,7,GradientBoosting,0.872852233676976,0.872852233676976,0.872852233676976,0.852,0.9174928887354281
42,8,RandomForest,0.856682769726248,0.8896321070234113,0.8260869565217391,0.822,0.8906326331216412
42,8,ExtraTrees,0.8471337579617835,0.869281045751634,0.8260869565217391,0.808,0.8940261009142298
42,8,GradientBoosting,0.8525641025641025,0.8807947019867549,0.8260869565217391,0.816,0.890955405122479
42,9,RandomForest,0.694006309148265,0.9243697478991597,0.5555555555555556,0.806,0.9102699177202488
42,9,ExtraTrees,0.7070063694267515,0.9568965517241379,0.5606060606060606,0.816,0.9290086293397553
42,9,GradientBoosting,0.7116564417177914,0.90625,0.5858585858585859,0.812,0.9220850893036322
42,10,RandomForest,0.9330085261875761,0.9075829383886256,0.9598997493734336,0.89,0.9341671009206183
42,10,ExtraTrees,0.9320388349514563,0.9035294117647059,0.9624060150375939,0.888,0.9395022208987815
42,10,GradientBoosting,0.9326805385556916,0.9114832535885168,0.9548872180451128,0.89,0.9330876696692225
42,11,RandomForest,0.8613445378151261,0.8686440677966102,0.8541666666666666,0.868,0.9382692307692307
42,11,ExtraTrees,0.8765957446808511,0.8956521739130435,0.8583333333333333,0.884,0.9454967948717948
42,11,GradientBoosting,0.8559139784946237,0.8844444444444445,0.8291666666666667,0.866,0.9353125
42,12,RandomForest,0.9113149847094801,0.952076677316294,0.873900293255132,0.884,0.9512532507054724
42,12,ExtraTrees,0.904320987654321,0.9543973941368078,0.8592375366568915,0.876,0.950718382854719
42,12,GradientBoosting,0.911042944785276,0.954983922829582,0.8709677419354839,0.884,0.946236559139785
42,13,RandomForest,0.8688118811881188,0.7941176470588235,0.9590163934426229,0.788,0.8036559008237499
42,13,ExtraTrees,0.87,0.8018433179723502,0.9508196721311475,0.792,0.8059701492537312
42,13,GradientBoosting,0.8691358024691358,0.7927927927927928,0.9617486338797814,0.788,0.7939095506076176
42,14,RandomForest,0.6844919786096256,0.649746192893401,0.7231638418079096,0.764,0.820468419303493
42,14,ExtraTrees,0.6789473684210526,0.6354679802955665,0.7288135593220338,0.756,0.8278497839813892
42,14,GradientBoosting,0.6736292428198434,0.6262135922330098,0.7288135593220338,0.75,0.8151073096499973
42,15,RandomForest,0.9607182940516273,0.9749430523917996,0.9469026548672567,0.93,0.9538624631268436
42,15,ExtraTrees,0.9572072072072072,0.9747706422018348,0.9402654867256637,0.924,0.9556139380530974
42,15,GradientBoosting,0.9518477043673013,0.963718820861678,0.9402654867256637,0.914,0.9420400073746312
43,0,RandomForest,0.8415672913117547,0.8151815181518152,0.8697183098591549,0.814,0.8794177099634845
43,0,ExtraTrees,0.8304498269896193,0.8163265306122449,0.8450704225352113,0.804,0.8818792383933229
43,0,GradientBoosting,0.841025641025641,0.8172757475083057,0.8661971830985915,0.814,0.8781624934793948
43,1,RandomForest,0.6119402985074627,0.7454545454545455,0.5189873417721519,0.792,0.8355355688800059
43,1,ExtraTrees,0.6466165413533834,0.7962962962962963,0.5443037974683544,0.812,0.8425679176845067
43,1,GradientBoosting,0.6231884057971014,0.7288135593220338,0.5443037974683544,0.792,0.8373399215337923
43,2,RandomForest,0.8600508905852418,0.9209809264305178,0.8066825775656324,0.78,0.8071540116090634
43,2,ExtraTrees,0.8729559748427673,0.9228723404255319,0.8281622911694511,0.798,0.8177023483308289
43,2,GradientBoosting,0.8622448979591837,0.9260273972602739,0.8066825775656324,0.784,0.8152862488582457
43,3,RandomForest,0.8516129032258064,0.9166666666666666,0.7951807228915663,0.862,0.9256788108609737
43,3,ExtraTrees,0.8479657387580299,0.908256880733945,0.7951807228915663,0.858,0.9301428822861165
43,3,GradientBoosting,0.8372093023255814,0.8839285714285714,0.7951807228915663,0.846,0.9173666778668457
43,4,RandomForest,0.8438438438438438,0.9183006535947712,0.7805555555555556,0.792,0.8606349206349205
43,4,ExtraTrees,0.8323170731707317,0.9222972972972973,0.7583333333333333,0.78,0.8718849206349206
43,4,GradientBoosting,0.8238805970149253,0.8903225806451613,0.7666666666666667,0.764,0.849156746031746
43,5,RandomForest,0.8586666666666667,0.7853658536585366,0.9470588235294117,0.788,0.8085753676470587
43,5,ExtraTrees,0.8619246861924686,0.8196286472148541,0.9088235294117647,0.802,0.8293014705882353
43,5,GradientBoosting,0.8450704225352113,0.8108108108108109,0.8823529411764706,0.78,0.8204411764705883
43,6,RandomForest,0.7331378299120235,0.8169934640522876,0.6648936170212766,0.818,0.8894997954173485
43,6,ExtraTrees,0.6431095406360424,0.9578947368421052,0.48404255319148937,0.798,0.9107849154391707
43,6,GradientBoosting,0.6462585034013606,0.8962264150943396,0.5053191489361702,0.792,0.8840101609383525
43,7,RandomForest,0.963758389261745,0.9808743169398907,0.9472295514511874,0.946,0.9756100220240301
43,7,ExtraTrees,0.9585006693440429,0.9728260869565217,0.9445910290237467,0.938,0.975359253363571
43,7,GradientBoosting,0.9665327978580991,0.9809782608695652,0.9525065963060686,0.95,0.9725135742166205
43,8,RandomForest,0.8538681948424068,0.8209366391184573,0.8895522388059701,0.796,0.8399457259158752
43,8,ExtraTrees,0.8542568542568543,0.8268156424581006,0.8835820895522388,0.798,0.855359565807327
43,8,GradientBoosting,0.851063829787234,0.8108108108108109,0.8955223880597015,0.79,0.8415829941203076
43,9,RandomForest,0.72,0.7659574468085106,0.6792452830188679,0.832,0.8692709197882662
43,9,ExtraTrees,0.7333333333333333,0.7801418439716312,0.6918238993710691,0.84,0.8897434478688283
43,9,GradientBoosting,0.7181208053691275,0.7697841726618705,0.6729559748427673,0.832,0.874960807097143
43,10,RandomForest,0.8931818181818182,0.9247058823529412,0.8637362637362638,0.812,0.7353113553113553
43,10,ExtraTrees,0.8979591836734694,0.927400468384075,0.8703296703296703,0.82,0.7686935286935287
43,10,GradientBoosting,0.8962371721778791,0.9312796208530806,0.8637362637362638,0.818,0.7460805860805861
43,11,RandomForest,0.732,0.7065637065637066,0.7593360995850622,0.732,0.8061968310930966
43,11,ExtraTrees,0.7313131313131314,0.7125984251968503,0.7510373443983402,0.734,0.8230827151988978
43,11,GradientBoosting,0.736,0.7104247104247104,0.7634854771784232,0.736,0.8112513817908007
43,12,RandomForest,0.902834008097166,0.9214876033057852,0.8849206349206349,0.904,0.9630216333845366
43,12,ExtraTrees,0.8952772073921971,0.9276595744680851,0.8650793650793651,0.898,0.9696460573476703
43,12,GradientBoosting,0.8857142857142857,0.9117647058823529,0.8611111111111112,0.888,0.960533474142345
43,13,RandomForest,0.9414316702819957,0.9908675799086758,0.8966942148760331,0.892,0.8728047520661157
43,13,ExtraTrees,0.9405405405405406,0.9863945578231292,0.8987603305785123,0.89,0.8463326446280992
43,13,GradientBoosting,0.9359391965255157,0.9862700228832952,0.890495867768595,0.882,0.8737086776859504
43,14,RandomForest,0.7359550561797753,0.9812734082397003,0.5887640449438202,0.624,0.8663125638406538
43,14,ExtraTrees,0.850253807106599,0.9766763848396501,0.7528089887640449,0.764,0.8882533197139939
43,14,GradientBoosting,0.762550881953867,0.9623287671232876,0.6314606741573033,0.65,0.8461287027579162
43,15,RandomForest,0.8235294117647058,0.7368421052631579,0.9333333333333333,0.772,0.9022603019175848
43,15,ExtraTrees,0.8553054662379421,0.7893175074183977,0.9333333333333333,0.82,0.9114157486740105
43,15,GradientBoosting,0.8301886792452831,0.7521367521367521,0.9263157894736842,0.784,0.9034353325173399
44,0,RandomForest,0.8489932885906041,0.8241042345276873,0.8754325259515571,0.82,0.8942586792174355
44,0,ExtraTrees,0.8494983277591973,0.8220064724919094,0.8788927335640139,0.82,0.8978500795355779
44,0,GradientBoosting,0.8442211055276382,0.8181818181818182,0.8719723183391004,0.814,0.89825185719674
44,1,RandomForest,0.627831715210356,0.8508771929824561,0.49743589743589745,0.77,0.8617654476670871
44,1,ExtraTrees,0.6258064516129033,0.8434782608695652,0.49743589743589745,0.768,0.859588062211013
44,1,GradientBoosting,0.6261980830670927,0.8305084745762712,0.5025641025641026,0.766,0.8538209331651955
44,2,RandomForest,0.9680082559339526,0.9398797595190381,0.997872340425532,0.938,0.7994326241134753
44,2,ExtraTrees,0.9680082559339526,0.9398797595190381,0.997872340425532,0.938,0.8166666666666667
44,2,GradientBoosting,0.9680082559339526,0.9398797595190381,0.997872340425532,0.938,0.7096099290780141
44,3,RandomForest,0.8283093053735255,0.8186528497409327,0.8381962864721485,0.738,0.7497573914731189
44,3,ExtraTrees,0.7789473684210526,0.8993055555555556,0.6870026525198939,0.706,0.7887041469884195
44,3,GradientBoosting,0.8272383354350568,0.7884615384615384,0.870026525198939,0.726,0.6242694787690583
44,4,RandomForest,0.8888888888888888,0.875,0.9032258064516129,0.902,0.9505707446548665
44,4,ExtraTrees,0.8842592592592593,0.8883720930232558,0.880184331797235,0.9,0.9527446222989367
44,4,GradientBoosting,0.871331828442438,0.8539823008849557,0.8894009216589862,0.886,0.9466300825584992
44,5,RandomForest,0.9014396456256921,0.9878640776699029,0.8289205702647657,0.822,0.8314098212265217
44,5,ExtraTrees,0.9038674033149171,0.9879227053140096,0.8329938900203666,0.826,0.8431771894093686
44,5,GradientBoosting,0.9074889867841409,0.988009592326139,0.8391038696537678,0.832,0.7889794071056799
44,6,RandomForest,0.6987179487179487,0.8650793650793651,0.5860215053763441,0.812,0.8943137456338607
44,6,ExtraTrees,0.7220447284345048,0.889763779527559,0.6075268817204301,0.826,0.9055715361961509
44,6,GradientBoosting,0.6951219512195121,0.8028169014084507,0.6129032258064516,0.8,0.8784073008698035
44,7,RandomForest,0.8646864686468647,0.8136645962732919,0.9225352112676056,0.836,0.9073666536254564
44,7,ExtraTrees,0.8701298701298701,0.8072289156626506,0.9436619718309859,0.84,0.9191770996348462
44,7,GradientBoosting,0.8599670510708401,0.8080495356037152,0.9190140845070423,0.83,0.9113116197183099
44,8,RandomForest,0.9046941678520626,0.8617886178861789,0.9520958083832335,0.866,0.9036324940480486
44,8,ExtraTrees,0.8971428571428571,0.8579234972677595,0.9401197604790419,0.856,0.9068609768414978
44,8,GradientBoosting,0.9072753209700428,0.8664850136239782,0.9520958083832335,0.87,0.904543322992569
44,9,RandomForest,0.6611111111111111,0.5804878048780487,0.7677419354838709,0.756,0.8397475455820477
44,9,ExtraTrees,0.650137741046832,0.5673076923076923,0.7612903225806451,0.746,0.8446750818139317
44,9,GradientBoosting,0.6464088397790055,0.5652173913043478,0.7548387096774194,0.744,0.8405890603085553
44,10,RandomForest,0.9078651685393259,0.9901960784313726,0.8381742738589212,0.836,0.8895804518211158
44,10,ExtraTrees,0.9283351708930541,0.9905882352941177,0.8734439834024896,0.87,0.8756339326878746
44,10,GradientBoosting,0.9090909090909091,0.9902200488997555,0.8402489626556017,0.838,0.8749423697556478
44,11,RandomForest,0.8715447154471545,0.8874172185430463,0.8562300319488818,0.842,0.8673950556115563
44,11,ExtraTrees,0.883495145631068,0.8950819672131147,0.8722044728434505,0.856,0.9079633014983512
44,11,GradientBoosting,0.6765799256505576,0.8088888888888889,0.5814696485623003,0.652,0.8268268097247613
44,12,RandomForest,0.8093023255813954,0.7945205479452054,0.8246445497630331,0.836,0.9193902819003263
44,12,ExtraTrees,0.8120649651972158,0.7954545454545454,0.8293838862559242,0.838,0.9238590334377409
44,12,GradientBoosting,0.8093023255813954,0.7945205479452054,0.8246445497630331,0.836,0.9186933206513717
44,13,RandomForest,0.903954802259887,0.8528784648187633,0.9615384615384616,0.83,0.6855969551282052
44,13,ExtraTrees,0.9133858267716536,0.8583509513742071,0.9759615384615384,0.846,0.7603594322344321
44,13,GradientBoosting,0.9178852643419573,0.8625792811839323,0.9807692307692307,0.854,0.7895776098901099
44,14,RandomForest,0.7272727272727273,0.74,0.714975845410628,0.778,0.8559463158068291
44,14,ExtraTrees,0.7248908296943232,0.6613545816733067,0.8019323671497585,0.748,0.8623600600154986
44,14,GradientBoosting,0.7325301204819277,0.7307692307692307,0.7342995169082126,0.778,0.8623023528053948
44,15,RandomForest,0.9386590584878745,0.9481268011527377,0.9293785310734464,0.914,0.9701648479219875
44,15,ExtraTrees,0.9472182596291013,0.9567723342939481,0.9378531073446328,0.926,0.975872610479065
44,15,GradientBoosting,0.9358059914407989,0.9452449567723343,0.9265536723163842,0.91,0.9699229935763484
45,0,RandomForest,0.8612903225806452,0.8317757009345794,0.8929765886287625,0.828,0.8586914923709213
45,0,ExtraTrees,0.8533333333333334,0.8504983388704319,0.8561872909698997,0.824,0.8627764189088005
45,0,GradientBoosting,0.8403908794788274,0.819047619047619,0.862876254180602,0.804,0.8548228755886123
45,1,RandomForest,0.764179104477612,0.927536231884058,0.649746192893401,0.842,0.9404935417399608
45,1,ExtraTrees,0.7092651757188498,0.9568965517241379,0.5634517766497462,0.818,0.9448995660987418
45,1,GradientBoosting,0.7485029940119761,0.9124087591240876,0.6345177664974619,0.832,0.9408621065152202
45,2,RandomForest,0.8360450563204005,0.8978494623655914,0.7822014051522248,0.738,0.7503448718360014
45,2,ExtraTrees,0.8539877300613496,0.8969072164948454,0.8149882903981265,0.762,0.7598729588399473
45,2,GradientBoosting,0.8377358490566038,0.904891304347826,0.7798594847775175,0.742,0.7484681274261333
45,3,RandomForest,0.7688442211055276,0.7846153846153846,0.7536945812807881,0.816,0.8562969597452357
45,3,ExtraTrees,0.7711442786069652,0.7788944723618091,0.7635467980295566,0.816,0.8591414970725315
45,3,GradientBoosting,0.7582697201017812,0.7842105263157895,0.7339901477832512,0.81,0.8577731336352026
45,4,RandomForest,0.8878718535469108,0.8818181818181818,0.8940092165898618,0.902,0.9583625083454104
45,4,ExtraTrees,0.8824833702882483,0.8504273504273504,0.9170506912442397,0.894,0.9631173568253245
45,4,GradientBoosting,0.8758465011286681,0.8584070796460177,0.8940092165898618,0.89,0.9581671036133591
45,5,RandomForest,0.9437706725468578,0.9204301075268817,0.9683257918552036,0.898,0.7246060227804649
45,5,ExtraTrees,0.9463307776560789,0.9171974522292994,0.9773755656108597,0.902,0.8689538149477298
45,5,GradientBoosting,0.9449339207048458,0.9206008583690987,0.9705882352941176,0.9,0.8050397877984083
45,6,RandomForest,0.6177215189873417,0.5674418604651162,0.6777777777777778,0.698,0.7557118055555556
45,6,ExtraTrees,0.625,0.5681818181818182,0.6944444444444444,0.7,0.7791145833333334
45,6,GradientBoosting,0.6102564102564103,0.5666666666666667,0.6611111111111111,0.696,0.7496961805555554
45,7,RandomForest,0.9048178613396005,0.9577114427860697,0.8574610244988864,0.838,0.8624830778636621
45,7,ExtraTrees,0.9058823529411765,0.9600997506234414,0.8574610244988864,0.84,0.8681601816673216
45,7,GradientBoosting,0.9118329466357309,0.9515738498789347,0.8752783964365256,0.848,0.8570679942355561
45,8,RandomForest,0.904320987654321,0.9184952978056427,0.8905775075987842,0.876,0.9346504559270516
45,8,ExtraTrees,0.9033232628398792,0.8978978978978979,0.9088145896656535,0.872,0.9388009029666364
45,8,GradientBoosting,0.8992248062015504,0.9177215189873418,0.8814589665653495,0.87,0.9294779501946355
45,9,RandomForest,0.6397306397306397,0.6643356643356644,0.6168831168831169,0.786,0.829498536145935
45,9,ExtraTrees,0.653968253968254,0.639751552795031,0.6688311688311688,0.782,0.8434239171233391
45,9,GradientBoosting,0.6258503401360545,0.6571428571428571,0.5974025974025974,0.78,0.8283537271976578
45,10,RandomForest,1.0,1.0,1.0,1.0,1.0
45,10,ExtraTrees,1.0,1.0,1.0,1.0,1.0
45,10,GradientBoosting,1.0,1.0,1.0,1.0,1.0
45,11,RandomForest,0.8477508650519031,0.8032786885245902,0.8974358974358975,0.824,0.9094495812557488
45,11,ExtraTrees,0.8424778761061947,0.815068493150685,0.8717948717948718,0.822,0.9132497458488648
45,11,GradientBoosting,0.8502581755593803,0.801948051948052,0.9047619047619048,0.826,0.912321892498104
45,12,RandomForest,0.90625,0.8957528957528957,0.9169960474308301,0.904,0.9602502760397497
45,12,ExtraTrees,0.9083665338645418,0.9156626506024096,0.9011857707509882,0.908,0.9634667392104463
45,12,GradientBoosting,0.902970297029703,0.9047619047619048,0.9011857707509882,0.902,0.962586612472196
45,13,RandomForest,0.8470588235294118,0.7732696897374701,0.9364161849710982,0.766,0.7911286690188425
45,13,ExtraTrees,0.847457627118644,0.7719714964370546,0.9393063583815029,0.766,0.8085353952405975
45,13,GradientBoosting,0.8370860927152318,0.7726161369193154,0.9132947976878613,0.754,0.8084603258013663
45,14,RandomForest,0.47438330170777987,0.984251968503937,0.3125,0.446,0.8037625
45,14,ExtraTrees,0.4924812030075188,0.9924242424242424,0.3275,0.46,0.845275
45,14,GradientBoosting,0.4181459566074951,0.9906542056074766,0.265,0.41,0.825025
45,15,RandomForest,0.9219143576826196,0.9104477611940298,0.9336734693877551,0.876,0.9179185563114136
45,15,ExtraTrees,0.9276485788113695,0.9397905759162304,0.9158163265306123,0.888,0.9318783068783069
45,15,GradientBoosting,0.9195402298850575,0.9207161125319693,0.9183673469387755,0.874,0.917434334845049
46,0,RandomForest,0.8673946957878315,0.8553846153846154,0.879746835443038,0.83,0.9001100715465052
46,0,ExtraTrees,0.8720379146919431,0.8706624605678234,0.8734177215189873,0.838,0.8984417996697853
46,0,GradientBoosting,0.8710691823899371,0.865625,0.8765822784810127,0.836,0.8963091634562466
46,1,RandomForest,0.7526315789473684,0.7647058823529411,0.7409326424870466,0.812,0.8686435671971781
46,1,ExtraTrees,0.7513513513513513,0.7853107344632768,0.7202072538860104,0.816,0.8769134698148553
46,1,GradientBoosting,0.7486631016042781,0.7734806629834254,0.7253886010362695,0.812,0.8616732207051356
46,2,RandomForest,0.8949416342412452,0.9175531914893617,0.8734177215189873,0.838,0.8869198312236288
46,2,ExtraTrees,0.9065300896286812,0.917098445595855,0.8962025316455696,0.854,0.8950693188667872
46,2,GradientBoosting,0.8862745098039215,0.9162162162162162,0.8582278481012658,0.826,0.8861000602772755
46,3,RandomForest,0.8551724137931035,0.9637305699481865,0.768595041322314,0.874,0.950108911525402
46,3,ExtraTrees,0.8526077097505669,0.9447236180904522,0.7768595041322314,0.87,0.9513421743865719
46,3,GradientBoosting,0.8558352402745996,0.958974358974359,0.7727272727272727,0.874,0.9525834454481389
46,4,RandomForest,0.7232472324723247,0.9514563106796117,0.5833333333333334,0.7,0.8257930458768873
46,4,ExtraTrees,0.7100371747211895,0.9455445544554455,0.5684523809523809,0.688,0.8526785714285715
46,4,GradientBoosting,0.7113594040968343,0.9502487562189055,0.5684523809523809,0.69,0.8485863095238095
46,5,RandomForest,0.8618090452261307,0.7795454545454545,0.9634831460674157,0.78,0.813816713483146
46,5,ExtraTrees,0.8654822335025381,0.7893518518518519,0.9578651685393258,0.788,0.8224680087390762
46,5,GradientBoosting,0.8600252206809584,0.7803203661327232,0.9578651685393258,0.778,0.8170743601747816
46,6,RandomForest,0.5821325648414986,0.6352201257861635,0.5372340425531915,0.71,0.7517048554282597
46,6,ExtraTrees,0.5949008498583569,0.6363636363636364,0.5585106382978723,0.714,0.7711402073104201
46,6,GradientBoosting,0.5882352941176471,0.621301775147929,0.5585106382978723,0.706,0.7468715902891435
46,7,RandomForest,0.9427083333333334,0.923469387755102,0.9627659574468085,0.912,0.9604710020590252
46,7,ExtraTrees,0.9513797634691196,0.9402597402597402,0.9627659574468085,0.926,0.9795598833218944
46,7,GradientBoosting,0.9484808454425363,0.9422572178477691,0.9547872340425532,0.922,0.9703478894989704
46,8,RandomForest,0.8325508607198748,0.7732558139534884,0.9016949152542373,0.786,0.8526167837949565
46,8,ExtraTrees,0.831496062992126,0.7764705882352941,0.8949152542372881,0.786,0.8622571310458866
46,8,GradientBoosting,0.8268330733229329,0.7658959537572254,0.8983050847457628,0.778,0.8508143861099627
46,9,RandomForest,0.9102244389027432,0.9530026109660574,0.8711217183770883,0.856,0.8883290609623147
46,9,ExtraTrees,0.9183168316831684,0.9537275064267352,0.8854415274463007,0.868,0.920357111287899
46,9,GradientBoosting,0.8764331210191083,0.9398907103825137,0.8210023866348448,0.806,0.8547541176817232
46,10,RandomForest,0.9220636663007684,0.9722222222222222,0.8768267223382046,0.858,0.7966000596480763
46,10,ExtraTrees,0.9301310043668122,0.9748283752860412,0.8893528183716075,0.872,0.8269211651257581
46,10,GradientBoosting,0.9196919691969196,0.9720930232558139,0.872651356993737,0.854,0.8004771846107963
46,11,RandomForest,0.7470997679814385,0.6680497925311203,0.8473684210526315,0.782,0.8614940577249576
46,11,ExtraTrees,0.7576470588235295,0.6851063829787234,0.8473684210526315,0.794,0.8717317487266554
46,11,GradientBoosting,0.7344110854503464,0.654320987654321,0.8368421052631579,0.77,0.8574363327674023
46,12,RandomForest,0.8127659574468085,0.764,0.8681818181818182,0.824,0.9187256493506493
46,12,ExtraTrees,0.8438818565400844,0.7874015748031497,0.9090909090909091,0.852,0.9321915584415585
46,12,GradientBoosting,0.802547770700637,0.7529880478087649,0.8590909090909091,0.814,0.9173863636363637
46,13,RandomForest,0.9510022271714922,0.9384615384615385,0.963882618510158,0.912,0.9208744208150172
46,13,ExtraTrees,0.9495614035087719,0.9232409381663113,0.9774266365688488,0.908,0.9105381965070689
46,13,GradientBoosting,0.9503858875413451,0.9288793103448276,0.9729119638826185,0.91,0.9246960516415192
46,14,RandomForest,0.7256317689530686,0.6320754716981132,0.8516949152542372,0.696,0.7823253723677452
46,14,ExtraTrees,0.7253521126760564,0.6204819277108434,0.8728813559322034,0.688,0.7912333076527992
46,14,GradientBoosting,0.7272727272727273,0.6468646864686468,0.8305084745762712,0.706,0.7792276579352851
46,15,RandomForest,0.9427609427609428,0.9699769053117783,0.9170305676855895,0.898,0.9324183822000416
46,15,ExtraTrees,0.9374288964732651,0.9786223277909739,0.8995633187772926,0.89,0.9347057600332709
46,15,GradientBoosting,0.9411764705882353,0.9765258215962441,0.9082969432314411,0.896,0.9326523185693492
