drift_pct,bandit,cum_regret_bin_mean,cum_regret_bin_std,cum_regret_soft_mean,cum_regret_soft_std,tta_mean,tta_std,m1_pct_mean,m1_pct_std,m2_pct_mean,m2_pct_std,m3_pct_mean,m3_pct_std,f1_mean,f1_std,accuracy_mean,accuracy_std,roc_auc_mean,roc_auc_std,mean_gamma_mean,mean_gamma_std,m1_f1_mean,m1_f1_std,m2_f1_mean,m2_f1_std,m3_f1_mean,m3_f1_std
0.0,D-UCB,94.1,12.670613420211529,29.381883820806262,3.6064255818987863,229.6,94.57530802957444,36.777408637873755,5.978117889339867,32.55813953488372,5.175336188504065,30.664451827242527,2.9551718595443197,0.45540286503381644,0.07295665624019497,0.5209302325581395,0.028225084956055795,0.5172927443438179,0.029366873148809387,0.9800000000000001,0.0,0.4690005131816659,0.15658974401354436,0.42381620448211316,0.05535293723299458,0.4599846406482843,0.05674795622203939
0.0,DI-UCB,96.4,14.630257839301548,29.88732004944736,3.53275693935789,257.3,95.39397837972326,33.62126245847176,1.5723800087972406,33.68770764119601,2.102348168342731,32.691029900332225,1.644061444951993,0.4514901295903339,0.06613047979179916,0.5132890365448505,0.0387517789743581,0.5063086152386761,0.03235224228866153,0.8989967064234845,0.0008061183049476009,0.4690005131816659,0.15658974401354436,0.42381620448211316,0.05535293723299458,0.4599846406482843,0.05674795622203939
0.0,UCB1,93.0,13.67885635245546,29.044094678064244,3.4615956483523735,156.1,101.76164961975279,33.68770764119601,4.641132463715149,33.7873754152824,3.221240102891749,32.524916943521596,4.2845838245117704,0.4689644894923724,0.05637592514227334,0.5245847176079734,0.02641375933843642,0.5193590105418725,0.027728480634989946,1.0,0.0,0.4690005131816659,0.15658974401354436,0.42381620448211316,0.05535293723299458,0.4599846406482843,0.05674795622203939
0.1,D-UCB,98.2,10.336558636434296,29.68438561432213,3.3523957184197624,140.6,105.38205624193229,33.986710963455145,3.2097982951202813,33.88704318936877,3.9247054588414962,32.12624584717608,2.775406789598381,0.49793210361550627,0.06543702421836624,0.5176079734219269,0.029458196975717835,0.520390672839861,0.029592753725748717,0.9800000000000001,0.0,0.5550747007869241,0.10482237538781955,0.4356904377730146,0.07720605419794363,0.47281033113112214,0.03886677468513827
0.1,DI-UCB,95.8,9.186947262284681,29.66196524826172,3.412971389091971,298.6,7.589466384404113,32.89036544850499,2.4861510875574386,34.219269102990026,2.0238833756918115,32.89036544850498,1.6721670952980612,0.5030727429455214,0.05520057394543042,0.5255813953488372,0.018845667673251517,0.5226018103709995,0.03203960608847787,0.8835507577861976,0.0008304001211240474,0.5550747007869241,0.10482237538781955,0.4356904377730146,0.07720605419794363,0.47281033113112214,0.03886677468513827
0.1,UCB1,96.9,10.867382389517726,29.414076521070854,3.269005573139762,134.4,95.88789751000326,33.55481727574751,3.85216547750301,34.451827242524914,3.4313931861237976,31.993355481727576,3.077152542636214,0.4989595194600625,0.06370386854531276,0.5219269102990033,0.028981831877161985,0.5260945565218271,0.034090991782087667,1.0,0.0,0.5550747007869241,0.10482237538781955,0.4356904377730146,0.07720605419794363,0.47281033113112214,0.03886677468513827
0.2,D-UCB,101.2,9.366607354497859,30.8328215681182,4.499217665503051,180.5,104.71893599323646,33.12292358803987,3.186791440479763,33.62126245847176,5.105673282489667,33.25581395348837,5.0224872019641325,0.5065618233863185,0.05073042574880293,0.5093023255813953,0.02909164393315088,0.509037702856842,0.03173066215917457,0.9800000000000001,0.0,0.571633686098377,0.1144230205700943,0.43428356923948497,0.07474383983010167,0.47709467129810257,0.044592158648016314
0.2,DI-UCB,104.3,7.149980574954188,31.11805493776178,3.649436422338953,301.0,0.0,33.65448504983389,2.0602173931559626,33.2890365448505,2.0765226991511363,33.056478405315616,2.0791786661703857,0.4930081255282621,0.06063244957829722,0.4990033222591362,0.0245037726439678,0.49901574645109187,0.034100775776997355,0.8657029247547194,0.0007455196963706194,0.571633686098377,0.1144230205700943,0.43428356923948497,0.07474383983010167,0.47709467129810257,0.044592158648016314
0.2,UCB1,101.9,12.16963434126104,31.078407721386878,4.556707751411993,136.4,91.46486878699505,34.15282392026578,3.4089825308208064,33.754152823920265,1.6809449356376756,32.093023255813954,3.7134079953155195,0.5029481541193132,0.04888468370528362,0.5069767441860465,0.03801531702585434,0.5013106048945983,0.03613147570674647,1.0,0.0,0.571633686098377,0.1144230205700943,0.43428356923948497,0.07474383983010167,0.47709467129810257,0.044592158648016314
0.3,D-UCB,100.5,11.413929112175952,30.79977144675744,4.492547392723319,136.6,107.48250503634947,32.59136212624585,3.9135968201813705,34.18604651162791,4.76177599042968,33.222591362126245,3.871219998438212,0.49460484444322006,0.05795228761669435,0.5039867109634552,0.03540453899906106,0.49662485607449974,0.04071563024913012,0.9800000000000001,0.0,0.5450100746948613,0.16441526694946607,0.4476891598284589,0.07120667544512338,0.46199558914280436,0.03922084272962875
0.3,DI-UCB,100.0,13.719410418171119,30.15150976686279,4.7827595862622285,301.0,0.0,33.25581395348837,2.277356874231834,33.25581395348837,1.608238814667382,33.48837209302325,1.618500634015071,0.5035646103597051,0.05645843637081097,0.5056478405315614,0.04131135688209062,0.5081635435035456,0.04212255968069164,0.8522556861742908,0.000601779798903413,0.5450100746948613,0.16441526694946607,0.4476891598284589,0.07120667544512338,0.46199558914280436,0.03922084272962875
0.3,UCB1,101.2,11.886500279261716,30.999178864598015,4.229090492570142,104.7,84.36303824674773,32.62458471760797,2.818160151480396,34.71760797342193,4.809951025577853,32.6578073089701,4.753011345511614,0.49190558294885,0.07150076260080947,0.5016611295681063,0.024110233728767708,0.48934252928308924,0.02797045556661267,1.0,0.0,0.5450100746948613,0.16441526694946607,0.4476891598284589,0.07120667544512338,0.46199558914280436,0.03922084272962875
0.4,D-UCB,100.0,13.089435944047906,29.918106926280707,3.924758466573635,141.2,93.93236337327455,31.295681063122924,3.5152509080649303,34.38538205980066,4.237960823511066,34.31893687707641,4.093110745830164,0.49341067633283686,0.056686385530622795,0.5,0.02893100880977438,0.5025695103557735,0.02394665496683162,0.9800000000000001,0.0,0.523373136324935,0.1949931214480278,0.44941068132170614,0.06391468421059278,0.4676559220763713,0.04487318996226107
0.4,DI-UCB,100.1,11.464437767868658,30.105116375278648,4.13856796147841,301.0,0.0,32.691029900332225,1.1529935844802097,34.01993355481727,1.6139478805968264,33.2890365448505,1.2110939636316553,0.4941877126985026,0.07351000443305322,0.49966777408637875,0.0262624298698235,0.5031324702166279,0.02787827792484155,0.8433802239469328,0.0006068774092460574,0.523373136324935,0.1949931214480278,0.44941068132170614,0.06391468421059278,0.4676559220763713,0.04487318996226107
0.4,UCB1,101.3,15.613740387520501,30.40396904984928,4.8533861603244475,109.7,68.36511456063603,32.05980066445183,2.5167925088291265,33.754152823920265,1.7801578115092027,34.18604651162791,3.192174537965964,0.4888218027385798,0.07058537219692057,0.4956810631229236,0.03174259770072493,0.4969900166061175,0.029861776458186582,1.0,0.0,0.523373136324935,0.1949931214480278,0.44941068132170614,0.06391468421059278,0.4676559220763713,0.04487318996226107
0.5,D-UCB,101.3,14.719978864719126,30.039535877027397,4.416109961190217,145.1,95.75019582225406,32.159468438538205,3.6285532520526926,34.58471760797342,3.963417864030027,33.25581395348837,2.9568313693533694,0.49044338510788543,0.06555321130429137,0.49833887043189373,0.03060968983629071,0.4943662291211335,0.02249766032165258,0.9800000000000001,0.0,0.5243621239005158,0.20464919515165347,0.4507734087605055,0.050387986989726366,0.47078099587908306,0.04457463172103112
0.5,DI-UCB,98.2,14.257941257028971,29.26576853765574,3.6285025213849558,301.0,0.0,33.15614617940199,1.6260602297211644,34.119601328903656,1.3657677602056137,32.72425249169435,1.3126544397707332,0.5005971250133228,0.09693498050028446,0.5086378737541528,0.03969601529330073,0.5061095645339468,0.026010635641208736,0.8379193679929777,0.0004960989477523391,0.5243621239005158,0.20464919515165347,0.4507734087605055,0.050387986989726366,0.47078099587908306,0.04457463172103112
0.5,UCB1,96.7,10.842816362304891,29.46157324336225,5.08020063564047,142.7,59.862898916329364,31.960132890365447,3.4696009219784476,33.68770764119601,2.2760102021998017,34.352159468438536,2.0311417972288597,0.4969370333658577,0.08572921577285594,0.5136212624584717,0.01752384535535102,0.5051662906513571,0.024254332234973083,1.0,0.0,0.5243621239005158,0.20464919515165347,0.4507734087605055,0.050387986989726366,0.47078099587908306,0.04457463172103112
