seed,window_id,drift_type,disagreement_rf_et,disagreement_rf_gb,disagreement_et_gb,corr_rf_et,corr_rf_gb,corr_et_gb,f1_rf,f1_et,f1_gb,f1_ensemble,ensemble_gain
42,0,none,0.044,0.052,0.068,0.9773,0.9784,0.9713,0.6684,0.6895,0.6575,0.6684,-0.021
42,1,covariate,0.034,0.042,0.068,0.9756,0.9673,0.9545,0.7902,0.8,0.8063,0.7935,-0.0065
42,2,concept,0.044,0.062,0.058,0.9672,0.9712,0.9614,0.8099,0.8151,0.7916,0.8189,0.0038
42,3,mixed,0.036,0.034,0.054,0.9862,0.9785,0.9798,0.8685,0.864,0.8628,0.8708,0.0022
42,4,none,0.026,0.044,0.018,0.9878,0.9727,0.98,0.7055,0.7063,0.7031,0.7153,0.009
42,5,mixed,0.09,0.078,0.044,0.9155,0.9213,0.9016,0.8981,0.8928,0.8966,0.8926,-0.0055
42,6,none,0.048,0.022,0.054,0.9552,0.9239,0.8981,0.3636,0.4356,0.3077,0.3855,-0.0501
42,7,covariate,0.054,0.028,0.05,0.9829,0.9857,0.9839,0.7615,0.7674,0.7645,0.7677,0.0003
42,8,concept,0.078,0.054,0.048,0.9692,0.9617,0.9734,0.7882,0.7966,0.7991,0.7991,0.0025
42,9,covariate,0.042,0.062,0.06,0.9798,0.9613,0.9508,0.7417,0.7461,0.7328,0.7389,-0.0072
42,10,concept,0.04,0.054,0.042,0.9778,0.9733,0.9755,0.8055,0.8016,0.7903,0.7897,-0.0158
42,11,covariate,0.052,0.074,0.05,0.9771,0.9099,0.8906,0.7684,0.7647,0.7709,0.7664,-0.002
42,12,mixed,0.034,0.03,0.016,0.9858,0.992,0.9908,0.9331,0.9101,0.9181,0.919,-0.0141
42,13,mixed,0.068,0.056,0.076,0.9692,0.9679,0.9642,0.8525,0.8638,0.8533,0.8618,-0.0021
42,14,none,0.03,0.012,0.038,0.9349,0.922,0.8667,0.2887,0.3214,0.2796,0.3061,-0.0153
42,15,concept,0.028,0.042,0.058,0.9832,0.983,0.9716,0.905,0.9116,0.8922,0.9121,0.0004
43,0,none,0.066,0.056,0.082,0.9733,0.9746,0.9608,0.6415,0.6632,0.6316,0.6488,-0.0144
43,1,mixed,0.132,0.096,0.176,0.9407,0.938,0.903,0.6405,0.5704,0.6667,0.6787,0.0382
43,2,covariate,0.116,0.068,0.096,0.9495,0.9659,0.9494,0.7469,0.7532,0.7442,0.7473,-0.0059
43,3,concept,0.042,0.04,0.046,0.9802,0.9677,0.9764,0.7167,0.7938,0.7333,0.75,-0.0438
43,4,none,0.012,0.018,0.022,0.9868,0.974,0.9676,0.7015,0.6992,0.6943,0.694,-0.0075
43,5,mixed,0.022,0.008,0.022,0.97,0.9514,0.9596,0.966,0.9645,0.9613,0.9637,-0.0023
43,6,covariate,0.124,0.116,0.1,0.9514,0.933,0.9577,0.6733,0.6825,0.6536,0.6829,0.0004
43,7,mixed,0.026,0.04,0.038,0.9919,0.9816,0.986,0.9002,0.8984,0.8898,0.8972,-0.003
43,8,none,0.034,0.058,0.052,0.9843,0.9555,0.9646,0.6545,0.6752,0.656,0.6736,-0.0016
43,9,covariate,0.044,0.038,0.046,0.9791,0.9626,0.9714,0.5482,0.5198,0.5275,0.5376,-0.0106
43,10,concept,0.05,0.078,0.08,0.972,0.9497,0.9643,0.8507,0.8707,0.8166,0.8534,-0.0172
43,11,none,0.024,0.038,0.042,0.989,0.9722,0.9796,0.6609,0.6695,0.678,0.661,-0.0084
43,12,covariate,0.036,0.026,0.014,0.9888,0.9854,0.9882,0.8125,0.8166,0.8222,0.8232,0.0066
43,13,concept,0.042,0.052,0.058,0.9674,0.9459,0.9559,0.8015,0.817,0.7803,0.8075,-0.0095
43,14,concept,0.012,0.036,0.036,0.9764,0.922,0.9281,0.4667,0.5217,0.4186,0.5,-0.0217
43,15,mixed,0.07,0.08,0.034,0.9843,0.9791,0.9804,0.9382,0.9146,0.9076,0.9224,-0.0158
44,0,none,0.074,0.046,0.08,0.9716,0.9838,0.9658,0.6295,0.6771,0.6257,0.654,-0.0231
44,1,covariate,0.044,0.036,0.048,0.9755,0.9607,0.9482,0.5756,0.5538,0.5584,0.5657,-0.01
44,2,none,0.068,0.046,0.066,0.9756,0.9788,0.9681,0.6771,0.6893,0.6712,0.6786,-0.0108
44,3,concept,0.05,0.026,0.048,0.9815,0.9834,0.9716,0.7968,0.7984,0.7833,0.8016,0.0032
44,4,covariate,0.04,0.024,0.036,0.9902,0.9854,0.9848,0.891,0.8964,0.8836,0.8868,-0.0096
44,5,concept,0.094,0.07,0.108,0.9642,0.9709,0.9518,0.7347,0.7424,0.7401,0.7429,0.0005
44,6,covariate,0.218,0.108,0.226,0.9013,0.825,0.8131,0.8278,0.8177,0.8108,0.8309,0.0032
44,7,mixed,0.028,0.034,0.042,0.9881,0.9802,0.9803,0.9459,0.9429,0.9448,0.9514,0.0054
44,8,covariate,0.042,0.038,0.048,0.9695,0.9623,0.9508,0.7584,0.7581,0.7468,0.7564,-0.002
44,9,mixed,0.052,0.044,0.048,0.9693,0.9519,0.9506,0.9486,0.9439,0.9417,0.9439,-0.0047
44,10,concept,0.05,0.182,0.196,0.9763,0.7637,0.7868,0.838,0.846,0.7846,0.8423,-0.0037
44,11,none,0.044,0.296,0.292,0.9676,0.6245,0.7011,0.6498,0.6482,0.4793,0.6531,0.0033
44,12,mixed,0.026,0.124,0.142,0.9834,0.893,0.9194,0.8899,0.8858,0.8118,0.8873,-0.0026
44,13,none,0.072,0.158,0.178,0.9688,0.8183,0.8166,0.6801,0.6881,0.6565,0.6931,0.005
44,14,mixed,0.03,0.254,0.26,0.9564,0.6281,0.7125,0.6834,0.6827,0.4933,0.69,0.0066
44,15,concept,0.024,0.202,0.218,0.9796,0.7802,0.8159,0.902,0.9084,0.7846,0.9028,-0.0055
45,0,none,0.076,0.044,0.096,0.9666,0.9744,0.9505,0.6344,0.6684,0.6188,0.6383,-0.0301
45,1,covariate,0.1,0.052,0.104,0.9073,0.9609,0.9293,0.8,0.8064,0.8171,0.8209,0.0145
45,2,concept,0.062,0.05,0.052,0.9708,0.982,0.9709,0.8076,0.8189,0.8015,0.8144,-0.0045
45,3,mixed,0.056,0.084,0.092,0.9661,0.9482,0.8982,0.5896,0.6226,0.5502,0.5952,-0.0273
45,4,covariate,0.164,0.13,0.246,0.8984,0.9041,0.7885,0.7374,0.7265,0.7078,0.7336,-0.0038
45,5,none,0.076,0.102,0.09,0.9695,0.9427,0.9432,0.6637,0.6582,0.6518,0.6681,0.0045
45,6,none,0.016,0.022,0.014,0.9626,0.9473,0.9351,0.3789,0.433,0.383,0.433,0.0
45,7,concept,0.036,0.04,0.012,0.9879,0.9822,0.982,0.8475,0.8589,0.8536,0.8583,-0.0006
45,8,covariate,0.01,0.026,0.028,0.9891,0.969,0.9577,0.8541,0.8582,0.849,0.8536,-0.0046
45,9,mixed,0.042,0.048,0.058,0.9855,0.9578,0.9582,0.697,0.6286,0.6742,0.6769,-0.02
45,10,mixed,0.0,0.092,0.092,0.8968,0.8619,0.9167,1.0,1.0,0.9518,1.0,0.0
45,11,none,0.102,0.112,0.17,0.9616,0.8829,0.8878,0.5851,0.6276,0.439,0.6262,-0.0014
45,12,concept,0.038,0.032,0.034,0.984,0.9536,0.9627,0.7519,0.7649,0.7313,0.7581,-0.0068
45,13,mixed,0.136,0.172,0.244,0.9381,0.7762,0.7371,0.7651,0.7866,0.6975,0.7879,0.0013
45,14,concept,0.018,0.018,0.012,0.9341,0.9354,0.9181,0.5122,0.5542,0.4938,0.5063,-0.0479
45,15,covariate,0.016,0.018,0.018,0.9857,0.9863,0.9808,0.8873,0.8854,0.8917,0.8851,-0.0022
46,0,none,0.07,0.042,0.08,0.9668,0.9739,0.959,0.6573,0.6631,0.6472,0.6553,-0.0079
46,1,none,0.024,0.02,0.028,0.9479,0.9498,0.9504,0.2708,0.2093,0.2391,0.2609,-0.01
46,2,covariate,0.056,0.044,0.072,0.9759,0.9797,0.9723,0.7728,0.782,0.7873,0.7794,-0.0026
46,3,covariate,0.056,0.08,0.04,0.9788,0.9635,0.9695,0.6926,0.7077,0.7015,0.7117,0.004
46,4,covariate,0.05,0.072,0.054,0.968,0.9472,0.9692,0.6905,0.6923,0.7082,0.7008,0.0085
46,5,mixed,0.012,0.058,0.054,0.968,0.9376,0.9238,0.9515,0.9564,0.9403,0.9541,-0.0023
46,6,concept,0.024,0.026,0.038,0.9473,0.91,0.9064,0.2597,0.3765,0.1714,0.2192,-0.1573
46,7,concept,0.048,0.042,0.086,0.9868,0.974,0.9641,0.8701,0.9177,0.8404,0.8992,-0.0185
46,8,mixed,0.038,0.032,0.054,0.9818,0.9679,0.9589,0.9466,0.9442,0.9516,0.9449,-0.0017
46,9,mixed,0.02,0.012,0.032,0.9242,0.771,0.6978,0.9804,0.9801,0.9804,0.9773,-0.003
46,10,concept,0.058,0.034,0.072,0.9741,0.958,0.9681,0.7977,0.7942,0.7887,0.791,-0.0068
46,11,mixed,0.032,0.016,0.024,0.9927,0.9824,0.9857,0.9398,0.9444,0.9402,0.9436,-0.0008
46,12,covariate,0.02,0.016,0.016,0.9934,0.9942,0.9869,0.8496,0.8559,0.8478,0.8497,-0.0062
46,13,none,0.082,0.074,0.104,0.9605,0.9561,0.9381,0.6721,0.683,0.6816,0.688,0.005
46,14,none,0.028,0.022,0.038,0.9365,0.9398,0.8964,0.3488,0.3469,0.3596,0.3596,0.0107
46,15,concept,0.034,0.028,0.038,0.9828,0.9881,0.9725,0.9135,0.9339,0.9022,0.9206,-0.0132
