seed,window_id,approach,f1,accuracy,precision,recall,auc,pr_auc,balanced_accuracy,cpu_time,wall_time,ram_mb,drift_type,severity,transition
42,0,Frozen RF,0.6479,0.75,0.6609,0.6354,0.8193,0.6647,0.7252,0.125,0.1507,195.61,none,none,stable
42,0,Retrained RF,0.6479,0.75,0.6609,0.6354,0.8193,0.6647,0.7252,0.6562,0.3915,197.01,none,none,stable
42,0,UCB1 Adaptive Ensemble,0.6684,0.752,0.6477,0.6906,0.8193,0.6647,0.7387,0.0625,0.0794,195.61,none,none,stable
42,1,Frozen RF,0.7922,0.85,0.8938,0.7114,0.9134,0.9047,0.8273,0.125,0.106,197.52,covariate,severe,recovery
42,1,Retrained RF,0.8076,0.858,0.8869,0.7413,0.9197,0.9046,0.8389,0.4688,0.3162,198.18,covariate,severe,recovery
42,1,UCB1 Adaptive Ensemble,0.8,0.86,0.9396,0.6965,0.9223,0.9116,0.8332,0.0938,0.0891,197.54,covariate,severe,recovery
42,2,Frozen RF,0.7765,0.772,0.995,0.6367,0.9373,0.9658,0.8157,0.0781,0.0907,198.2,concept,severe,sudden
42,2,Retrained RF,0.757,0.756,0.9948,0.6109,0.9458,0.969,0.8028,0.7031,0.4014,198.79,concept,severe,sudden
42,2,UCB1 Adaptive Ensemble,0.8189,0.808,0.9909,0.6977,0.9462,0.97,0.8436,0.125,0.0804,198.23,concept,severe,sudden
42,3,Frozen RF,0.8571,0.858,0.9907,0.7553,0.968,0.9778,0.8731,0.0938,0.1015,199.06,mixed,severe,gradual
42,3,Retrained RF,0.9017,0.898,0.9873,0.8298,0.9761,0.9834,0.908,0.7812,0.3852,199.35,mixed,severe,gradual
42,3,UCB1 Adaptive Ensemble,0.8708,0.87,0.991,0.7766,0.9738,0.9817,0.8837,1.5625,1.0221,199.05,mixed,severe,gradual
42,4,Frozen RF,0.6754,0.852,0.7064,0.6471,0.8936,0.681,0.7815,0.1406,0.1194,199.61,none,none,stable
42,4,Retrained RF,0.6953,0.844,0.6496,0.7479,0.8929,0.7162,0.811,0.8438,0.463,200.42,none,none,stable
42,4,UCB1 Adaptive Ensemble,0.7063,0.832,0.6048,0.8487,0.8927,0.7225,0.8378,0.125,0.1122,199.6,none,none,stable
42,5,Frozen RF,0.8564,0.786,0.9246,0.7975,0.8516,0.9547,0.7688,0.1406,0.1841,200.52,mixed,moderate,recovery
42,5,Retrained RF,0.8837,0.812,0.875,0.8925,0.8493,0.9587,0.6912,1.0312,0.4639,201.05,mixed,moderate,recovery
42,5,UCB1 Adaptive Ensemble,0.8981,0.832,0.8726,0.925,0.8531,0.96,0.6925,1.3438,1.0535,200.55,mixed,moderate,recovery
42,6,Frozen RF,0.2414,0.912,0.5833,0.1522,0.7899,0.3858,0.5706,0.0938,0.1621,201.17,none,none,stable
42,6,Retrained RF,0.3529,0.912,0.5455,0.2609,0.813,0.3816,0.6194,0.8594,0.4175,201.66,none,none,stable
42,6,UCB1 Adaptive Ensemble,0.3855,0.898,0.4324,0.3478,0.8115,0.3867,0.6508,0.0625,0.0864,201.15,none,none,stable
42,7,Frozen RF,0.7477,0.784,0.7339,0.7619,0.8649,0.811,0.781,0.1094,0.1096,201.72,covariate,mild,gradual
42,7,Retrained RF,0.7662,0.784,0.7024,0.8429,0.8736,0.804,0.7921,0.9531,0.3968,202.27,covariate,mild,gradual
42,7,UCB1 Adaptive Ensemble,0.7615,0.772,0.6791,0.8667,0.8746,0.8151,0.7851,0.1094,0.0949,201.72,covariate,mild,gradual
42,8,Frozen RF,0.6939,0.76,0.764,0.6355,0.87,0.7896,0.7443,0.1094,0.0832,202.26,concept,mild,gradual
42,8,Retrained RF,0.7524,0.796,0.7828,0.7243,0.8739,0.7928,0.787,1.0469,0.4128,202.56,concept,mild,gradual
42,8,UCB1 Adaptive Ensemble,0.7966,0.808,0.7287,0.8785,0.8691,0.7998,0.8169,0.0625,0.0927,202.27,concept,mild,gradual
42,9,Frozen RF,0.6789,0.756,0.7914,0.5945,0.8331,0.7682,0.7372,0.1094,0.1363,202.49,covariate,moderate,sudden
42,9,Retrained RF,0.7409,0.744,0.6606,0.8433,0.8481,0.7925,0.7556,1.0469,0.465,203.07,covariate,moderate,sudden
42,9,UCB1 Adaptive Ensemble,0.7417,0.734,0.6409,0.8802,0.8465,0.797,0.751,1.1094,0.8157,202.53,covariate,moderate,sudden
42,10,Frozen RF,0.756,0.778,0.8473,0.6825,0.8589,0.8362,0.7788,0.0938,0.0833,203.29,concept,mild,recovery
42,10,Retrained RF,0.7926,0.798,0.8213,0.7659,0.8815,0.8734,0.7983,1.0938,0.4181,203.97,concept,mild,recovery
42,10,UCB1 Adaptive Ensemble,0.8016,0.798,0.7938,0.8095,0.8831,0.8783,0.7979,0.1562,0.1399,203.31,concept,mild,recovery
42,11,Frozen RF,0.7542,0.764,0.8303,0.6908,0.8161,0.8459,0.7677,0.0938,0.0912,204.18,covariate,moderate,sudden
42,11,Retrained RF,0.7698,0.744,0.7279,0.8168,0.8378,0.8653,0.7403,1.0156,0.4738,203.78,covariate,moderate,sudden
42,11,UCB1 Adaptive Ensemble,0.7664,0.744,0.7343,0.8015,0.8315,0.8452,0.7411,1.2656,0.8119,204.18,covariate,moderate,sudden
42,12,Frozen RF,0.8854,0.884,0.9956,0.7972,0.9781,0.9854,0.8963,0.1406,0.0944,204.82,mixed,severe,recovery
42,12,Retrained RF,0.9251,0.92,0.9763,0.879,0.9771,0.9848,0.9258,1.2969,0.4597,205.7,mixed,severe,recovery
42,12,UCB1 Adaptive Ensemble,0.9101,0.906,0.9835,0.847,0.9762,0.9849,0.9144,1.2031,0.8133,204.82,mixed,severe,recovery
42,13,Frozen RF,0.7772,0.734,0.8561,0.7117,0.8255,0.8773,0.7438,0.1094,0.0936,205.92,mixed,mild,gradual
42,13,Retrained RF,0.8381,0.786,0.8269,0.8497,0.8501,0.9043,0.7582,1.375,0.5175,205.41,mixed,mild,gradual
42,13,UCB1 Adaptive Ensemble,0.8525,0.802,0.829,0.8773,0.8573,0.9097,0.7691,1.4062,1.049,205.9,mixed,mild,gradual
42,14,Frozen RF,0.1067,0.866,0.4444,0.0606,0.7928,0.3591,0.5245,0.1875,0.2921,204.1,none,none,stable
42,14,Retrained RF,0.1795,0.872,0.5833,0.1061,0.8044,0.3863,0.5473,1.375,0.5444,206.18,none,none,stable
42,14,UCB1 Adaptive Ensemble,0.3214,0.848,0.3913,0.2727,0.7946,0.3827,0.6041,0.125,0.1396,204.11,none,none,stable
42,15,Frozen RF,0.8559,0.872,0.9645,0.7692,0.9686,0.9675,0.8708,0.1719,0.1136,202.08,concept,moderate,sudden
42,15,Retrained RF,0.8812,0.89,0.9444,0.8259,0.9694,0.9672,0.8892,1.5,0.4908,206.39,concept,moderate,sudden
42,15,UCB1 Adaptive Ensemble,0.9121,0.914,0.9215,0.9028,0.9702,0.9684,0.9139,0.1094,0.099,202.14,concept,moderate,sudden
43,0,Frozen RF,0.6064,0.73,0.581,0.6341,0.7996,0.5613,0.7055,0.125,0.1095,202.54,none,none,stable
43,0,Retrained RF,0.6064,0.73,0.581,0.6341,0.7996,0.5613,0.7055,0.5,0.3194,202.9,none,none,stable
43,0,UCB1 Adaptive Ensemble,0.6415,0.734,0.5749,0.7256,0.7996,0.5613,0.7319,0.0781,0.0813,202.52,none,none,stable
43,1,Frozen RF,0.5993,0.754,0.7077,0.5198,0.8313,0.6596,0.7011,0.0938,0.09,202.9,mixed,moderate,gradual
43,1,Retrained RF,0.6384,0.778,0.7538,0.5537,0.8413,0.6809,0.7273,0.625,0.3344,202.99,mixed,moderate,gradual
43,1,UCB1 Adaptive Ensemble,0.5704,0.762,0.79,0.4463,0.8625,0.7533,0.6907,0.0938,0.1021,202.91,mixed,moderate,gradual
43,2,Frozen RF,0.7332,0.706,0.6711,0.808,0.788,0.777,0.706,0.0938,0.0965,202.9,covariate,mild,gradual
43,2,Retrained RF,0.7289,0.698,0.6612,0.812,0.798,0.7837,0.698,0.5312,0.316,202.99,covariate,mild,gradual
43,2,UCB1 Adaptive Ensemble,0.7473,0.716,0.6731,0.84,0.7959,0.7814,0.716,1.4688,1.1233,202.89,covariate,mild,gradual
43,3,Frozen RF,0.6396,0.84,0.8554,0.5108,0.9355,0.8494,0.7388,0.1719,0.2329,203.07,concept,moderate,sudden
43,3,Retrained RF,0.6754,0.852,0.8652,0.554,0.9441,0.878,0.7604,0.9531,0.6889,203.54,concept,moderate,sudden
43,3,UCB1 Adaptive Ensemble,0.75,0.876,0.8532,0.6691,0.9479,0.8839,0.8124,0.1875,0.1668,203.07,concept,moderate,sudden
43,4,Frozen RF,0.6719,0.832,0.637,0.7107,0.8799,0.6408,0.7907,0.125,0.1678,203.82,none,none,stable
43,4,Retrained RF,0.7,0.844,0.6547,0.7521,0.8902,0.6824,0.8127,0.9688,0.4778,204.29,none,none,stable
43,4,UCB1 Adaptive Ensemble,0.7015,0.84,0.6395,0.7769,0.8913,0.6706,0.8185,0.1094,0.1086,203.84,none,none,stable
43,5,Frozen RF,0.9016,0.848,0.956,0.8529,0.9402,0.9843,0.8395,0.1094,0.11,204.35,mixed,severe,gradual
43,5,Retrained RF,0.967,0.946,0.9635,0.9706,0.9746,0.9939,0.9038,0.7812,0.3787,204.73,mixed,severe,gradual
43,5,UCB1 Adaptive Ensemble,0.9645,0.942,0.9633,0.9657,0.9839,0.9965,0.9013,1.375,0.9387,204.33,mixed,severe,gradual
43,6,Frozen RF,0.5611,0.684,0.5401,0.5838,0.752,0.5701,0.6604,0.0938,0.1057,204.73,covariate,severe,recovery
43,6,Retrained RF,0.6944,0.78,0.6684,0.7225,0.8353,0.7795,0.7665,0.9688,0.5165,204.83,covariate,severe,recovery
43,6,UCB1 Adaptive Ensemble,0.6825,0.76,0.6293,0.7457,0.8313,0.7757,0.7566,1.5625,1.2433,204.71,covariate,severe,recovery
43,7,Frozen RF,0.8845,0.882,0.8933,0.876,0.947,0.9419,0.8822,0.1562,0.1259,204.73,mixed,mild,recovery
43,7,Retrained RF,0.903,0.902,0.9231,0.8837,0.9539,0.9522,0.9026,1.0469,0.4621,204.87,mixed,mild,recovery
43,7,UCB1 Adaptive Ensemble,0.8972,0.896,0.9153,0.8798,0.9562,0.9558,0.8965,0.1406,0.1256,204.73,mixed,mild,recovery
43,8,Frozen RF,0.6667,0.772,0.6441,0.6909,0.8551,0.7246,0.7514,0.1406,0.1099,204.98,none,none,stable
43,8,Retrained RF,0.6649,0.75,0.5962,0.7515,0.8522,0.7123,0.7504,1.0469,0.5179,205.56,none,none,stable
43,8,UCB1 Adaptive Ensemble,0.6545,0.736,0.576,0.7576,0.8387,0.6625,0.7415,0.1094,0.1304,204.97,none,none,stable
43,9,Frozen RF,0.582,0.842,0.625,0.5446,0.8315,0.5558,0.7309,0.125,0.1492,205.87,covariate,mild,recovery
43,9,Retrained RF,0.5684,0.836,0.6067,0.5347,0.8346,0.563,0.7235,1.1406,0.68,205.85,covariate,mild,recovery
43,9,UCB1 Adaptive Ensemble,0.5376,0.828,0.5882,0.495,0.8364,0.562,0.7037,0.0625,0.205,205.87,covariate,mild,recovery
43,10,Frozen RF,0.7913,0.788,0.8777,0.7204,0.9054,0.9159,0.7969,0.2031,0.1827,206.12,concept,severe,gradual
43,10,Retrained RF,0.804,0.804,0.9095,0.7204,0.921,0.9285,0.815,1.2656,0.7605,206.47,concept,severe,gradual
43,10,UCB1 Adaptive Ensemble,0.8707,0.858,0.8852,0.8566,0.9259,0.9323,0.8582,0.1562,0.3734,206.14,concept,severe,gradual
43,11,Frozen RF,0.6408,0.852,0.7174,0.5789,0.8881,0.669,0.7558,0.1094,0.2282,206.6,none,none,stable
43,11,Retrained RF,0.6389,0.844,0.6765,0.6053,0.8901,0.689,0.7599,1.4219,0.7314,206.42,none,none,stable
43,11,UCB1 Adaptive Ensemble,0.6609,0.842,0.6471,0.6754,0.8937,0.6556,0.7833,0.1094,0.1642,206.55,none,none,stable
43,12,Frozen RF,0.7544,0.832,0.7414,0.7679,0.9073,0.8098,0.8162,0.1406,0.1561,206.75,covariate,mild,recovery
43,12,Retrained RF,0.8116,0.87,0.791,0.8333,0.92,0.8352,0.8609,1.4219,0.5828,207.09,covariate,mild,recovery
43,12,UCB1 Adaptive Ensemble,0.8166,0.876,0.8118,0.8214,0.9244,0.8505,0.8625,0.0938,0.1398,206.76,covariate,mild,recovery
43,13,Frozen RF,0.7438,0.752,0.8867,0.6406,0.8811,0.8981,0.7678,0.0938,0.1287,207.16,concept,moderate,sudden
43,13,Retrained RF,0.7976,0.794,0.8904,0.7224,0.8885,0.9092,0.8041,1.2812,0.5905,206.46,concept,moderate,sudden
43,13,UCB1 Adaptive Ensemble,0.8075,0.794,0.8504,0.7687,0.8791,0.8947,0.7976,0.1406,0.1388,207.16,concept,moderate,sudden
43,14,Frozen RF,0.4419,0.904,0.7917,0.3065,0.9299,0.6803,0.6475,0.1562,0.1412,207.51,concept,severe,sudden
43,14,Retrained RF,0.5,0.912,0.8462,0.3548,0.9521,0.739,0.6729,1.4844,0.7534,206.49,concept,severe,sudden
43,14,UCB1 Adaptive Ensemble,0.5217,0.912,0.8,0.3871,0.9506,0.7278,0.6867,0.1562,0.111,207.51,concept,severe,sudden
43,15,Frozen RF,0.8933,0.838,0.9187,0.8692,0.9215,0.9769,0.7983,0.1406,0.1502,203.22,mixed,moderate,sudden
43,15,Retrained RF,0.9321,0.898,0.9695,0.8974,0.9617,0.9898,0.8987,1.5938,0.7598,207.3,mixed,moderate,sudden
43,15,UCB1 Adaptive Ensemble,0.9382,0.906,0.9623,0.9154,0.9607,0.9897,0.8941,1.6406,1.3704,203.29,mixed,moderate,sudden
44,0,Frozen RF,0.6181,0.738,0.5955,0.6424,0.8068,0.6201,0.7137,0.1719,0.137,204.22,none,none,stable
44,0,Retrained RF,0.6181,0.738,0.5955,0.6424,0.8068,0.6201,0.7137,0.5938,0.4359,204.47,none,none,stable
44,0,UCB1 Adaptive Ensemble,0.6295,0.734,0.5825,0.6848,0.8068,0.6201,0.7215,0.0938,0.1169,204.21,none,none,stable
44,1,Frozen RF,0.5628,0.826,0.6829,0.4786,0.8547,0.6427,0.7054,0.1406,0.1347,204.46,covariate,mild,recovery
44,1,Retrained RF,0.5941,0.836,0.7059,0.5128,0.8518,0.6273,0.7238,0.7656,0.4577,204.58,covariate,mild,recovery
44,1,UCB1 Adaptive Ensemble,0.5538,0.826,0.6923,0.4615,0.856,0.646,0.6994,0.1406,0.1141,204.47,covariate,mild,recovery
44,2,Frozen RF,0.6698,0.72,0.6283,0.7172,0.7925,0.6739,0.7195,0.1406,0.2399,204.46,none,none,stable
44,2,Retrained RF,0.6808,0.728,0.636,0.7323,0.8023,0.6877,0.7287,0.6406,0.4567,204.64,none,none,stable
44,2,UCB1 Adaptive Ensemble,0.6786,0.712,0.608,0.7677,0.8028,0.6876,0.7216,0.1562,0.1184,204.5,none,none,stable
44,3,Frozen RF,0.7426,0.878,0.898,0.6331,0.9522,0.9036,0.8027,0.125,0.1293,204.57,concept,severe,gradual
44,3,Retrained RF,0.7598,0.89,0.9667,0.6259,0.9555,0.9143,0.8088,0.7969,0.4601,204.67,concept,severe,gradual
44,3,UCB1 Adaptive Ensemble,0.8016,0.902,0.9167,0.7122,0.9571,0.9203,0.8436,0.2031,0.1442,204.56,concept,severe,gradual
44,4,Frozen RF,0.8842,0.902,0.899,0.8698,0.9581,0.9467,0.898,0.1094,0.1103,204.58,covariate,moderate,recovery
44,4,Retrained RF,0.8821,0.9,0.8947,0.8698,0.9469,0.9164,0.8963,0.9375,0.4775,204.7,covariate,moderate,recovery
44,4,UCB1 Adaptive Ensemble,0.891,0.906,0.8889,0.893,0.9581,0.9467,0.9044,0.0781,0.1122,204.58,covariate,moderate,recovery
44,5,Frozen RF,0.7082,0.728,0.7604,0.6627,0.8195,0.8008,0.7277,0.1094,0.118,204.62,concept,mild,gradual
44,5,Retrained RF,0.7002,0.726,0.7692,0.6426,0.8258,0.8084,0.7257,1.0156,0.5402,204.72,concept,mild,gradual
44,5,UCB1 Adaptive Ensemble,0.7424,0.746,0.75,0.7349,0.828,0.8145,0.746,0.1094,0.1865,204.6,concept,mild,gradual
44,6,Frozen RF,0.8154,0.722,0.7953,0.8365,0.7288,0.8793,0.6213,0.1406,0.1197,204.64,covariate,severe,sudden
44,6,Retrained RF,0.8342,0.756,0.832,0.8365,0.76,0.8915,0.6852,0.9219,0.5135,204.96,covariate,severe,sudden
44,6,UCB1 Adaptive Ensemble,0.8278,0.722,0.7591,0.9101,0.7288,0.8793,0.5565,1.4844,1.0809,204.63,covariate,severe,sudden
44,7,Frozen RF,0.9,0.86,0.9844,0.8289,0.9652,0.9892,0.8936,0.0781,0.0945,205.0,mixed,moderate,sudden
44,7,Retrained RF,0.9278,0.896,0.9824,0.8789,0.9726,0.9916,0.9145,0.8281,0.4438,205.97,mixed,moderate,sudden
44,7,UCB1 Adaptive Ensemble,0.9514,0.928,0.9778,0.9263,0.9734,0.9919,0.9298,1.4844,1.4811,205.0,mixed,moderate,sudden
44,8,Frozen RF,0.7169,0.654,0.6499,0.7993,0.7124,0.743,0.6386,0.1562,0.3062,206.2,covariate,moderate,recovery
44,8,Retrained RF,0.7537,0.702,0.6888,0.8321,0.7423,0.7511,0.6882,1.2344,0.7433,206.32,covariate,moderate,recovery
44,8,UCB1 Adaptive Ensemble,0.7581,0.7,0.6792,0.8577,0.7297,0.7087,0.6833,1.7188,1.8444,206.19,covariate,moderate,recovery
44,9,Frozen RF,0.8633,0.77,0.9891,0.7658,0.8599,0.9908,0.806,0.1719,0.1788,206.23,mixed,severe,sudden
44,9,Retrained RF,0.9159,0.852,0.9926,0.8502,0.9245,0.9955,0.8674,1.0781,0.6361,206.39,mixed,severe,sudden
44,9,UCB1 Adaptive Ensemble,0.9439,0.898,0.9862,0.9051,0.9251,0.9956,0.8371,1.5625,1.1839,206.22,mixed,severe,sudden
44,10,Frozen RF,0.7873,0.786,0.8646,0.7226,0.8921,0.9006,0.7927,0.0938,0.1073,206.44,concept,severe,gradual
44,10,Retrained RF,0.8317,0.826,0.8848,0.7847,0.9001,0.9039,0.8304,1.3281,0.5081,207.06,concept,severe,gradual
44,10,UCB1 Adaptive Ensemble,0.838,0.816,0.8095,0.8686,0.8942,0.9065,0.8104,0.0781,0.1039,206.43,concept,severe,gradual
44,11,Frozen RF,0.6425,0.862,0.7045,0.5905,0.8681,0.6891,0.7623,0.1406,0.1186,207.15,none,none,stable
44,11,Retrained RF,0.6761,0.862,0.6667,0.6857,0.8724,0.7194,0.7973,1.4062,0.5494,207.42,none,none,stable
44,11,UCB1 Adaptive Ensemble,0.6531,0.83,0.5714,0.7619,0.86,0.6927,0.805,0.125,0.135,207.14,none,none,stable
44,12,Frozen RF,0.855,0.884,0.9396,0.7844,0.9665,0.9561,0.8727,0.1406,0.1253,206.54,mixed,mild,sudden
44,12,Retrained RF,0.891,0.91,0.9436,0.844,0.9663,0.9535,0.9025,1.5,0.6039,207.62,mixed,mild,sudden
44,12,UCB1 Adaptive Ensemble,0.8858,0.9,0.8818,0.8899,0.961,0.9566,0.8989,0.1719,0.135,206.52,mixed,mild,sudden
44,13,Frozen RF,0.6244,0.68,0.6157,0.6333,0.7593,0.6613,0.6736,0.1406,0.146,206.82,none,none,stable
44,13,Retrained RF,0.686,0.718,0.6444,0.7333,0.7749,0.6933,0.7201,1.4531,0.5559,207.72,none,none,stable
44,13,UCB1 Adaptive Ensemble,0.6801,0.682,0.5889,0.8048,0.7738,0.679,0.6989,0.1562,0.1312,206.84,none,none,stable
44,14,Frozen RF,0.4937,0.84,0.7647,0.3645,0.8666,0.692,0.667,0.0938,0.1156,203.41,mixed,mild,gradual
44,14,Retrained RF,0.5542,0.852,0.7797,0.4299,0.8765,0.7063,0.6984,1.4375,0.522,207.54,mixed,mild,gradual
44,14,UCB1 Adaptive Ensemble,0.6827,0.868,0.703,0.6636,0.8429,0.7148,0.7936,0.1406,0.1208,203.47,mixed,mild,gradual
44,15,Frozen RF,0.8565,0.87,0.9372,0.7886,0.956,0.9525,0.8687,0.0938,0.1375,203.71,concept,moderate,recovery
44,15,Retrained RF,0.8941,0.9,0.9336,0.8577,0.9592,0.9586,0.8993,1.5938,0.5481,208.0,concept,moderate,recovery
44,15,UCB1 Adaptive Ensemble,0.9028,0.904,0.8992,0.9065,0.9554,0.9489,0.904,0.1719,0.1301,203.82,concept,moderate,recovery
45,0,Frozen RF,0.6105,0.732,0.6176,0.6034,0.8143,0.6446,0.702,0.1406,0.1789,203.97,none,none,stable
45,0,Retrained RF,0.6105,0.732,0.6176,0.6034,0.8143,0.6446,0.702,0.7188,0.4144,204.15,none,none,stable
45,0,UCB1 Adaptive Ensemble,0.6344,0.728,0.596,0.6782,0.8143,0.6446,0.7164,0.1094,0.1237,203.98,none,none,stable
45,1,Frozen RF,0.7824,0.832,0.8629,0.7156,0.9012,0.8506,0.8163,0.1094,0.1109,204.12,covariate,severe,recovery
45,1,Retrained RF,0.7745,0.83,0.8795,0.6919,0.9191,0.8689,0.8114,0.7031,0.3967,204.26,covariate,severe,recovery
45,1,UCB1 Adaptive Ensemble,0.8064,0.854,0.9157,0.7204,0.9349,0.9262,0.836,0.1094,0.1116,204.12,covariate,severe,recovery
45,2,Frozen RF,0.7811,0.778,0.8285,0.7388,0.8795,0.8929,0.781,0.1406,0.1082,204.18,concept,moderate,gradual
45,2,Retrained RF,0.7937,0.79,0.8382,0.7537,0.8794,0.8945,0.7928,0.7188,0.3982,204.36,concept,moderate,gradual
45,2,UCB1 Adaptive Ensemble,0.8144,0.804,0.8269,0.8022,0.8834,0.8966,0.8041,0.125,0.1045,204.16,concept,moderate,gradual
45,3,Frozen RF,0.5714,0.796,0.6071,0.5397,0.854,0.6542,0.711,0.0938,0.116,204.3,mixed,mild,recovery
45,3,Retrained RF,0.6066,0.808,0.6271,0.5873,0.8653,0.6654,0.7348,0.6562,0.3669,204.4,mixed,mild,recovery
45,3,UCB1 Adaptive Ensemble,0.5952,0.796,0.5952,0.5952,0.8616,0.6553,0.7294,0.1562,0.1742,204.29,mixed,mild,recovery
45,4,Frozen RF,0.7041,0.684,0.6763,0.7344,0.7477,0.7392,0.6828,0.1406,0.1102,204.31,covariate,severe,gradual
45,4,Retrained RF,0.7572,0.732,0.7061,0.8164,0.8036,0.7895,0.7299,0.8125,0.3852,204.49,covariate,severe,gradual
45,4,UCB1 Adaptive Ensemble,0.7265,0.726,0.7429,0.7109,0.8049,0.8082,0.7264,1.3594,0.8428,204.31,covariate,severe,gradual
45,5,Frozen RF,0.6552,0.72,0.6333,0.6786,0.7768,0.6585,0.7126,0.0938,0.095,204.91,none,none,stable
45,5,Retrained RF,0.6651,0.72,0.6261,0.7092,0.7883,0.6896,0.7181,1.0,0.4071,205.41,none,none,stable
45,5,UCB1 Adaptive Ensemble,0.6637,0.702,0.5951,0.75,0.785,0.698,0.7105,0.125,0.1068,204.91,none,none,stable
45,6,Frozen RF,0.3409,0.884,0.5769,0.2419,0.8347,0.4611,0.6084,0.125,0.1093,205.51,none,none,stable
45,6,Retrained RF,0.3765,0.894,0.6957,0.2581,0.8372,0.5104,0.621,0.8438,0.4338,205.93,none,none,stable
45,6,UCB1 Adaptive Ensemble,0.433,0.89,0.6,0.3387,0.8345,0.4991,0.6534,0.1094,0.0919,205.51,none,none,stable
45,7,Frozen RF,0.8248,0.842,0.8774,0.7782,0.9258,0.9106,0.8393,0.1406,0.151,205.93,concept,mild,recovery
45,7,Retrained RF,0.8337,0.85,0.8868,0.7866,0.9302,0.9215,0.8473,1.0625,0.472,206.28,concept,mild,recovery
45,7,UCB1 Adaptive Ensemble,0.8583,0.864,0.8548,0.8619,0.9331,0.9263,0.8639,0.1094,0.1349,205.94,concept,mild,recovery
45,8,Frozen RF,0.8391,0.822,0.7918,0.8923,0.8661,0.8326,0.8191,0.0781,0.1298,206.3,covariate,moderate,gradual
45,8,Retrained RF,0.8473,0.832,0.8034,0.8962,0.8979,0.9021,0.8293,0.9375,0.4605,206.57,covariate,moderate,gradual
45,8,UCB1 Adaptive Ensemble,0.8541,0.836,0.7947,0.9231,0.9014,0.903,0.8324,1.4531,0.9233,206.31,covariate,moderate,gradual
45,9,Frozen RF,0.7004,0.834,0.8151,0.6139,0.8834,0.7945,0.7748,0.0938,0.123,206.56,mixed,mild,sudden
45,9,Retrained RF,0.682,0.834,0.8641,0.5633,0.9049,0.8296,0.7612,1.125,0.494,206.68,mixed,mild,sudden
45,9,UCB1 Adaptive Ensemble,0.6769,0.832,0.8627,0.557,0.9082,0.8368,0.758,0.0781,0.1192,206.56,mixed,mild,sudden
45,10,Frozen RF,0.8506,0.74,1.0,0.74,0.74,0.8506,0.74,0.1406,0.1062,206.57,mixed,severe,sudden
45,10,Retrained RF,1.0,1.0,1.0,1.0,1.0,1.0,1.0,1.2656,0.527,206.76,mixed,severe,sudden
45,10,UCB1 Adaptive Ensemble,1.0,1.0,1.0,1.0,1.0,1.0,1.0,1.2969,1.0989,206.58,mixed,severe,sudden
45,11,Frozen RF,0.5361,0.82,0.5843,0.4952,0.8583,0.5847,0.7008,0.125,0.1397,206.65,none,none,stable
45,11,Retrained RF,0.5773,0.836,0.6292,0.5333,0.8662,0.6276,0.7249,1.2344,0.4898,207.12,none,none,stable
45,11,UCB1 Adaptive Ensemble,0.5851,0.844,0.6627,0.5238,0.8624,0.6351,0.7265,0.1094,0.1119,206.67,none,none,stable
45,12,Frozen RF,0.716,0.854,0.7419,0.6917,0.9233,0.7523,0.8023,0.1406,0.1746,207.34,concept,moderate,gradual
45,12,Retrained RF,0.751,0.87,0.7656,0.7368,0.9293,0.7954,0.8275,1.3906,0.5574,208.01,concept,moderate,gradual
45,12,UCB1 Adaptive Ensemble,0.7649,0.866,0.7171,0.8195,0.9306,0.808,0.8512,0.1562,0.1142,207.32,concept,moderate,gradual
45,13,Frozen RF,0.7517,0.708,0.7517,0.7517,0.7778,0.815,0.6987,0.1875,0.1587,208.05,mixed,mild,recovery
45,13,Retrained RF,0.7782,0.74,0.7808,0.7755,0.8188,0.8523,0.7324,1.3281,0.5656,208.27,mixed,mild,recovery
45,13,UCB1 Adaptive Ensemble,0.7879,0.734,0.7417,0.8401,0.8067,0.8384,0.7113,1.4531,1.1204,208.04,mixed,mild,recovery
45,14,Frozen RF,0.5682,0.924,0.8333,0.431,0.9441,0.759,0.7099,0.1562,0.1258,205.9,concept,severe,sudden
45,14,Retrained RF,0.4416,0.914,0.8947,0.2931,0.9532,0.7899,0.6443,1.3438,0.5386,208.11,concept,severe,sudden
45,14,UCB1 Adaptive Ensemble,0.5542,0.926,0.92,0.3966,0.9619,0.8155,0.696,0.1406,0.1402,205.89,concept,severe,sudden
45,15,Frozen RF,0.7832,0.732,0.8643,0.716,0.7957,0.8351,0.7407,0.125,0.1543,203.78,covariate,moderate,sudden
45,15,Retrained RF,0.8944,0.854,0.8754,0.9142,0.9059,0.947,0.8213,1.5156,0.832,207.23,covariate,moderate,sudden
45,15,UCB1 Adaptive Ensemble,0.8873,0.842,0.8567,0.9201,0.9031,0.9428,0.7996,1.5625,1.4212,203.82,covariate,moderate,sudden
46,0,Frozen RF,0.6488,0.764,0.7078,0.5989,0.8142,0.6565,0.7287,0.1094,0.1197,204.94,none,none,stable
46,0,Retrained RF,0.6488,0.764,0.7078,0.5989,0.8142,0.6565,0.7287,0.8594,0.5163,205.14,none,none,stable
46,0,UCB1 Adaptive Ensemble,0.6573,0.756,0.6724,0.6429,0.8142,0.6565,0.7318,0.0781,0.1121,204.94,none,none,stable
46,1,Frozen RF,0.2,0.856,0.4286,0.1304,0.839,0.4244,0.5513,0.1406,0.1323,205.17,none,none,stable
46,1,Retrained RF,0.2366,0.858,0.4583,0.1594,0.8368,0.3867,0.5646,0.6406,0.4087,205.34,none,none,stable
46,1,UCB1 Adaptive Ensemble,0.2093,0.864,0.5294,0.1304,0.8627,0.4383,0.5559,0.125,0.1429,205.15,none,none,stable
46,2,Frozen RF,0.7661,0.746,0.7536,0.779,0.8178,0.8212,0.7436,0.1719,0.16,205.26,covariate,mild,recovery
46,2,Retrained RF,0.7757,0.756,0.7617,0.7903,0.8261,0.8343,0.7535,0.8281,0.4913,205.37,covariate,mild,recovery
46,2,UCB1 Adaptive Ensemble,0.7794,0.752,0.7424,0.8202,0.8305,0.8454,0.747,1.625,1.1275,205.27,covariate,mild,recovery
46,3,Frozen RF,0.6885,0.81,0.7047,0.6731,0.8717,0.7564,0.7726,0.125,0.1221,205.33,covariate,mild,sudden
46,3,Retrained RF,0.6756,0.806,0.7063,0.6474,0.8781,0.7703,0.7627,0.75,0.4434,205.48,covariate,mild,sudden
46,3,UCB1 Adaptive Ensemble,0.7117,0.812,0.6824,0.7436,0.8766,0.7795,0.7933,0.0781,0.0973,205.32,covariate,mild,sudden
46,4,Frozen RF,0.6598,0.734,0.6719,0.6482,0.8297,0.7389,0.7195,0.125,0.1209,205.39,covariate,moderate,gradual
46,4,Retrained RF,0.6772,0.754,0.7088,0.6482,0.8472,0.7636,0.7361,0.7969,0.3918,205.47,covariate,moderate,gradual
46,4,UCB1 Adaptive Ensemble,0.6905,0.758,0.7031,0.6784,0.8468,0.7539,0.7445,0.125,0.1145,205.37,covariate,moderate,gradual
46,5,Frozen RF,0.9431,0.908,0.9845,0.905,0.9725,0.9949,0.9145,0.1562,0.1205,205.38,mixed,severe,gradual
46,5,Retrained RF,0.9328,0.892,0.9791,0.8907,0.963,0.9921,0.8947,0.9375,0.4119,205.75,mixed,severe,gradual
46,5,UCB1 Adaptive Ensemble,0.9541,0.924,0.9705,0.9382,0.9657,0.9934,0.8932,1.1094,0.8213,205.37,mixed,severe,gradual
46,6,Frozen RF,0.1714,0.884,0.5455,0.1017,0.7796,0.3435,0.5452,0.0781,0.1053,205.7,concept,mild,recovery
46,6,Retrained RF,0.1429,0.88,0.4545,0.0847,0.8148,0.3951,0.5356,0.8906,0.4115,206.31,concept,mild,recovery
46,6,UCB1 Adaptive Ensemble,0.2597,0.886,0.5556,0.1695,0.8031,0.4099,0.5757,0.1094,0.1142,205.69,concept,mild,recovery
46,7,Frozen RF,0.8444,0.86,0.9694,0.748,0.9687,0.9715,0.8618,0.0781,0.0979,206.36,concept,severe,recovery
46,7,Retrained RF,0.8565,0.87,0.9749,0.7638,0.9724,0.9745,0.8717,0.9219,0.3957,206.72,concept,severe,recovery
46,7,UCB1 Adaptive Ensemble,0.8992,0.904,0.964,0.8425,0.9745,0.9775,0.905,0.0781,0.0817,206.34,concept,severe,recovery
46,8,Frozen RF,0.8967,0.836,0.9544,0.8456,0.9248,0.9854,0.8152,0.125,0.1024,206.8,mixed,moderate,sudden
46,8,Retrained RF,0.9459,0.912,0.9796,0.9145,0.9618,0.9929,0.9066,0.9688,0.4081,207.17,mixed,moderate,sudden
46,8,UCB1 Adaptive Ensemble,0.9442,0.91,0.987,0.905,0.9647,0.9935,0.9208,1.2031,0.8452,206.78,mixed,moderate,sudden
46,9,Frozen RF,0.8934,0.81,0.966,0.8309,0.7461,0.9865,0.5821,0.1094,0.1461,207.22,mixed,severe,sudden
46,9,Retrained RF,0.9813,0.964,0.9772,0.9854,0.9516,0.9977,0.7308,0.9688,0.4036,207.32,mixed,severe,sudden
46,9,UCB1 Adaptive Ensemble,0.9801,0.962,0.9812,0.9791,0.9588,0.9981,0.7753,1.1562,0.8355,207.18,mixed,severe,sudden
46,10,Frozen RF,0.6943,0.734,0.8251,0.5992,0.8445,0.8107,0.7351,0.0938,0.0806,207.18,concept,mild,gradual
46,10,Retrained RF,0.7288,0.744,0.7818,0.6825,0.8517,0.8283,0.7445,1.2031,0.6175,207.6,concept,mild,gradual
46,10,UCB1 Adaptive Ensemble,0.791,0.778,0.7527,0.8333,0.8528,0.8322,0.7776,0.0938,0.0888,207.2,concept,mild,gradual
46,11,Frozen RF,0.8727,0.864,0.9831,0.7845,0.9737,0.9831,0.8824,0.125,0.1403,207.67,mixed,severe,gradual
46,11,Retrained RF,0.9242,0.914,0.9704,0.8822,0.9794,0.9867,0.9214,1.2969,0.5487,207.79,mixed,severe,gradual
46,11,UCB1 Adaptive Ensemble,0.9444,0.934,0.9459,0.9428,0.982,0.9885,0.932,1.4688,1.0716,207.66,mixed,severe,gradual
46,12,Frozen RF,0.8421,0.868,0.8421,0.8421,0.946,0.9067,0.8644,0.1406,0.1179,207.69,covariate,moderate,recovery
46,12,Retrained RF,0.869,0.886,0.8363,0.9043,0.9482,0.9369,0.8886,1.3594,0.5508,208.12,covariate,moderate,recovery
46,12,UCB1 Adaptive Ensemble,0.8559,0.868,0.7871,0.9378,0.951,0.9392,0.8778,0.1094,0.0935,207.69,covariate,moderate,recovery
46,13,Frozen RF,0.6467,0.74,0.7083,0.595,0.7835,0.6936,0.7158,0.1719,0.1414,207.1,none,none,stable
46,13,Retrained RF,0.665,0.724,0.6462,0.685,0.7826,0.6629,0.7175,1.3906,0.4799,207.92,none,none,stable
46,13,UCB1 Adaptive Ensemble,0.688,0.688,0.5733,0.86,0.781,0.6767,0.7167,0.0938,0.0842,207.06,none,none,stable
46,14,Frozen RF,0.0727,0.898,0.3333,0.0408,0.7606,0.2863,0.516,0.1094,0.106,203.76,none,none,stable
46,14,Retrained RF,0.1333,0.896,0.3636,0.0816,0.8185,0.3195,0.5331,1.3594,0.4702,207.63,none,none,stable
46,14,UCB1 Adaptive Ensemble,0.3469,0.872,0.3469,0.3469,0.8133,0.3153,0.638,0.0625,0.0999,203.81,none,none,stable
46,15,Frozen RF,0.7963,0.822,0.9508,0.685,0.9666,0.963,0.8242,0.1094,0.082,203.99,concept,moderate,sudden
46,15,Retrained RF,0.8645,0.874,0.9526,0.7913,0.9742,0.9726,0.8753,1.3594,0.4595,207.93,concept,moderate,sudden
46,15,UCB1 Adaptive Ensemble,0.9135,0.914,0.9342,0.8937,0.9746,0.9718,0.9143,0.0625,0.0837,204.11,concept,moderate,sudden
