stream,method,repeat,adaptation_cpu_stat,adaptation_cpu_range,prediction_cpu_stat,initial_fit_cpu_stat,runtime_stat,stat_type,source_file
ToN_IoT (experiment5 stage3),Frozen Ensemble,run1,0.0,MISSING,MISSING,MISSING,1.7072924199863335,mean over seeds (single repeat pair run1/run2),Ensemble Learning for Model Drift Detection/experiment5/results/stage3_summary_metrics_run1.csv
ToN_IoT (experiment5 stage3),Continuous Retraining,run1,35.772627339919566,MISSING,MISSING,MISSING,37.35898583988892,mean over seeds (single repeat pair run1/run2),Ensemble Learning for Model Drift Detection/experiment5/results/stage3_summary_metrics_run1.csv
ToN_IoT (experiment5 stage3),Event-Driven Baseline,run1,19.43172784000344,MISSING,MISSING,MISSING,20.980262040012168,mean over seeds (single repeat pair run1/run2),Ensemble Learning for Model Drift Detection/experiment5/results/stage3_summary_metrics_run1.csv
ToN_IoT (experiment5 stage3),RAPT (K=8),run1,6.154945779990522,MISSING,MISSING,MISSING,11.482185919990297,mean over seeds (single repeat pair run1/run2),Ensemble Learning for Model Drift Detection/experiment5/results/stage3_summary_metrics_run1.csv
ToN_IoT (experiment5 stage3),Two-Tier Hybrid RAPT,run1,14.06103414001409,MISSING,MISSING,MISSING,21.271856639985344,mean over seeds (single repeat pair run1/run2),Ensemble Learning for Model Drift Detection/experiment5/results/stage3_summary_metrics_run1.csv
ToN_IoT (experiment5 stage3),Frozen Ensemble,run2,0.0,MISSING,MISSING,MISSING,1.66321342002484,mean over seeds (single repeat pair run1/run2),Ensemble Learning for Model Drift Detection/experiment5/results/stage3_summary_metrics_run2.csv
ToN_IoT (experiment5 stage3),Continuous Retraining,run2,35.964446140019575,MISSING,MISSING,MISSING,37.61471558000194,mean over seeds (single repeat pair run1/run2),Ensemble Learning for Model Drift Detection/experiment5/results/stage3_summary_metrics_run2.csv
ToN_IoT (experiment5 stage3),Event-Driven Baseline,run2,18.87381634003832,MISSING,MISSING,MISSING,20.440143280039774,mean over seeds (single repeat pair run1/run2),Ensemble Learning for Model Drift Detection/experiment5/results/stage3_summary_metrics_run2.csv
ToN_IoT (experiment5 stage3),RAPT (K=8),run2,6.000450620005722,MISSING,MISSING,MISSING,11.391840419979417,mean over seeds (single repeat pair run1/run2),Ensemble Learning for Model Drift Detection/experiment5/results/stage3_summary_metrics_run2.csv
ToN_IoT (experiment5 stage3),Two-Tier Hybrid RAPT,run2,14.030182820031769,MISSING,MISSING,MISSING,21.412062800017885,mean over seeds (single repeat pair run1/run2),Ensemble Learning for Model Drift Detection/experiment5/results/stage3_summary_metrics_run2.csv
revalidation v2 (single run),ADWIN,single,0.0,0.0000-0.0000,MISSING,MISSING,2.6670042499990814,median (range across seeds),Ensemble Learning for Model Drift Detection/results/revalidation/A1_summary_all_streams.csv [adaptation_cpu_sec;total_runtime_sec]
revalidation v2 (single run),EDD,single,5.354196888499985,3.9543-10.2259,MISSING,MISSING,8.05260192499918,median (range across seeds),Ensemble Learning for Model Drift Detection/results/revalidation/A1_summary_all_streams.csv [adaptation_cpu_sec;total_runtime_sec]
revalidation v2 (single run),EDMA,single,0.0,0.0000-0.0000,MISSING,MISSING,2.6790428400017845,median (range across seeds),Ensemble Learning for Model Drift Detection/results/revalidation/A1_summary_all_streams.csv [adaptation_cpu_sec;total_runtime_sec]
revalidation v2 (single run),Event-Driven,single,0.47389363299996035,0.1036-1.0117,MISSING,MISSING,3.1517532849993586,median (range across seeds),Ensemble Learning for Model Drift Detection/results/revalidation/A1_summary_all_streams.csv [adaptation_cpu_sec;total_runtime_sec]
revalidation v2 (single run),Frozen,single,0.6124050930000032,0.0762-1.2333,MISSING,MISSING,2.661938294997526,median (range across seeds),Ensemble Learning for Model Drift Detection/results/revalidation/A1_summary_all_streams.csv [adaptation_cpu_sec;total_runtime_sec]
revalidation v2 (single run),Full Retraining,single,2.4285280545000276,0.7587-25.3467,MISSING,MISSING,4.63877348099777,median (range across seeds),Ensemble Learning for Model Drift Detection/results/revalidation/A1_summary_all_streams.csv [adaptation_cpu_sec;total_runtime_sec]
revalidation v2 (single run),Page-Hinkley,single,0.0,0.0000-0.0000,MISSING,MISSING,2.698585294499935,median (range across seeds),Ensemble Learning for Model Drift Detection/results/revalidation/A1_summary_all_streams.csv [adaptation_cpu_sec;total_runtime_sec]
revalidation v2 (single run),RAPT,single,0.26829562400013174,0.2282-2.0519,MISSING,MISSING,3.4613092164981936,median (range across seeds),Ensemble Learning for Model Drift Detection/results/revalidation/A1_summary_all_streams.csv [adaptation_cpu_sec;total_runtime_sec]
revalidation v2 (single run),RAPT-Enhanced,single,1.5779754774999901,0.2263-2.8829,MISSING,MISSING,6.113248086001477,median (range across seeds),Ensemble Learning for Model Drift Detection/results/revalidation/A1_summary_all_streams.csv [adaptation_cpu_sec;total_runtime_sec]
9A (single run),ADWIN,single,0.0,0.0000-0.0000,MISSING,MISSING,1.2565485659979458,median (range across seeds),Ensemble Learning for Model Drift Detection/results/experiment_9a_three/raw/summary_5g_campus_full.csv [adaptation_cpu_sec;total_runtime_sec]
9A (single run),EDD,single,3.9768195199999887,3.9323-4.0473,MISSING,MISSING,5.260107098001754,median (range across seeds),Ensemble Learning for Model Drift Detection/results/experiment_9a_three/raw/summary_5g_campus_full.csv [adaptation_cpu_sec;total_runtime_sec]
9A (single run),EDMA,single,0.0,0.0000-0.0000,MISSING,MISSING,1.2663835960011056,median (range across seeds),Ensemble Learning for Model Drift Detection/results/experiment_9a_three/raw/summary_5g_campus_full.csv [adaptation_cpu_sec;total_runtime_sec]
9A (single run),Event-Driven,single,0.105282700999993,0.1050-0.1191,MISSING,MISSING,1.386651972999971,median (range across seeds),Ensemble Learning for Model Drift Detection/results/experiment_9a_three/raw/summary_5g_campus_full.csv [adaptation_cpu_sec;total_runtime_sec]
9A (single run),Frozen,single,0.0,0.0000-0.0000,MISSING,MISSING,1.2533871169980555,median (range across seeds),Ensemble Learning for Model Drift Detection/results/experiment_9a_three/raw/summary_5g_campus_full.csv [adaptation_cpu_sec;total_runtime_sec]
9A (single run),Full Retraining,single,1.398924186000002,1.3886-1.4156,MISSING,MISSING,2.669492408000224,median (range across seeds),Ensemble Learning for Model Drift Detection/results/experiment_9a_three/raw/summary_5g_campus_full.csv [adaptation_cpu_sec;total_runtime_sec]
9A (single run),Page-Hinkley,single,0.0,0.0000-0.0000,MISSING,MISSING,1.2550730069997371,median (range across seeds),Ensemble Learning for Model Drift Detection/results/experiment_9a_three/raw/summary_5g_campus_full.csv [adaptation_cpu_sec;total_runtime_sec]
9A (single run),RAPT,single,0.2276022030000319,0.2255-0.2391,MISSING,MISSING,1.4862141599987808,median (range across seeds),Ensemble Learning for Model Drift Detection/results/experiment_9a_three/raw/summary_5g_campus_full.csv [adaptation_cpu_sec;total_runtime_sec]
9A (single run),RAPT-Enhanced,single,0.2276559190000142,0.2256-0.2600,MISSING,MISSING,2.109536472999025,median (range across seeds),Ensemble Learning for Model Drift Detection/results/experiment_9a_three/raw/summary_5g_campus_full.csv [adaptation_cpu_sec;total_runtime_sec]
