feature,ref_mean,comp_mean,mean_diff,ref_std,comp_std,ks_stat,ks_pvalue,psi,is_drifted
rsrp_mean,-84.83398327663298,-130.05368946752736,-45.219706190894385,1.0671204685545834,1.2408696121329226,1.0,4.7214638120312465e-298,6.908797402954802,True
rsrp_std,4.7424210724027445,5.166742393321272,0.42432132091852726,0.7428228112177243,0.8887060606890824,0.22736418511066403,1.1386986422881329e-11,0.29363608771224825,True
rsrp_min,-94.01743273306978,-140.13360073844,-46.11616800537023,2.621037148632048,2.833463951045852,1.0,4.7214638120312465e-298,6.909281346947769,True
rsrp_max,-75.52585050899162,-120.17218283653229,-44.64633232754066,2.6100528039829607,3.0062827937342944,1.0,4.7214638120312465e-298,6.9092031960053895,True
rsrp_q25,-87.95507916750343,-133.3739568070948,-45.41887763959137,1.4026758518654185,1.615701487271569,1.0,4.7214638120312465e-298,6.909081642309579,True
rsrp_q75,-81.80790445289637,-126.57251152362726,-44.76460707073089,1.3068764140393163,1.4741496917594703,1.0,4.7214638120312465e-298,6.908878712558424,True
sinr_mean,14.917820599113593,-7.0088688139270605,-21.926689413040656,0.6445681961716535,0.7075444068757679,1.0,4.7214638120312465e-298,6.908797402954802,True
sinr_std,2.965315001390342,3.23788392549153,0.27256892410118816,0.4468967530321101,0.5427315289858855,0.21931589537223345,6.996123640278391e-11,0.2676528894006944,True
sinr_min,9.195007908789945,-13.530905634601543,-22.72591354339149,1.3626514957221414,1.991190909080663,1.0,4.7214638120312465e-298,6.909162130493955,True
sinr_max,20.8099550227916,-0.8440977137587546,-21.65405273655035,1.6332604966402267,1.7382610642235772,1.0,4.7214638120312465e-298,6.909076806576867,True
sinr_q25,13.008876446786353,-9.111629842553322,-22.120506289339673,0.8454296034529449,0.9044762698454734,1.0,4.7214638120312465e-298,6.908958411542299,True
sinr_q75,16.819485297236117,-4.86704081609457,-21.686526113330686,0.8823258915915456,0.9846182888909999,1.0,4.7214638120312465e-298,6.908877891139179,True
agv_speed_mean,1.245861032551555,1.7639512362241223,0.5180902036725674,0.09791328883367824,0.09721358002762452,0.9959758551307848,2.3301415419774727e-292,6.21330448979262,True
agv_speed_std,0.42316354800640404,0.42665785879577317,0.003494310789369126,0.04715908108321422,0.04757583303872396,0.046277665995975825,0.6622280134457018,0.024139681479397265,False
agv_speed_min,0.5674694605523491,1.0286500804046328,0.46118061985228365,0.06314296230722496,0.10441689288824857,0.9959758551307848,2.3301415419774727e-292,6.252012353787833,True
agv_speed_max,1.9312749033882577,2.4729416916209255,0.5416667882326678,0.06858543262807931,0.09843670687183409,1.0,4.7214638120312465e-298,6.909403659484573,True
agv_speed_q25,0.9007236101570399,1.4331401015029666,0.5324164913459266,0.14064010214849276,0.14154556176795638,0.949698189134809,1.9316366280987587e-248,7.6295718844017,True
agv_speed_q75,1.5885450556811507,2.0958131465613303,0.5072680908801797,0.14583246732905436,0.1322899289199164,0.9456740442655935,2.580996729435343e-245,5.6843645645906085,True
packet_loss_mean,0.010295117025018886,0.026330206122117727,0.016035089097098842,0.0024819408397314035,0.004743577180412596,0.9798792756539236,1.1707207634533017e-274,5.953723915812402,True
packet_loss_std,0.009622635755325964,0.020367040014384233,0.010744404259058269,0.003044397560309624,0.005456826622320886,0.8350100603621731,1.9515001558489246e-176,4.613102288574553,True
packet_loss_min,0.0005317766976653534,0.0035471144582582457,0.0030153377605928924,0.0005211790638390124,0.002046471512171283,0.790744466800805,9.196210303556248e-155,4.438953303891598,True
packet_loss_max,0.03757160180040393,0.08137565785946513,0.0438040560590612,0.013762315796203689,0.02485229520029159,0.7867203219315896,6.537406607616118e-153,5.258893825902071,True
packet_loss_q25,0.0035070010563589323,0.011533542878850904,0.008026541822491972,0.0014380929875595619,0.0032626430740227462,0.9255533199195172,1.3932255037768355e-230,5.600267338129709,True
packet_loss_q75,0.013896640016887202,0.03493867313775582,0.021042033120868615,0.003804951620566855,0.007859561434164695,0.9517102615694165,4.978444917780306e-250,6.327071750247542,True
sig5g_1_mean,-89.99837192681025,-100.02323491878956,-10.024862991979305,0.8886662540424861,0.9327699923968055,1.0,4.7214638120312465e-298,6.908797402954802,True
sig5g_1_std,3.867401565647952,4.112078422623642,0.24467685697569008,0.5928317549156383,0.6058858303426667,0.17505030181086523,4.566146706118332e-07,0.1925956278023938,False
sig5g_1_min,-97.48216928204153,-108.07349684897294,-10.591327566931412,2.326077725803622,2.1765431561703914,0.9879275653923542,6.230122909970779e-283,6.2306949317903815,True
sig5g_1_max,-82.46887792344414,-92.4362410315533,-9.967363108109154,2.1701503284726047,1.896009340439212,0.9919517102615695,1.9089140882957317e-287,6.455201498514587,True
sig5g_1_q25,-92.53081871522166,-102.76033533163634,-10.229516616414685,1.0820208678597656,1.1883931090662643,1.0,4.7214638120312465e-298,6.908797402954802,True
sig5g_1_q75,-87.46573174052915,-97.22790843783116,-9.76217669730201,1.1255011700653497,1.276530168467717,1.0,4.7214638120312465e-298,6.908878712558425,True
sig5g_2_mean,-88.05556717814429,-97.90273726374296,-9.847170085598677,0.875558731883648,1.0114141145237077,1.0,4.7214638120312465e-298,6.908797402954802,True
sig5g_2_std,3.6530325115761104,4.08633746818487,0.43330495660875945,0.6549160138689959,0.6452789311404312,0.27565392354124757,5.0459060067379144e-17,0.46152910473896025,True
sig5g_2_min,-94.99009419806288,-105.74331408003434,-10.75321988197146,2.0473899994123292,2.1363177028415112,0.9879275653923542,6.230122909970779e-283,6.341469354630921,True
sig5g_2_max,-81.06858828751527,-89.86613810938756,-8.797549821872295,2.0074802074433378,2.066072378086719,0.9818913480885313,1.1885489984297479e-276,6.265224808565813,True
sig5g_2_q25,-90.50397909901481,-100.59403037436364,-10.090051275348827,1.2698234767806478,1.2455074438890341,1.0,4.7214638120312465e-298,6.908878712558424,True
sig5g_2_q75,-85.63554450514303,-95.26386595783882,-9.628321452695786,1.0976227905309552,1.2802507176854898,1.0,4.7214638120312465e-298,6.908797402954802,True
wifi_rssi_mean,-65.177349937344,-80.12679941399729,-14.949449476653285,1.247446408805279,1.4912223779984424,1.0,4.7214638120312465e-298,6.908797402954802,True
wifi_rssi_std,5.791255717042931,6.2085635752974895,0.4173078582545582,0.852231727061342,0.9200560731965819,0.18913480885311873,3.475764338889197e-08,0.24189366171834317,False
wifi_rssi_min,-76.52487587699807,-91.94018720541558,-15.415311328417516,3.023024439650746,3.599355706822924,0.9738430583501007,6.480315366255688e-269,6.313587414063071,True
wifi_rssi_max,-53.822117361222325,-67.97667317478871,-14.15455581356639,3.1528538518754363,3.1522302229141013,0.983903420523139,1.0848824529277617e-278,6.36781575337651,True
wifi_rssi_q25,-68.88973776769595,-84.33411174655566,-15.444373978859716,1.6494018062338471,1.9128248031364592,1.0,4.7214638120312465e-298,6.908797402954802,True
wifi_rssi_q75,-61.379631720911775,-76.07649810126051,-14.696866380348737,1.7153933548124296,1.8809444960948454,1.0,4.7214638120312465e-298,6.908877891139178,True
delay_jitter_mean,2.991227093674945,5.983682340795895,2.9924552471209496,0.2574346157392054,0.2629549108133268,1.0,4.7214638120312465e-298,6.908797402954802,True
delay_jitter_std,1.1250438618179868,1.2089563731780637,0.08391251136007694,0.1186067785982658,0.1497606064013225,0.261569416498994,2.373917408346728e-15,0.2651353525119667,True
delay_jitter_min,1.1899233478107292,3.8905946528204636,2.7006713050097346,0.16530613375244974,0.4080510203038628,1.0,4.7214638120312465e-298,6.90907996523811,True
delay_jitter_max,4.819284860472865,8.138606129271485,3.31932126879862,0.18040851915298417,0.38941326677250165,1.0,4.7214638120312465e-298,6.90920072973342,True
delay_jitter_q25,2.06418484041908,5.0627944359132755,2.9986095954941954,0.36803979133922265,0.3815110544593944,1.0,4.7214638120312465e-298,6.908918135231366,True
delay_jitter_q75,3.906355838425166,6.896909599575417,2.9905537611502506,0.37584385667627596,0.33368130545332386,1.0,4.7214638120312465e-298,6.908797402954802,True
agv_pos_x_mean,122.87068882122516,375.2680226123455,252.39733379112033,70.51350248559152,73.16726970934359,1.0,4.7214638120312465e-298,6.908797402954802,True
agv_pos_x_std,0.5743867906457797,0.5903557719768758,0.015968981331096144,0.07119082225834682,0.06849902991198609,0.10663983903420526,0.006986253035178554,0.06897331017386021,False
agv_pos_x_min,121.92916876184282,374.29993302709164,252.37076426524882,70.50161945718946,73.17137937767995,1.0,4.7214638120312465e-298,6.908797402954802,True
agv_pos_x_max,123.81341612632396,376.23552253230355,252.4221064059796,70.52641926770208,73.16436507251808,1.0,4.7214638120312465e-298,6.908797402954802,True
agv_pos_x_q25,122.40000425551253,374.78401988781286,252.38401563230033,70.50781131231831,73.16892155274297,1.0,4.7214638120312465e-298,6.908797402954802,True
agv_pos_x_q75,123.34210090818377,375.7516720889113,252.4095711807275,70.52030188208288,73.16567770525408,1.0,4.7214638120312465e-298,6.908797402954802,True
agv_pos_y_mean,62.95291203151717,188.77762845020735,125.82471641869017,36.063532544999646,35.95687744516123,1.0,4.7214638120312465e-298,6.908797402954802,True
agv_pos_y_std,0.2919490247884126,0.2897930854893422,-0.0021559392990704307,0.030020129650926777,0.02760164376254928,0.08853118712273644,0.04062361293684038,0.0434750656027304,False
agv_pos_y_min,62.47346279644139,188.3012265084691,125.82776371202772,36.0612255983077,35.957439631107796,1.0,4.7214638120312465e-298,6.908797402954802,True
agv_pos_y_max,63.432362576666456,189.25317112316355,125.82080854649709,36.06450298586371,35.95570055406704,1.0,4.7214638120312465e-298,6.908797402954802,True
agv_pos_y_q25,62.71322010367925,188.53910750885848,125.82588740517923,36.062082801960614,35.95701226255537,1.0,4.7214638120312465e-298,6.908797402954802,True
agv_pos_y_q75,63.19281578868944,189.0151496059364,125.82233381724694,36.06328519039801,35.95610209460623,1.0,4.7214638120312465e-298,6.908797402954802,True
battery_volt_mean,23.500100020004002,22.499899979995998,-1.0002000400080036,0.2869999029319617,0.28699990293196187,1.0,4.7214638120312465e-298,6.908797402954802,True
battery_volt_std,0.002306973913716925,0.0023069739137169297,4.7704895589362195e-18,4.505918987284822e-16,4.66209206974856e-16,0.12273641851106643,0.0011081074772593825,0.15749203228716446,False
battery_volt_min,23.49629925985197,22.49609921984397,-1.000200040008,0.286999902931962,0.28699990293196204,1.0,4.7214638120312465e-298,6.908797402954802,True
battery_volt_max,23.50390078015603,22.50370074014803,-1.000200040008,0.28699990293196204,0.28699990293196187,1.0,4.7214638120312465e-298,6.908797402954802,True
battery_volt_q25,23.498199639927986,22.497999599919982,-1.0002000400080036,0.2869999029319619,0.28699990293196204,1.0,4.7214638120312465e-298,6.908797402954802,True
battery_volt_q75,23.502000400080018,22.501800360072018,-1.000200040008,0.2869999029319621,0.28699990293196187,1.0,4.7214638120312465e-298,6.908797402954802,True
temp_sensor_mean,34.98646165738569,35.005304436618225,0.018842779232535634,0.13246647204807974,0.11383683423403074,0.12676056338028172,0.0006713636089932873,0.1231513591222497,False
temp_sensor_std,0.4867508081004778,0.4735610145294064,-0.013189793571071418,0.07362971599459034,0.08395037900874615,0.09255533199195172,0.02826300590820158,0.08177142244870728,False
temp_sensor_min,34.03881615040712,34.08395092738109,0.04513477697396695,0.2558243371549959,0.27845074069505504,0.12072434607645877,0.0014149289982102338,0.15217186344809835,False
temp_sensor_max,35.92809588023752,35.91057015278762,-0.01752572744990033,0.25071624808188553,0.27641758838535424,0.08450704225352113,0.05745078431103461,0.13080957822890044,False
temp_sensor_q25,34.66913887052061,34.69892194801348,0.029783077492865573,0.1659688678252517,0.14115664902737624,0.14688128772635817,4.2876792478496326e-05,0.14322597833538236,False
temp_sensor_q75,35.30972419910832,35.31801439883765,0.008290199729330539,0.16415774462269692,0.14701067555578762,0.06237424547283704,0.2885887442522942,0.03883103272275585,False
sinr_jitter_ratio_mean,6.026307667672498,-1.2316019235812965,-7.257909591253794,0.7091650223319984,0.14399861108836745,1.0,4.7214638120312465e-298,6.908797402954802,True
sinr_jitter_ratio_std,3.0698532113165085,0.6479095634971707,-2.421943647819338,0.6655899573468497,0.11948510077828237,1.0,4.7214638120312465e-298,6.908797402954802,True
