path,size_bytes,sha256,commit
results/extract/v2/T2_ugr16_refit_codepaths.csv,1942,694217408c9ea6aaf28b5111952ee3865a3451b62a18e7500075bccde4870757,71db91b404406d7f597b37af2bec31838d02af84
results/extract/v2/T2_ugr16_refit_rows.csv,78340,b59e2c5769dfcd5f7e42668f13e15e66c13d3813cb0d95ba0e9f42b73a1113b9,71db91b404406d7f597b37af2bec31838d02af84
results/extract/v2/T2_ugr16_refit_summary.csv,450,c0dfc615a9cd2f38b299fe73f18cfe81f73e875c17fa06fb6cb04315e95b2ead,71db91b404406d7f597b37af2bec31838d02af84
results/extract/v2/T3_5gnr_event_driven.csv,1248,2d2a6f90292cc005c728dae557961a85b1e3a67c0e1ca6f946fcbbd7e6f2f7c5,71db91b404406d7f597b37af2bec31838d02af84
results/extract/v2/T3_5gnr_loader_facts.csv,1364,6d4649965aa6f59831ec6c7189a350a9c48f73fe43b7e6ed89456f21e14f6977,71db91b404406d7f597b37af2bec31838d02af84
results/extract/v2/T4_detector_sanity.csv,821,436a33c2b25e721e9e9577afbab4f04d7b5c4ee717bbcb7af2f4c0e97583affe,71db91b404406d7f597b37af2bec31838d02af84
results/extract/v2/T4_detector_sanity_meta.csv,784,9c5cb25fcb5b9c3c2417acd0ee3d781c456111d164fa5a73c09db8a72bd502e9,71db91b404406d7f597b37af2bec31838d02af84
results/extract/v2/T4_detector_sanity_raw.csv,16268,640e1af91a9be0be99b4af2d78de2b5730322dcf3b94be72a32fd7dbfaf563aa,71db91b404406d7f597b37af2bec31838d02af84
results/extract/v2/T5_ugr16_bootstrap_comparison.csv,1198,84f798e5008e01113bec8ae5d38a4f3093541b0652bd74c362a80d09e28b4099,71db91b404406d7f597b37af2bec31838d02af84
results/extract/v2/T5_ugr16_dayblock.csv,653,584490a9ef2b11d76b6e2350b98e9076e396d90c691d406b3a919133c8122a3b,71db91b404406d7f597b37af2bec31838d02af84
results/extract/v2/T5_ugr16_dayblock_per_seed.csv,3918,d99b1be86681f161135c97e49af5dc878aa3f4c0f1b96f531b70d9de6f7cc992,71db91b404406d7f597b37af2bec31838d02af84
results/extract/v2/T5_ugr16_pooled_recompute_check.csv,2490,39409600c741a8dbf1720d4e278d9a2b7568d9ac734e456bd0d63414685ae6c1,71db91b404406d7f597b37af2bec31838d02af84
results/extract/v2/T5_ugr16_regimerun_for_comparison.csv,552,c93adcbb52b093e93a3c04bde686df5a15d265254a4654adef3a505540ede38e,71db91b404406d7f597b37af2bec31838d02af84
