model,family,val_f1,val_accuracy,val_precision,val_recall,val_balanced_acc,fit_time_ms,pred_time_ms,cpu_time_ms,avg_pairwise_disagreement,avg_pairwise_error_corr
LightGBM,Tree / Boosting,0.6848,0.826,0.7214,0.6517,0.7745,88.5,12.5,93.8,0.033,0.8881
LogisticRegression,Linear Discriminative,0.6865,0.8285,0.7305,0.6474,0.7749,32.6,2.7,31.2,0.0356,0.8788
GaussianNB,Generative Bayesian,0.7065,0.8013,0.6178,0.825,0.8083,7.3,2.1,0.0,0.126,0.5875
RandomForest,Tree / Bagging,0.6874,0.8245,0.7109,0.6655,0.7775,609.3,9.5,593.8,0.034,0.8849
ExtraTrees,Tree / Bagging,0.6595,0.818,0.7209,0.6078,0.7558,138.4,10.0,140.6,0.0454,0.8481
XGBoost,Tree / Boosting,0.6788,0.8237,0.7198,0.6422,0.7701,170.8,5.1,265.6,0.0317,0.8932
CatBoost,Tree / Boosting,0.6867,0.8257,0.7174,0.6586,0.7763,343.9,1.8,718.8,0.0316,0.8929
HistGradientBoosting,Tree / Boosting,0.6773,0.8227,0.7175,0.6414,0.7691,2624.5,5.5,296.9,0.0318,0.893
LinearSVC,Linear Discriminative,0.6853,0.828,0.73,0.6457,0.7741,58.0,5.2,109.4,0.0361,0.8773
SmallMLP,Neural Network,0.6991,0.8297,0.7171,0.6819,0.786,973.3,1.7,953.1,0.0336,0.8853
