seed,detector,precision,recall,f1,tp,fp,fn,tn,mean_latency,std_latency,median_latency,window_trigger_rate,episode_detection_rate,detection_rate,total_episodes,detected_episodes,tuned,hyperparameters
42,Custom Dual-Trigger,0.7142857142857143,0.6666666666666666,0.689655172413793,30,12,15,3,0.16666666666666666,0.372677996249965,0.0,0.7,0.8,0.8,30,24,True,"{'wasserstein_threshold': 0.1, 'perf_drop_threshold': 0.08}"
42,ADWIN,0.6744186046511628,0.6444444444444445,0.6590909090909091,29,14,16,1,0.2,0.4,0.0,0.7166666666666667,0.8333333333333334,0.8333333333333334,30,25,True,{'delta': 0.0005}
42,DDM,0.6296296296296297,0.37777777777777777,0.47222222222222215,17,10,28,5,0.26666666666666666,0.573488351136175,0.0,0.45,0.5,0.5,30,15,True,"{'warm_start': 30, 'warning_threshold': 1.5, 'drift_threshold': 3.5}"
42,EDDM,0.7627118644067796,1.0,0.8653846153846153,45,14,0,1,0.0,0.0,0.0,0.9833333333333333,1.0,1.0,30,30,True,"{'warm_start': 20, 'alpha': 0.93, 'beta': 0.9}"
42,Page-Hinkley,0.6,0.26666666666666666,0.36923076923076925,12,8,33,7,0.2727272727272727,0.4453617714151233,0.0,0.3333333333333333,0.36666666666666664,0.36666666666666664,30,11,True,"{'min_instances': 30, 'delta': 0.002, 'threshold': 65.0, 'alpha': 0.9999, 'mode': 'both'}"
43,Custom Dual-Trigger,0.75,0.4666666666666667,0.5753424657534245,21,7,24,8,0.3,0.5567764362830021,0.0,0.4666666666666667,0.6666666666666666,0.6666666666666666,30,20,True,"{'wasserstein_threshold': 0.15, 'perf_drop_threshold': 0.12}"
43,ADWIN,0.7454545454545455,0.9111111111111111,0.8200000000000001,41,14,4,1,0.037037037037037035,0.18885257457751053,0.0,0.9166666666666666,0.9,0.9,30,27,True,{'delta': 0.002}
43,DDM,0.7045454545454546,0.6888888888888889,0.6966292134831461,31,13,14,2,0.045454545454545456,0.2082988952252655,0.0,0.7333333333333333,0.7333333333333333,0.7333333333333333,30,22,True,"{'warm_start': 30, 'warning_threshold': 1.5, 'drift_threshold': 2.5}"
43,EDDM,0.7321428571428571,0.9111111111111111,0.8118811881188118,41,15,4,0,0.0,0.0,0.0,0.9333333333333333,0.9,0.9,30,27,True,"{'warm_start': 20, 'alpha': 0.93, 'beta': 0.9}"
43,Page-Hinkley,0.75,0.3333333333333333,0.46153846153846156,15,5,30,10,0.14285714285714285,0.3499271061118826,0.0,0.3333333333333333,0.4666666666666667,0.4666666666666667,30,14,True,"{'min_instances': 30, 'delta': 0.01, 'threshold': 65.0, 'alpha': 0.9999, 'mode': 'both'}"
44,Custom Dual-Trigger,0.7916666666666666,0.4222222222222222,0.5507246376811594,19,5,26,10,0.1111111111111111,0.3142696805273545,0.0,0.4,0.4864864864864865,0.4864864864864865,37,18,True,"{'wasserstein_threshold': 0.15, 'perf_drop_threshold': 0.12}"
44,ADWIN,0.7209302325581395,0.6888888888888889,0.7045454545454545,31,12,14,3,0.14814814814814814,0.3552467795046459,0.0,0.7166666666666667,0.7297297297297297,0.7297297297297297,37,27,True,{'delta': 0.001}
44,DDM,0.7547169811320755,0.8888888888888888,0.8163265306122449,40,13,5,2,0.0,0.0,0.0,0.8833333333333333,0.8648648648648649,0.8648648648648649,37,32,True,"{'warm_start': 30, 'warning_threshold': 1.5, 'drift_threshold': 2.5}"
44,EDDM,0.75,1.0,0.8571428571428571,45,15,0,0,0.0,0.0,0.0,1.0,1.0,1.0,37,37,True,"{'warm_start': 20, 'alpha': 0.93, 'beta': 0.9}"
44,Page-Hinkley,0.75,0.4,0.5217391304347827,18,6,27,9,0.2222222222222222,0.41573970964154905,0.0,0.4,0.4864864864864865,0.4864864864864865,37,18,True,"{'min_instances': 30, 'delta': 0.002, 'threshold': 65.0, 'alpha': 0.9999, 'mode': 'both'}"
45,Custom Dual-Trigger,0.6923076923076923,0.6,0.6428571428571429,27,12,18,3,0.041666666666666664,0.19982631347136334,0.0,0.65,0.7058823529411765,0.7058823529411765,34,24,True,"{'wasserstein_threshold': 0.1, 'perf_drop_threshold': 0.08}"
45,ADWIN,0.7346938775510204,0.8,0.7659574468085106,36,13,9,2,0.034482758620689655,0.18246560765962697,0.0,0.8166666666666667,0.8529411764705882,0.8529411764705882,34,29,True,{'delta': 0.002}
45,DDM,0.7291666666666666,0.7777777777777778,0.7526881720430108,35,13,10,2,0.038461538461538464,0.1923076923076923,0.0,0.8,0.7647058823529411,0.7647058823529411,34,26,True,"{'warm_start': 30, 'warning_threshold': 1.5, 'drift_threshold': 2.5}"
45,EDDM,0.7321428571428571,0.9111111111111111,0.8118811881188118,41,15,4,0,0.0,0.0,0.0,0.9333333333333333,0.8823529411764706,0.8823529411764706,34,30,True,"{'warm_start': 20, 'alpha': 0.93, 'beta': 0.9}"
45,Page-Hinkley,0.7,0.3111111111111111,0.43076923076923074,14,6,31,9,0.23076923076923078,0.42132504423474315,0.0,0.3333333333333333,0.38235294117647056,0.38235294117647056,34,13,True,"{'min_instances': 30, 'delta': 0.01, 'threshold': 65.0, 'alpha': 0.9999, 'mode': 'both'}"
46,Custom Dual-Trigger,0.72,0.4,0.5142857142857142,18,7,27,8,0.25,0.5590169943749475,0.0,0.4166666666666667,0.5,0.5,32,16,True,"{'wasserstein_threshold': 0.15, 'perf_drop_threshold': 0.12}"
46,ADWIN,0.6818181818181818,0.6666666666666666,0.6741573033707865,30,14,15,1,0.045454545454545456,0.2082988952252655,0.0,0.7333333333333333,0.6875,0.6875,32,22,True,{'delta': 0.001}
46,DDM,0.7647058823529411,0.8666666666666667,0.8125,39,12,6,3,0.0,0.0,0.0,0.85,0.875,0.875,32,28,True,"{'warm_start': 30, 'warning_threshold': 1.5, 'drift_threshold': 2.5}"
46,EDDM,0.7586206896551724,0.9777777777777777,0.854368932038835,44,14,1,1,0.0,0.0,0.0,0.9666666666666667,0.96875,0.96875,32,31,True,"{'warm_start': 20, 'alpha': 0.93, 'beta': 0.9}"
46,Page-Hinkley,0.6842105263157895,0.28888888888888886,0.40625,13,6,32,9,0.07692307692307693,0.26646935501059654,0.0,0.31666666666666665,0.40625,0.40625,32,13,True,"{'min_instances': 30, 'delta': 0.01, 'threshold': 65.0, 'alpha': 0.9999, 'mode': 'both'}"
