seed,window,drift_type,severity,transition,custom_drift_detected,covariate_drift,concept_drift,wasserstein_score,f1_drop
42,0,none,none,stable,True,False,True,0.0485,0.1326
42,1,none,none,stable,True,False,True,0.0923,0.1404
42,2,covariate,mild,gradual,True,False,True,0.0942,0.238
42,3,covariate,severe,sudden,True,True,False,0.3156,0.0
42,4,covariate,moderate,recovery,True,True,False,0.1499,0.0
42,5,covariate,mild,gradual,True,False,True,0.0968,0.3188
42,6,mixed,moderate,sudden,True,True,False,0.2765,0.0
42,7,concept,severe,gradual,False,False,False,0.0507,0.0294
42,8,none,none,stable,False,False,False,0.0487,0.003
42,9,none,none,stable,True,False,True,0.0922,0.087
42,10,concept,moderate,recovery,True,True,True,0.1063,0.4187
42,11,mixed,moderate,recovery,True,True,False,0.142,0.0
42,12,mixed,mild,sudden,True,True,False,0.1357,0.0
42,13,concept,mild,sudden,True,True,True,0.1048,0.2676
42,14,concept,moderate,gradual,False,False,False,0.0935,0.0
42,15,none,none,stable,True,False,True,0.0503,0.0862
42,16,covariate,moderate,gradual,False,False,False,0.0871,0.0
42,17,concept,mild,recovery,False,False,False,0.0945,0.0
42,18,concept,mild,sudden,True,True,True,0.1073,0.2198
42,19,concept,severe,sudden,False,False,False,0.038,0.0
42,20,mixed,moderate,sudden,True,True,False,0.2281,0.0
42,21,mixed,moderate,recovery,False,False,False,0.0827,0.0
42,22,covariate,moderate,sudden,True,True,False,0.2803,0.0
42,23,none,none,stable,True,False,True,0.05,0.2869
42,24,covariate,moderate,sudden,True,True,False,0.156,0.0
42,25,covariate,mild,recovery,True,True,False,0.1434,0.0351
42,26,none,none,stable,True,True,True,0.1059,0.4897
42,27,mixed,mild,recovery,False,False,False,0.0883,0.0
42,28,mixed,mild,recovery,False,False,False,0.0886,0.0
42,29,none,none,stable,True,True,True,0.1048,0.3673
42,30,covariate,severe,recovery,True,True,False,0.2488,0.0
42,31,mixed,moderate,gradual,False,False,False,0.0886,0.0
42,32,mixed,severe,recovery,True,True,False,0.1266,0.0
42,33,concept,severe,sudden,False,False,False,0.0956,0.0703
42,34,mixed,mild,sudden,True,False,True,0.0895,0.217
42,35,covariate,moderate,gradual,True,True,False,0.1613,0.0
42,36,concept,mild,sudden,False,False,False,0.0401,0.0
42,37,concept,moderate,recovery,True,True,True,0.107,0.1791
42,38,covariate,mild,gradual,True,True,False,0.1506,0.0
42,39,none,none,stable,True,False,True,0.0505,0.0969
42,40,none,none,stable,False,False,False,0.049,0.0
42,41,mixed,moderate,recovery,True,True,False,0.1943,0.0
42,42,concept,severe,gradual,True,True,True,0.1067,0.3606
42,43,none,none,stable,False,False,False,0.0396,0.0
42,44,mixed,severe,recovery,True,True,False,0.2189,0.0
42,45,concept,mild,gradual,True,True,True,0.1072,0.3367
42,46,concept,severe,recovery,False,False,False,0.0921,0.0
42,47,mixed,mild,recovery,False,False,False,0.0424,0.0742
42,48,mixed,severe,sudden,True,True,False,0.2567,0.0
42,49,concept,severe,gradual,False,False,False,0.0943,0.0089
42,50,mixed,severe,sudden,True,True,False,0.2247,0.0
42,51,none,none,stable,True,False,True,0.0409,0.1287
42,52,covariate,severe,sudden,True,True,False,0.3175,0.0
42,53,none,none,stable,True,True,True,0.1086,0.4424
42,54,covariate,moderate,gradual,True,True,False,0.2127,0.0
42,55,none,none,stable,True,False,True,0.0487,0.1095
42,56,covariate,severe,gradual,True,True,False,0.1487,0.0
42,57,covariate,mild,gradual,True,True,False,0.1475,0.0
42,58,none,none,stable,True,True,True,0.1043,0.4321
42,59,concept,severe,gradual,False,False,False,0.0378,0.0
43,0,none,none,stable,True,False,True,0.0477,0.2103
43,1,mixed,moderate,recovery,True,True,False,0.1975,0.0
43,2,covariate,mild,recovery,True,False,True,0.0919,0.5548
43,3,mixed,mild,gradual,False,False,False,0.0953,0.0
43,4,none,none,stable,False,False,False,0.0379,0.0198
43,5,concept,mild,gradual,True,False,True,0.1032,0.362
43,6,mixed,mild,recovery,False,False,False,0.1419,0.0
43,7,covariate,moderate,gradual,False,False,False,0.0901,0.0
43,8,covariate,moderate,sudden,True,True,False,0.1548,0.0
43,9,mixed,moderate,gradual,True,True,False,0.2028,0.0
43,10,none,none,stable,True,False,True,0.1032,0.5141
43,11,mixed,severe,sudden,True,True,False,0.3032,0.0
43,12,none,none,stable,True,False,True,0.0373,0.1222
43,13,concept,mild,sudden,True,False,True,0.1052,0.2086
43,14,mixed,moderate,recovery,True,True,False,0.1923,0.0
43,15,none,none,stable,True,False,True,0.0491,0.1866
43,16,covariate,mild,sudden,False,False,False,0.0654,0.0
43,17,covariate,severe,gradual,True,True,False,0.2592,0.0
43,18,mixed,moderate,recovery,True,False,True,0.0952,0.2142
43,19,none,none,stable,False,False,False,0.0384,0.0
43,20,mixed,mild,sudden,False,False,False,0.1353,0.0
43,21,mixed,severe,gradual,False,False,False,0.1277,0.0319
43,22,none,none,stable,False,False,False,0.0912,0.0602
43,23,concept,severe,sudden,False,False,False,0.0505,0.0169
43,24,concept,severe,recovery,False,False,False,0.0483,0.0
43,25,covariate,mild,sudden,True,True,False,0.1872,0.0
43,26,none,none,stable,True,False,True,0.1037,0.4546
43,27,none,none,stable,False,False,False,0.0379,0.0
43,28,concept,mild,recovery,False,False,False,0.0375,0.0
43,29,concept,severe,recovery,False,False,False,0.1044,0.112
43,30,covariate,moderate,sudden,True,True,False,0.2721,0.0
43,31,covariate,severe,gradual,False,False,False,0.1338,0.0
43,32,mixed,moderate,sudden,True,True,False,0.158,0.0
43,33,covariate,moderate,recovery,True,True,False,0.2029,0.0192
43,34,concept,severe,gradual,True,False,True,0.1015,0.3429
43,35,concept,mild,gradual,False,False,False,0.0375,0.0
43,36,concept,moderate,gradual,False,False,False,0.0383,0.0
43,37,covariate,moderate,sudden,False,False,False,0.1345,0.0582
43,38,covariate,moderate,recovery,True,True,False,0.1961,0.0
43,39,covariate,severe,recovery,False,False,False,0.1382,0.1074
43,40,concept,moderate,gradual,False,False,False,0.0475,0.0
43,41,concept,mild,sudden,False,False,False,0.0912,0.0
43,42,concept,mild,recovery,True,False,True,0.1035,0.4019
43,43,none,none,stable,False,False,False,0.0381,0.0
43,44,none,none,stable,False,False,False,0.0363,0.0435
43,45,concept,severe,sudden,False,False,False,0.1023,0.0187
43,46,none,none,stable,False,False,False,0.0944,0.0
43,47,none,none,stable,False,False,False,0.049,0.0
43,48,covariate,severe,gradual,True,True,False,0.1521,0.0
43,49,covariate,severe,gradual,True,True,False,0.2559,0.0
43,50,mixed,moderate,gradual,False,False,False,0.0905,0.0276
43,51,covariate,severe,sudden,True,True,False,0.3103,0.0
43,52,mixed,mild,gradual,False,False,False,0.0913,0.0101
43,53,none,none,stable,True,False,True,0.104,0.4575
43,54,mixed,mild,recovery,False,False,False,0.141,0.0
43,55,none,none,stable,True,False,True,0.0495,0.1985
43,56,concept,severe,sudden,False,False,False,0.0485,0.0
43,57,concept,mild,recovery,False,False,False,0.0923,0.0197
43,58,mixed,moderate,recovery,False,False,False,0.0981,0.0585
43,59,mixed,severe,sudden,True,True,False,0.3114,0.0
44,0,none,none,stable,True,False,True,0.0457,0.1781
44,1,concept,moderate,sudden,False,False,False,0.0922,0.0283
44,2,concept,mild,sudden,True,False,True,0.1037,0.565
44,3,mixed,mild,gradual,False,False,False,0.0932,0.0
44,4,none,none,stable,False,False,False,0.0382,0.0
44,5,none,none,stable,True,False,True,0.1027,0.263
44,6,concept,moderate,sudden,False,False,False,0.0938,0.0
44,7,concept,moderate,recovery,False,False,False,0.0498,0.0139
44,8,covariate,mild,gradual,False,False,False,0.0449,0.0
44,9,mixed,severe,recovery,True,True,False,0.2478,0.0
44,10,mixed,moderate,recovery,True,False,True,0.0931,0.2126
44,11,none,none,stable,False,False,False,0.0407,0.0
44,12,covariate,severe,gradual,True,True,False,0.2008,0.0
44,13,mixed,severe,sudden,True,True,False,0.2233,0.0
44,14,covariate,moderate,gradual,True,True,False,0.1971,0.0825
44,15,mixed,severe,gradual,False,False,False,0.1334,0.0
44,16,concept,severe,recovery,False,False,False,0.048,0.0487
44,17,concept,mild,recovery,False,False,False,0.0915,0.117
44,18,mixed,mild,gradual,True,False,True,0.0917,0.2113
44,19,covariate,mild,recovery,False,False,False,0.0845,0.0
44,20,covariate,severe,sudden,True,True,False,0.3077,0.0
44,21,mixed,severe,gradual,False,False,False,0.1288,0.1076
44,22,concept,moderate,gradual,False,False,False,0.0943,0.0
44,23,covariate,severe,sudden,True,True,False,0.2441,0.0
44,24,none,none,stable,False,False,False,0.0469,0.0935
44,25,covariate,moderate,gradual,True,True,False,0.1997,0.0
44,26,mixed,mild,gradual,True,False,True,0.0916,0.1593
44,27,mixed,moderate,recovery,False,False,False,0.135,0.0
44,28,concept,severe,recovery,False,False,False,0.0378,0.0814
44,29,covariate,moderate,sudden,False,False,False,0.1297,0.0769
44,30,none,none,stable,False,False,False,0.0951,0.0194
44,31,covariate,severe,recovery,False,False,False,0.138,0.0744
44,32,concept,mild,recovery,False,False,False,0.0486,0.0
44,33,covariate,mild,recovery,False,False,False,0.1408,0.0611
44,34,covariate,severe,gradual,False,False,False,0.1056,0.0
44,35,concept,mild,sudden,False,False,False,0.0383,0.0
44,36,none,none,stable,False,False,False,0.0364,0.1193
44,37,mixed,moderate,sudden,False,False,False,0.1284,0.0
44,38,concept,moderate,gradual,False,False,False,0.0898,0.0151
44,39,covariate,severe,sudden,True,True,False,0.2448,0.0
44,40,mixed,moderate,recovery,False,False,False,0.0759,0.0
44,41,covariate,mild,recovery,True,False,True,0.1441,0.1729
44,42,concept,mild,gradual,True,False,True,0.1013,0.3921
44,43,none,none,stable,False,False,False,0.037,0.0
44,44,mixed,mild,sudden,False,False,False,0.1312,0.0
44,45,mixed,severe,recovery,False,False,False,0.0955,0.0
44,46,none,none,stable,True,False,True,0.0934,0.1421
44,47,none,none,stable,False,False,False,0.0492,0.0261
44,48,concept,severe,gradual,False,False,False,0.0476,0.0
44,49,mixed,mild,sudden,True,True,False,0.1856,0.0
44,50,none,none,stable,True,False,True,0.1042,0.6596
44,51,none,none,stable,False,False,False,0.0392,0.0
44,52,none,none,stable,False,False,False,0.0384,0.0
44,53,concept,moderate,sudden,True,False,True,0.1017,0.2795
44,54,mixed,severe,recovery,True,True,False,0.2398,0.0
44,55,covariate,moderate,sudden,True,True,False,0.1545,0.0
44,56,concept,mild,sudden,False,False,False,0.0491,0.0
44,57,covariate,moderate,gradual,True,True,False,0.2036,0.0
44,58,none,none,stable,True,False,True,0.1052,0.4146
44,59,none,none,stable,False,False,False,0.0373,0.0
45,0,none,none,stable,True,False,True,0.0504,0.1807
45,1,covariate,severe,sudden,True,True,False,0.3573,0.0
45,2,none,none,stable,True,True,True,0.1008,0.6776
45,3,concept,mild,gradual,False,False,False,0.0357,0.0
45,4,concept,moderate,sudden,False,False,False,0.0382,0.0
45,5,none,none,stable,True,True,True,0.107,0.3242
45,6,mixed,mild,sudden,True,True,False,0.1857,0.0
45,7,mixed,moderate,gradual,False,False,False,0.0872,0.0
45,8,covariate,severe,sudden,True,True,False,0.2424,0.0
45,9,covariate,moderate,recovery,True,True,False,0.1993,0.0247
45,10,none,none,stable,True,True,True,0.1046,0.4169
45,11,mixed,severe,gradual,True,True,False,0.2154,0.0
45,12,covariate,severe,sudden,True,True,False,0.3119,0.0
45,13,concept,moderate,sudden,True,True,True,0.1039,0.1835
45,14,concept,moderate,recovery,False,False,False,0.0902,0.0
45,15,mixed,mild,recovery,True,False,True,0.0423,0.1252
45,16,concept,severe,recovery,False,False,False,0.0468,0.0
45,17,concept,severe,recovery,False,False,False,0.091,0.0
45,18,covariate,moderate,sudden,True,True,False,0.1304,0.0563
45,19,mixed,mild,recovery,False,False,False,0.0855,0.0
45,20,concept,mild,gradual,True,False,True,0.0371,0.0839
45,21,none,none,stable,True,True,True,0.1054,0.3555
45,22,covariate,mild,recovery,True,True,False,0.1411,0.0
45,23,concept,mild,gradual,False,False,False,0.0494,0.0
45,24,covariate,mild,sudden,False,False,False,0.0627,0.0
45,25,covariate,severe,gradual,True,True,False,0.2476,0.0
45,26,none,none,stable,True,True,True,0.1047,0.6598
45,27,covariate,severe,gradual,True,True,False,0.2222,0.0
45,28,none,none,stable,False,False,False,0.0369,0.0
45,29,mixed,severe,gradual,True,True,False,0.1308,0.0
45,30,covariate,severe,gradual,True,True,False,0.262,0.0
45,31,none,none,stable,True,False,True,0.0505,0.1467
45,32,mixed,severe,recovery,True,True,False,0.1181,0.0
45,33,none,none,stable,True,False,True,0.0928,0.1257
45,34,mixed,moderate,gradual,False,False,False,0.0876,0.0
45,35,none,none,stable,False,False,False,0.0353,0.0311
45,36,covariate,mild,sudden,True,True,False,0.1296,0.0079
45,37,covariate,severe,gradual,True,True,True,0.122,0.0915
45,38,covariate,severe,recovery,True,True,False,0.2382,0.0
45,39,mixed,moderate,recovery,True,False,True,0.0743,0.183
45,40,mixed,moderate,gradual,False,False,False,0.0841,0.0
45,41,concept,moderate,sudden,False,False,False,0.0931,0.0
45,42,none,none,stable,True,True,True,0.1039,0.4703
45,43,mixed,moderate,gradual,True,True,False,0.147,0.0
45,44,none,none,stable,False,False,False,0.0368,0.0304
45,45,concept,mild,recovery,True,True,False,0.1043,0.0692
45,46,concept,moderate,sudden,False,False,False,0.0922,0.0
45,47,mixed,mild,recovery,True,False,True,0.0461,0.1146
45,48,concept,severe,gradual,False,False,False,0.0499,0.0
45,49,mixed,mild,recovery,True,True,False,0.1385,0.0
45,50,concept,mild,sudden,True,True,True,0.1068,0.2847
45,51,concept,moderate,recovery,False,False,False,0.0346,0.0
45,52,none,none,stable,True,False,True,0.0381,0.098
45,53,mixed,mild,recovery,False,False,False,0.0919,0.03
45,54,covariate,severe,sudden,True,True,False,0.353,0.0
45,55,mixed,moderate,gradual,False,False,False,0.088,0.0
45,56,none,none,stable,True,False,True,0.0524,0.1482
45,57,concept,mild,sudden,False,False,False,0.0927,0.0039
45,58,none,none,stable,True,True,True,0.1038,0.4851
45,59,covariate,moderate,sudden,True,True,False,0.2259,0.0
46,0,none,none,stable,True,False,True,0.0493,0.1336
46,1,concept,mild,gradual,False,False,False,0.0886,0.0488
46,2,concept,moderate,sudden,True,False,True,0.1041,0.2907
46,3,covariate,moderate,gradual,True,True,False,0.1607,0.0
46,4,covariate,mild,sudden,False,False,False,0.1291,0.0
46,5,covariate,moderate,gradual,True,False,True,0.1026,0.2726
46,6,concept,mild,sudden,False,False,False,0.09,0.0
46,7,mixed,moderate,recovery,False,False,False,0.0771,0.0992
46,8,mixed,mild,gradual,False,False,False,0.0459,0.0
46,9,concept,moderate,gradual,False,False,False,0.0929,0.0
46,10,mixed,mild,sudden,True,False,True,0.09,0.2129
46,11,mixed,mild,sudden,False,False,False,0.1352,0.0
46,12,covariate,moderate,sudden,True,True,False,0.2278,0.0
46,13,covariate,moderate,sudden,True,False,True,0.1271,0.1413
46,14,concept,moderate,gradual,False,False,False,0.0948,0.0
46,15,none,none,stable,False,False,False,0.0505,0.0865
46,16,none,none,stable,False,False,False,0.0476,0.0618
46,17,none,none,stable,False,False,False,0.0935,0.0
46,18,mixed,moderate,recovery,False,False,False,0.0961,0.1094
46,19,none,none,stable,False,False,False,0.0386,0.0
46,20,concept,severe,sudden,False,False,False,0.0378,0.0
46,21,concept,severe,recovery,True,False,True,0.1044,0.2242
46,22,covariate,severe,gradual,True,True,False,0.2663,0.0
46,23,none,none,stable,True,False,True,0.0502,0.1711
46,24,mixed,severe,gradual,True,True,False,0.1531,0.0
46,25,concept,severe,recovery,False,False,False,0.0924,0.0013
46,26,none,none,stable,True,False,True,0.1032,0.5515
46,27,covariate,moderate,recovery,False,False,False,0.1402,0.0
46,28,mixed,severe,recovery,True,True,False,0.2113,0.0
46,29,none,none,stable,True,False,True,0.1029,0.4567
46,30,covariate,moderate,recovery,True,True,False,0.1936,0.0
46,31,mixed,moderate,sudden,True,True,False,0.1561,0.0
46,32,covariate,severe,gradual,False,False,False,0.1493,0.0282
46,33,mixed,mild,recovery,False,False,False,0.1419,0.018
46,34,none,none,stable,True,False,True,0.1062,0.4497
46,35,covariate,severe,sudden,True,True,False,0.3031,0.0
46,36,none,none,stable,False,False,False,0.0374,0.0519
46,37,none,none,stable,True,False,True,0.1024,0.2356
46,38,concept,severe,gradual,False,False,False,0.0943,0.0
46,39,covariate,severe,sudden,True,True,False,0.2489,0.0
46,40,concept,mild,sudden,False,False,False,0.0504,0.0
46,41,concept,mild,gradual,False,False,False,0.0924,0.0583
46,42,concept,severe,gradual,True,False,True,0.1042,0.1394
46,43,covariate,mild,sudden,False,False,False,0.1321,0.0
46,44,none,none,stable,False,False,False,0.0389,0.1147
46,45,concept,severe,sudden,False,False,False,0.1034,0.083
46,46,concept,moderate,recovery,False,False,False,0.0923,0.0
46,47,mixed,moderate,recovery,False,False,False,0.0749,0.0857
46,48,none,none,stable,False,False,False,0.0493,0.0
46,49,mixed,severe,recovery,True,True,False,0.2521,0.0
46,50,mixed,moderate,gradual,False,False,False,0.0864,0.0421
46,51,mixed,mild,recovery,False,False,False,0.0853,0.0
46,52,covariate,mild,sudden,False,False,False,0.1329,0.0861
46,53,concept,severe,recovery,True,False,True,0.1064,0.2163
46,54,covariate,mild,gradual,False,False,False,0.1467,0.0
46,55,covariate,mild,recovery,False,False,False,0.0433,0.0896
46,56,none,none,stable,False,False,False,0.0491,0.0076
46,57,mixed,severe,recovery,True,True,False,0.2569,0.0
46,58,none,none,stable,True,False,True,0.1041,0.479
46,59,mixed,mild,gradual,False,False,False,0.094,0.0
