Approach,Mean F1,Mean Accuracy,Cumulative CPU Time (s),Cost vs. Frozen,Model Footprint (KB),Retraining Events,Retraining Freq (%),raw_cost_ratio
Frozen Model,0.7051 ± 0.0184,0.8262 ± 0.0062,0.64 ± 0.16,1.00x,861.5 ± 13.3,0.0 ± 0.0,0.0%,1.0
Frozen Ensemble,0.7041 ± 0.0178,0.8261 ± 0.0066,1.30 ± 0.26,2.07x ± 0.19x,1649.5 ± 25.9,0.0 ± 0.0,0.0%,2.0749178409599147
Continuously Retrained Ensemble,0.7426 ± 0.0126,0.8310 ± 0.0059,85.49 ± 12.46,144.22x ± 53.76x,1223.3 ± 18.2,60.0 ± 0.0,100.0%,144.2181478354364
Event-Driven Ensemble (Custom Dual-Trigger),0.7410 ± 0.0104,0.8312 ± 0.0057,46.92 ± 16.97,80.39x ± 43.59x,1221.2 ± 15.7,31.6 ± 8.3,52.7%,80.38793170040069
Event-Driven Ensemble (ADWIN),0.7414 ± 0.0117,0.8308 ± 0.0064,66.88 ± 13.17,114.13x ± 49.41x,1222.7 ± 17.9,46.8 ± 5.2,78.0%,114.13321432459611
Event-Driven Ensemble (DDM),0.7424 ± 0.0125,0.8313 ± 0.0061,62.35 ± 10.49,101.42x ± 24.43x,1231.1 ± 19.6,44.6 ± 10.4,74.3%,101.41986197746573
Event-Driven Ensemble (EDDM),0.7425 ± 0.0125,0.8309 ± 0.0061,81.84 ± 12.76,137.96x ± 51.81x,1224.1 ± 18.4,57.8 ± 1.8,96.3%,137.95760211933268
Event-Driven Ensemble (Page-Hinkley),0.7391 ± 0.0141,0.8310 ± 0.0054,30.62 ± 5.77,51.18x ± 18.34x,1232.6 ± 21.5,20.6 ± 1.9,34.3%,51.184474423719784
Warm-Start Ensemble,0.7223 ± 0.0166,0.8153 ± 0.0059,11.76 ± 3.78,20.19x ± 10.51x,684.4 ± 11.6,31.6 ± 7.2,52.7%,20.18743504731095
Component-Selective Ensemble,0.7429 ± 0.0115,0.8321 ± 0.0052,15.23 ± 3.65,25.82x ± 11.06x,1226.7 ± 14.3,31.4 ± 8.0,52.3%,25.81764401016975
Adaptive Random Forest (river),0.4846 ± 0.0174,0.6261 ± 0.0095,130.90 ± 20.66,220.93x ± 84.21x,906.5 ± 55.0,0.0 ± 0.0,0.0%,220.92690004997016
Streaming Random Patches (river),0.6958 ± 0.0105,0.7937 ± 0.0125,265.23 ± 38.99,448.31x ± 169.66x,3539.6 ± 676.7,0.0 ± 0.0,0.0%,448.31083004880037
Two-Tier Hybrid Ensemble,0.7387 ± 0.0124,0.8282 ± 0.0054,62.15 ± 18.09,105.71x ± 50.43x,1362.3 ± 9.0,32.0 ± 7.9,53.3%,105.70717664725225
