Approach,Mean F1,F1 95% CI,Mean Accuracy,Acc 95% CI,Mean Precision,Mean Recall,Cumulative CPU Time (s),Model Footprint (KB),Incremental RAM Delta (MB),Process RSS (MB),Retraining Events,Retraining Freq (%),Total Adapt Samples,raw_f1,raw_acc,raw_cpu,raw_events,raw_footprint_kb,raw_incremental_ram,raw_rss
Frozen Model,0.7051 ± 0.0184,"[0.6823, 0.7279]",0.8262 ± 0.0062,"[0.8185, 0.8338]",0.7884 ± 0.0089,0.6703 ± 0.0229,0.64 ± 0.16,861.5 ± 13.3,0.000 ± 0.000,275.4 ± 6.0,0.0 ± 0.0,0.0%,0,0.7051390226869736,0.8261533333333333,0.6375,0.0,861.53125,3.9e-05,275.4431000000001
Frozen Ensemble,0.7041 ± 0.0178,"[0.6819, 0.7262]",0.8261 ± 0.0066,"[0.8179, 0.8343]",0.7915 ± 0.0101,0.6673 ± 0.0210,1.30 ± 0.26,1649.5 ± 25.9,0.001 ± 0.001,177.7 ± 1.6,0.0 ± 0.0,0.0%,0,0.7040521682751942,0.8260666666666665,1.303125,0.0,1649.54296875,0.0006380208333333,177.68002604166665
Continuously Retrained Ensemble,0.7426 ± 0.0126,"[0.7269, 0.7583]",0.8310 ± 0.0059,"[0.8237, 0.8383]",0.7508 ± 0.0095,0.7574 ± 0.0148,85.49 ± 12.46,1223.3 ± 18.2,0.016 ± 0.008,275.4 ± 6.0,60.0 ± 0.0,100.0%,"468,000",0.742597,0.83102,85.49076,60.0,1223.2888313802084,0.0156216666666666,275.44343333333336
Event-Driven Ensemble (Custom Dual-Trigger),0.7410 ± 0.0104,"[0.7281, 0.7539]",0.8312 ± 0.0057,"[0.8241, 0.8383]",0.7496 ± 0.0089,0.7561 ± 0.0146,46.92 ± 16.97,1221.2 ± 15.7,0.002 ± 0.002,275.6 ± 6.0,31.6 ± 8.3,52.7%,"246,480",0.7410119999999999,0.8312200000000001,46.9215,31.6,1221.191630859375,0.0015876666666666,275.6264
Event-Driven Ensemble (ADWIN),0.7414 ± 0.0117,"[0.7269, 0.7560]",0.8308 ± 0.0064,"[0.8229, 0.8387]",0.7497 ± 0.0100,0.7564 ± 0.0134,66.88 ± 13.17,1222.7 ± 17.9,0.004 ± 0.003,275.6 ± 6.1,46.8 ± 5.2,78.0%,"365,040",0.741436,0.8308,66.88108,46.8,1222.673723958333,0.003671,275.55583333333334
Event-Driven Ensemble (DDM),0.7424 ± 0.0125,"[0.7269, 0.7580]",0.8313 ± 0.0061,"[0.8237, 0.8390]",0.7510 ± 0.0095,0.7565 ± 0.0154,62.35 ± 10.49,1231.1 ± 19.6,0.001 ± 0.001,275.5 ± 6.1,44.6 ± 10.4,74.3%,"347,880",0.7424266666666666,0.8313199999999998,62.353,44.6,1231.083798828125,0.0009236666666666,275.54546666666664
Event-Driven Ensemble (EDDM),0.7425 ± 0.0125,"[0.7269, 0.7581]",0.8309 ± 0.0061,"[0.8233, 0.8385]",0.7509 ± 0.0096,0.7573 ± 0.0146,81.84 ± 12.76,1224.1 ± 18.4,0.003 ± 0.004,275.6 ± 6.1,57.8 ± 1.8,96.3%,"450,840",0.7425026666666665,0.8309200000000001,81.83742,57.8,1224.083798828125,0.002877,275.5724
Event-Driven Ensemble (Page-Hinkley),0.7391 ± 0.0141,"[0.7216, 0.7566]",0.8310 ± 0.0054,"[0.8243, 0.8376]",0.7512 ± 0.0109,0.7527 ± 0.0174,30.62 ± 5.77,1232.6 ± 21.5,0.002 ± 0.002,275.6 ± 6.1,20.6 ± 1.9,34.3%,"160,680",0.7391056666666665,0.8309666666666666,30.621360000000003,20.6,1232.5561848958332,0.0016923333333333,275.5593333333333
Warm-Start Ensemble,0.7223 ± 0.0166,"[0.7016, 0.7429]",0.8153 ± 0.0059,"[0.8080, 0.8226]",0.7349 ± 0.0103,0.7404 ± 0.0239,11.76 ± 3.78,684.4 ± 11.6,0.000 ± 0.000,275.6 ± 6.1,31.6 ± 7.2,52.7%,"47,400",0.722285,0.8152999999999999,11.76216,31.6,684.3710514322917,0.000195,275.5747666666667
Component-Selective Ensemble,0.7429 ± 0.0115,"[0.7287, 0.7572]",0.8321 ± 0.0052,"[0.8257, 0.8386]",0.7508 ± 0.0071,0.7591 ± 0.0189,15.23 ± 3.65,1226.7 ± 14.3,0.001 ± 0.001,192.9 ± 1.1,31.4 ± 8.0,52.3%,"134,560",0.7429366666666667,0.8321266666666667,15.22712,31.4,1226.694453125,0.0005983333333333,192.9360333333333
Adaptive Random Forest (river),0.4846 ± 0.0174,"[0.4629, 0.5062]",0.6261 ± 0.0095,"[0.6144, 0.6379]",0.5130 ± 0.0178,0.5817 ± 0.0161,130.90 ± 20.66,906.5 ± 55.0,0.001 ± 0.002,275.7 ± 6.1,0.0 ± 0.0,0.0%,"30,000",0.4845883333333333,0.6261266666666667,130.89688,0.0,906.471748046875,0.0014446666666666,275.7436666666666
Streaming Random Patches (river),0.6958 ± 0.0105,"[0.6828, 0.7088]",0.7937 ± 0.0125,"[0.7781, 0.8092]",0.7247 ± 0.0093,0.7170 ± 0.0115,265.23 ± 38.99,3539.6 ± 676.7,0.002 ± 0.002,275.8 ± 6.2,0.0 ± 0.0,0.0%,"30,000",0.6957803333333334,0.7936666666666665,265.2345,0.0,3539.6061360677086,0.0015229999999999,275.8353666666667
Two-Tier Hybrid Ensemble,0.7387 ± 0.0124,"[0.7233, 0.7541]",0.8282 ± 0.0054,"[0.8214, 0.8349]",0.7489 ± 0.0067,0.7551 ± 0.0167,62.15 ± 18.09,1362.3 ± 9.0,0.000 ± 0.000,275.3 ± 5.8,32.0 ± 7.9,53.3%,"249,600",0.7386996666666666,0.8281866666666666,62.14692,32.0,1362.2647428385417,0.0,275.3178
