seed,window_id,drift_type,severity,drift_detected,z_score,disagreement_score,trigger_source,confidence
42,0,none,none,False,0.0,0.07,none,0.0
42,1,none,none,False,0.0,0.252,none,0.0
42,2,none,none,False,0.0,0.074,none,0.0
42,3,covariate,mild,False,-0.2253,0.062,none,0.0
42,4,covariate,mild,False,0.2607,0.054,none,0.1159
42,5,covariate,mild,False,-0.8672,0.03,none,0.0
42,6,covariate,severe,True,-0.6265,0.182,disagreement,0.0
42,7,covariate,severe,False,-0.1317,0.134,none,0.0
42,8,covariate,severe,False,-1.8866,0.078,none,0.0
42,9,mixed,severe,True,13.3521,0.144,both,1.0
42,10,mixed,severe,False,-0.7305,0.04,none,0.0
42,11,mixed,severe,True,1.9761,0.222,both,0.8783
42,12,none,none,True,0.1462,0.538,disagreement,0.065
42,13,none,none,False,-0.9471,0.066,none,0.0
42,14,none,none,True,-0.346,0.26,disagreement,0.0
42,15,none,none,False,-0.7798,0.094,none,0.0
42,16,none,none,False,-0.9314,0.08,none,0.0
42,17,none,none,True,0.824,0.196,disagreement,0.3662
42,18,concept,severe,True,2.794,0.066,z_score,1.0
42,19,concept,severe,False,-0.7116,0.14,none,0.0
42,20,concept,severe,True,0.5664,0.2,disagreement,0.2517
42,21,mixed,moderate,True,0.3327,0.312,disagreement,0.1479
42,22,mixed,moderate,True,1.7039,0.32,both,0.7573
42,23,mixed,moderate,True,0.6278,0.164,disagreement,0.279
42,24,mixed,mild,True,3.6263,0.816,both,1.0
42,25,mixed,mild,True,1.0414,0.468,disagreement,0.4628
42,26,mixed,mild,False,-1.7721,0.032,none,0.0
42,27,mixed,severe,True,1.4983,0.218,disagreement,0.6659
42,28,mixed,severe,True,-2.0757,0.238,disagreement,0.0
42,29,mixed,severe,True,0.0473,0.242,disagreement,0.021
42,30,concept,severe,False,-1.296,0.0,none,0.0
42,31,concept,severe,False,1.2594,0.128,none,0.5598
42,32,concept,severe,False,-1.2191,0.002,none,0.0
42,33,concept,mild,False,-0.2111,0.012,none,0.0
42,34,concept,mild,False,-0.8984,0.08,none,0.0
42,35,concept,mild,False,0.1373,0.0,none,0.061
42,36,covariate,mild,True,1.4106,0.218,disagreement,0.6269
42,37,covariate,mild,False,-1.2357,0.132,none,0.0
42,38,covariate,mild,True,-0.216,0.238,disagreement,0.0
42,39,none,none,False,-1.196,0.062,none,0.0
42,40,none,none,False,-1.1818,0.066,none,0.0
42,41,none,none,False,0.2801,0.13,none,0.1245
42,42,mixed,mild,False,0.6536,0.05,none,0.2905
42,43,mixed,mild,True,2.5479,0.056,z_score,1.0
42,44,mixed,mild,True,2.6134,0.28,both,1.0
42,45,concept,moderate,False,-0.5239,0.116,none,0.0
42,46,concept,moderate,True,1.9933,0.368,both,0.8859
42,47,concept,moderate,True,0.5802,0.448,disagreement,0.2579
42,48,covariate,moderate,True,2.9108,0.032,z_score,1.0
42,49,covariate,moderate,False,-1.5922,0.128,none,0.0
42,50,covariate,moderate,True,-1.5888,0.244,disagreement,0.0
42,51,covariate,moderate,True,-1.1656,0.212,disagreement,0.0
42,52,covariate,moderate,False,-0.9009,0.074,none,0.0
42,53,covariate,moderate,False,-0.6746,0.102,none,0.0
42,54,concept,moderate,True,16.3112,0.192,both,1.0
42,55,concept,moderate,True,-0.1184,0.374,disagreement,0.0
42,56,concept,moderate,True,1.0703,0.484,disagreement,0.4757
42,57,none,none,True,0.5749,0.52,disagreement,0.2555
42,58,none,none,False,-1.4869,0.038,none,0.0
42,59,none,none,False,-1.1083,0.078,none,0.0
43,0,none,none,False,0.0,0.028,none,0.0
43,1,none,none,False,0.0,0.082,none,0.0
43,2,none,none,False,0.0,0.044,none,0.0
43,3,covariate,moderate,True,-0.5253,0.138,disagreement,0.0
43,4,covariate,moderate,True,0.0474,0.07,disagreement,0.0211
43,5,covariate,moderate,True,-0.0484,0.256,disagreement,0.0
43,6,covariate,mild,True,1.3798,0.252,disagreement,0.6132
43,7,covariate,mild,True,-0.4937,0.188,disagreement,0.0
43,8,covariate,mild,True,-0.7576,0.126,disagreement,0.0
43,9,none,none,True,1.7756,0.292,both,0.7892
43,10,none,none,True,-1.9602,0.058,disagreement,0.0
43,11,none,none,True,0.396,0.194,disagreement,0.176
43,12,concept,mild,True,4.2941,0.118,both,1.0
43,13,concept,mild,True,-0.1284,0.178,disagreement,0.0
43,14,concept,mild,True,1.7268,0.404,both,0.7675
43,15,none,none,True,-0.9705,0.148,disagreement,0.0
43,16,none,none,True,-1.3915,0.162,disagreement,0.0
43,17,none,none,True,0.2394,0.216,disagreement,0.1064
43,18,mixed,moderate,True,3.6533,0.652,both,1.0
43,19,mixed,moderate,True,0.1625,0.592,disagreement,0.0722
43,20,mixed,moderate,True,0.196,0.232,disagreement,0.0871
43,21,concept,severe,True,0.0,0.09,disagreement,0.0
43,22,concept,severe,True,-1.9613,0.338,disagreement,0.0
43,23,concept,severe,True,-0.6254,0.074,disagreement,0.0
43,24,none,none,True,5.4065,0.41,both,1.0
43,25,none,none,True,-0.0253,0.136,disagreement,0.0
43,26,none,none,True,-1.4969,0.064,disagreement,0.0
43,27,concept,severe,True,1.0219,0.126,disagreement,0.4542
43,28,concept,severe,True,-1.2997,0.132,disagreement,0.0
43,29,concept,severe,True,0.8415,0.078,disagreement,0.374
43,30,mixed,severe,True,0.0642,0.636,disagreement,0.0285
43,31,mixed,severe,True,-1.0131,0.12,disagreement,0.0
43,32,mixed,severe,True,0.5006,0.23,disagreement,0.2225
43,33,mixed,mild,True,0.5026,0.474,disagreement,0.2234
43,34,mixed,mild,True,0.1943,0.382,disagreement,0.0864
43,35,mixed,mild,True,-0.9353,0.452,disagreement,0.0
43,36,none,none,True,-0.5649,0.3,disagreement,0.0
43,37,none,none,True,-2.9794,0.102,disagreement,0.0
43,38,none,none,True,0.3553,0.222,disagreement,0.1579
43,39,covariate,severe,True,-0.8898,0.57,disagreement,0.0
43,40,covariate,severe,True,-1.1248,0.218,disagreement,0.0
43,41,covariate,severe,True,0.2807,0.35,disagreement,0.1247
43,42,concept,moderate,True,2.8781,0.072,both,1.0
43,43,concept,moderate,True,0.5873,0.478,disagreement,0.261
43,44,concept,moderate,True,1.0448,0.134,disagreement,0.4644
43,45,covariate,moderate,True,4.6573,0.054,both,1.0
43,46,covariate,moderate,True,-1.2463,0.114,disagreement,0.0
43,47,covariate,moderate,True,-1.2509,0.196,disagreement,0.0
43,48,concept,moderate,True,-0.1775,0.13,disagreement,0.0
43,49,concept,moderate,True,0.23,0.598,disagreement,0.1022
43,50,concept,moderate,True,0.8454,0.28,disagreement,0.3758
43,51,mixed,mild,True,0.4745,0.182,disagreement,0.2109
43,52,mixed,mild,True,1.3316,0.334,disagreement,0.5918
43,53,mixed,mild,True,0.5108,0.604,disagreement,0.227
43,54,mixed,severe,False,-1.3568,0.026,none,0.0
43,55,mixed,severe,True,-1.5896,0.34,disagreement,0.0
43,56,mixed,severe,True,0.4139,0.19,disagreement,0.1839
43,57,covariate,mild,True,1.9942,0.828,both,0.8863
43,58,covariate,mild,True,-4.125,0.168,disagreement,0.0
43,59,covariate,mild,True,-1.4382,0.128,disagreement,0.0
44,0,none,none,False,0.0,0.07,none,0.0
44,1,none,none,False,0.0,0.236,none,0.0
44,2,none,none,False,0.0,0.076,none,0.0
44,3,concept,moderate,True,3.1374,0.096,z_score,1.0
44,4,concept,moderate,True,-0.491,0.194,disagreement,0.0
44,5,concept,moderate,True,1.0913,0.472,disagreement,0.485
44,6,mixed,mild,True,0.1709,0.258,disagreement,0.0759
44,7,mixed,mild,True,0.2054,0.174,disagreement,0.0913
44,8,mixed,mild,True,-1.5488,0.232,disagreement,0.0
44,9,concept,severe,True,2.4141,0.356,both,1.0
44,10,concept,severe,True,0.4134,0.484,disagreement,0.1838
44,11,concept,severe,False,-0.1031,0.106,none,0.0
44,12,concept,severe,False,-2.4159,0.104,none,0.0
44,13,concept,severe,True,-0.6394,0.218,disagreement,0.0
44,14,concept,severe,False,-0.462,0.134,none,0.0
44,15,mixed,mild,True,3.3583,0.066,z_score,1.0
44,16,mixed,mild,True,0.1536,0.208,disagreement,0.0683
44,17,mixed,mild,True,0.4623,0.478,disagreement,0.2055
44,18,covariate,moderate,True,-1.4058,0.654,disagreement,0.0
44,19,covariate,moderate,False,-1.4967,0.124,none,0.0
44,20,covariate,moderate,True,-0.6462,0.174,disagreement,0.0
44,21,none,none,False,-1.3528,0.114,none,0.0
44,22,none,none,True,0.3147,0.328,disagreement,0.1399
44,23,none,none,False,-0.9798,0.07,none,0.0
44,24,mixed,severe,True,8.1651,0.574,both,1.0
44,25,mixed,severe,True,0.1946,0.404,disagreement,0.0865
44,26,mixed,severe,True,0.0124,0.19,disagreement,0.0055
44,27,mixed,moderate,True,0.6236,0.228,disagreement,0.2771
44,28,mixed,moderate,False,-0.8079,0.116,none,0.0
44,29,mixed,moderate,True,2.1336,0.268,both,0.9483
44,30,covariate,moderate,True,-0.4502,0.728,disagreement,0.0
44,31,covariate,moderate,False,-1.5285,0.042,none,0.0
44,32,covariate,moderate,False,-1.3593,0.058,none,0.0
44,33,mixed,severe,True,1.7184,0.168,both,0.7637
44,34,mixed,severe,False,-1.4106,0.052,none,0.0
44,35,mixed,severe,True,1.8252,0.206,both,0.8112
44,36,concept,mild,True,-0.3297,0.142,disagreement,0.0
44,37,concept,mild,False,-0.5653,0.044,none,0.0
44,38,concept,mild,True,-0.0773,0.462,disagreement,0.0
44,39,covariate,mild,True,-0.494,0.15,disagreement,0.0
44,40,covariate,mild,True,-0.6673,0.178,disagreement,0.0
44,41,covariate,mild,True,1.9569,0.15,both,0.8697
44,42,none,none,False,-2.0848,0.056,none,0.0
44,43,none,none,False,-0.3948,0.108,none,0.0
44,44,none,none,True,0.9898,0.172,disagreement,0.4399
44,45,covariate,severe,True,1.1058,0.406,disagreement,0.4915
44,46,covariate,severe,False,-1.1855,0.03,none,0.0
44,47,covariate,severe,True,-0.7098,0.162,disagreement,0.0
44,48,covariate,mild,False,-1.2401,0.108,none,0.0
44,49,covariate,mild,True,1.5428,0.248,both,0.6857
44,50,covariate,mild,False,-0.8769,0.138,none,0.0
44,51,none,none,False,0.1464,0.134,none,0.0651
44,52,none,none,False,0.9417,0.094,none,0.4185
44,53,none,none,False,-1.5352,0.104,none,0.0
44,54,concept,moderate,True,4.2943,0.254,both,1.0
44,55,concept,moderate,False,0.8493,0.06,none,0.3775
44,56,concept,moderate,True,-0.4003,0.172,disagreement,0.0
44,57,none,none,True,1.0956,0.332,disagreement,0.4869
44,58,none,none,False,-1.6113,0.038,none,0.0
44,59,none,none,False,-0.8197,0.072,none,0.0
45,0,none,none,False,0.0,0.036,none,0.0
45,1,none,none,False,0.0,0.134,none,0.0
45,2,none,none,False,0.0,0.066,none,0.0
45,3,mixed,severe,True,5.0149,0.196,both,1.0
45,4,mixed,severe,True,-0.6573,0.16,disagreement,0.0
45,5,mixed,severe,True,0.6631,0.124,disagreement,0.2947
45,6,covariate,mild,True,0.2318,0.688,disagreement,0.103
45,7,covariate,mild,True,-0.9338,0.166,disagreement,0.0
45,8,covariate,mild,True,-1.2387,0.112,disagreement,0.0
45,9,mixed,severe,True,2.4045,0.174,both,1.0
45,10,mixed,severe,False,-1.634,0.03,none,0.0
45,11,mixed,severe,True,0.6147,0.392,disagreement,0.2732
45,12,covariate,severe,True,-0.3979,0.534,disagreement,0.0
45,13,covariate,severe,True,-0.3033,0.204,disagreement,0.0
45,14,covariate,severe,True,-0.6744,0.186,disagreement,0.0
45,15,covariate,moderate,True,-0.5123,0.132,disagreement,0.0
45,16,covariate,moderate,True,-1.2819,0.116,disagreement,0.0
45,17,covariate,moderate,True,5.421,0.226,both,1.0
45,18,none,none,False,-1.0117,0.062,none,0.0
45,19,none,none,False,-0.1451,0.062,none,0.0
45,20,none,none,True,1.219,0.116,disagreement,0.5418
45,21,concept,mild,True,-0.3096,0.148,disagreement,0.0
45,22,concept,mild,True,4.3112,0.458,both,1.0
45,23,concept,mild,True,-0.3644,0.502,disagreement,0.0
45,24,concept,moderate,True,2.0086,0.26,both,0.8927
45,25,concept,moderate,True,-0.6369,0.224,disagreement,0.0
45,26,concept,moderate,True,1.5967,0.276,both,0.7096
45,27,concept,moderate,True,-0.2048,0.396,disagreement,0.0
45,28,concept,moderate,True,-0.1748,0.482,disagreement,0.0
45,29,concept,moderate,True,1.8832,0.316,both,0.837
45,30,covariate,mild,True,-0.6173,0.484,disagreement,0.0
45,31,covariate,mild,True,-2.4297,0.098,disagreement,0.0
45,32,covariate,mild,True,-1.5972,0.112,disagreement,0.0
45,33,mixed,moderate,True,1.484,0.286,disagreement,0.6596
45,34,mixed,moderate,False,-0.4806,0.088,none,0.0
45,35,mixed,moderate,True,1.7953,0.384,both,0.7979
45,36,concept,severe,True,0.9046,0.428,disagreement,0.402
45,37,concept,severe,True,-0.1265,0.536,disagreement,0.0
45,38,concept,severe,True,-1.8333,0.152,disagreement,0.0
45,39,none,none,False,-1.6682,0.082,none,0.0
45,40,none,none,True,-0.9477,0.11,disagreement,0.0
45,41,none,none,True,-0.0251,0.194,disagreement,0.0
45,42,concept,severe,True,4.6634,0.044,z_score,1.0
45,43,concept,severe,True,-0.9642,0.162,disagreement,0.0
45,44,concept,severe,True,-0.2869,0.116,disagreement,0.0
45,45,covariate,moderate,True,2.4801,0.04,z_score,1.0
45,46,covariate,moderate,False,-0.7894,0.06,none,0.0
45,47,covariate,moderate,False,-0.844,0.068,none,0.0
45,48,none,none,False,-0.6902,0.084,none,0.0
45,49,none,none,True,0.061,0.15,disagreement,0.0271
45,50,none,none,False,-1.2045,0.038,none,0.0
45,51,none,none,False,-0.1589,0.05,none,0.0
45,52,none,none,False,0.6536,0.064,none,0.2905
45,53,none,none,False,-1.4353,0.064,none,0.0
45,54,mixed,mild,True,1.4148,0.192,disagreement,0.6288
45,55,mixed,mild,True,1.8441,0.18,both,0.8196
45,56,mixed,mild,True,-0.6235,0.236,disagreement,0.0
45,57,mixed,mild,True,1.7159,0.568,both,0.7626
45,58,mixed,mild,True,0.347,0.158,disagreement,0.1542
45,59,mixed,mild,True,-1.053,0.414,disagreement,0.0
46,0,none,none,False,0.0,0.034,none,0.0
46,1,none,none,False,0.0,0.148,none,0.0
46,2,none,none,False,0.0,0.06,none,0.0
46,3,covariate,severe,True,-0.6788,0.174,disagreement,0.0
46,4,covariate,severe,False,-0.6976,0.076,none,0.0
46,5,covariate,severe,True,-0.3249,0.2,disagreement,0.0
46,6,concept,moderate,True,6.4512,0.398,both,1.0
46,7,concept,moderate,True,0.2103,0.098,disagreement,0.0935
46,8,concept,moderate,True,1.3227,0.594,disagreement,0.5879
46,9,none,none,True,0.7847,0.408,disagreement,0.3487
46,10,none,none,False,-1.7104,0.078,none,0.0
46,11,none,none,True,-1.1267,0.084,disagreement,0.0
46,12,concept,mild,True,0.993,0.102,disagreement,0.4414
46,13,concept,mild,True,-0.6973,0.188,disagreement,0.0
46,14,concept,mild,True,0.072,0.518,disagreement,0.032
46,15,none,none,True,-0.9678,0.126,disagreement,0.0
46,16,none,none,False,-0.8062,0.064,none,0.0
46,17,none,none,True,0.2888,0.224,disagreement,0.1283
46,18,concept,severe,True,6.9287,0.076,z_score,1.0
46,19,concept,severe,True,-0.5473,0.26,disagreement,0.0
46,20,concept,severe,True,-0.163,0.088,disagreement,0.0
46,21,none,none,True,2.9772,0.27,both,1.0
46,22,none,none,True,-0.4799,0.296,disagreement,0.0
46,23,none,none,True,-1.2358,0.108,disagreement,0.0
46,24,covariate,moderate,True,-0.7909,0.198,disagreement,0.0
46,25,covariate,moderate,True,-0.4632,0.096,disagreement,0.0
46,26,covariate,moderate,True,-0.668,0.126,disagreement,0.0
46,27,mixed,moderate,True,5.3608,0.094,both,1.0
46,28,mixed,moderate,True,-0.0289,0.308,disagreement,0.0
46,29,mixed,moderate,True,2.3896,0.134,both,1.0
46,30,concept,moderate,True,0.1918,0.578,disagreement,0.0852
46,31,concept,moderate,True,-0.0867,0.108,disagreement,0.0
46,32,concept,moderate,True,1.3367,0.116,disagreement,0.5941
46,33,none,none,True,-0.3044,0.71,disagreement,0.0
46,34,none,none,False,-3.732,0.038,none,0.0
46,35,none,none,False,-1.2865,0.054,none,0.0
46,36,mixed,severe,True,1.3852,0.322,disagreement,0.6156
46,37,mixed,severe,False,-1.4791,0.018,none,0.0
46,38,mixed,severe,True,0.8235,0.56,disagreement,0.366
46,39,covariate,moderate,True,0.7806,0.75,disagreement,0.3469
46,40,covariate,moderate,True,-0.9523,0.08,disagreement,0.0
46,41,covariate,moderate,True,-0.2679,0.236,disagreement,0.0
46,42,covariate,mild,False,-0.9477,0.046,none,0.0
46,43,covariate,mild,False,-1.1448,0.074,none,0.0
46,44,covariate,mild,True,0.3523,0.08,disagreement,0.1566
46,45,mixed,mild,True,0.4649,0.146,disagreement,0.2066
46,46,mixed,mild,True,3.7283,0.166,both,1.0
46,47,mixed,mild,True,0.368,0.61,disagreement,0.1635
46,48,mixed,mild,True,-0.7175,0.18,disagreement,0.0
46,49,mixed,mild,True,2.2612,0.324,both,1.0
46,50,mixed,mild,True,-0.8691,0.284,disagreement,0.0
46,51,mixed,severe,True,1.0563,0.106,disagreement,0.4695
46,52,mixed,severe,True,-1.4545,0.25,disagreement,0.0
46,53,mixed,severe,False,0.6777,0.052,none,0.3012
46,54,concept,severe,True,2.2952,0.858,both,1.0
46,55,concept,severe,True,-1.4689,0.106,disagreement,0.0
46,56,concept,severe,True,0.9421,0.2,disagreement,0.4187
46,57,covariate,mild,True,1.1264,0.25,disagreement,0.5006
46,58,covariate,mild,True,-1.7409,0.084,disagreement,0.0
46,59,covariate,mild,True,-1.0758,0.138,disagreement,0.0
