seed,window,model,retrained,training_cpu_time,training_wall_time,cpu_percent_avg,cpu_percent_peak
42,0,Retrained RF,True,0.578125,0.31351070012897253,318.40526315789475,874.8
42,0,Frozen RF,False,0.0,0.0,0.0,0.0
42,0,RandomForest,False,0.0,0.0,0.0,0.0
42,0,ExtraTrees,False,0.0,0.0,0.0,0.0
42,0,GradientBoosting,False,0.0,0.0,0.0,0.0
42,1,Retrained RF,True,0.671875,0.27890529995784163,364.6190476190476,987.3
42,1,Frozen RF,False,0.0,0.0,0.0,0.0
42,1,RandomForest,True,0.40625,0.26850959984585643,278.41875,566.2
42,1,ExtraTrees,True,0.28125,0.22615740005858243,240.0692307692307,475.7
42,1,GradientBoosting,True,0.375,0.3669310000259429,284.08695652173907,579.4
42,2,Retrained RF,True,0.515625,0.25105180009268224,420.5882352941176,1015.1
42,2,Frozen RF,False,0.0,0.0,0.0,0.0
42,2,RandomForest,False,0.0,0.0,0.0,0.0
42,2,ExtraTrees,False,0.0,0.0,0.0,0.0
42,2,GradientBoosting,False,0.0,0.0,0.0,0.0
42,3,Retrained RF,True,0.703125,0.32587729999795556,476.945,1081.4
42,3,Frozen RF,False,0.0,0.0,0.0,0.0
42,3,RandomForest,True,0.609375,0.3091822999995202,398.08,1059.5
42,3,ExtraTrees,True,0.21875,0.17030480015091598,221.68999999999997,529.3
42,3,GradientBoosting,True,0.421875,0.4089483998250216,278.4115384615385,539.1
42,4,Retrained RF,True,0.765625,0.36544839991256595,410.5,932.5
42,4,Frozen RF,False,0.0,0.0,0.0,0.0
42,4,RandomForest,True,0.453125,0.2321210999507457,327.56875,680.8
42,4,ExtraTrees,False,0.0,0.0,0.0,0.0
42,4,GradientBoosting,False,0.0,0.0,0.0,0.0
42,5,Retrained RF,True,0.734375,0.2745240000076592,569.2947368421052,2011.8
42,5,Frozen RF,False,0.0,0.0,0.0,0.0
42,5,RandomForest,False,0.0,0.0,0.0,0.0
42,5,ExtraTrees,False,0.0,0.0,0.0,0.0
42,5,GradientBoosting,False,0.0,0.0,0.0,0.0
42,6,Retrained RF,True,0.796875,0.30834980006329715,493.9,1724.5
42,6,Frozen RF,False,0.0,0.0,0.0,0.0
42,6,RandomForest,True,0.3125,0.2126903000753373,277.0285714285714,851.5
42,6,ExtraTrees,True,0.203125,0.16438370011746883,248.825,432.7
42,6,GradientBoosting,True,0.40625,0.43917530006729066,268.6769230769231,288.3
42,7,Retrained RF,True,0.9375,0.3319260000716895,392.7818181818182,837.3
42,7,Frozen RF,False,0.0,0.0,0.0,0.0
42,7,RandomForest,False,0.0,0.0,0.0,0.0
42,7,ExtraTrees,False,0.0,0.0,0.0,0.0
42,7,GradientBoosting,False,0.0,0.0,0.0,0.0
42,8,Retrained RF,True,1.078125,0.3881882999558002,654.6,1651.9
42,8,Frozen RF,False,0.0,0.0,0.0,0.0
42,8,RandomForest,False,0.0,0.0,0.0,0.0
42,8,ExtraTrees,False,0.0,0.0,0.0,0.0
42,8,GradientBoosting,False,0.0,0.0,0.0,0.0
42,9,Retrained RF,True,0.84375,0.3138745001051575,444.3944444444444,1247.6
42,9,Frozen RF,False,0.0,0.0,0.0,0.0
42,9,RandomForest,True,0.34375,0.21846619993448257,351.4166666666667,1084.4
42,9,ExtraTrees,True,0.21875,0.16847879998385906,308.48,882.1
42,9,GradientBoosting,True,0.34375,0.3592230000067502,283.53809523809525,554.6
42,10,Retrained RF,True,0.984375,0.3714048999827355,540.9333333333333,1765.0
42,10,Frozen RF,False,0.0,0.0,0.0,0.0
42,10,RandomForest,False,0.0,0.0,0.0,0.0
42,10,ExtraTrees,False,0.0,0.0,0.0,0.0
42,10,GradientBoosting,False,0.0,0.0,0.0,0.0
42,11,Retrained RF,True,1.109375,0.3311224998906255,543.709090909091,1380.9
42,11,Frozen RF,False,0.0,0.0,0.0,0.0
42,11,RandomForest,False,0.0,0.0,0.0,0.0
42,11,ExtraTrees,False,0.0,0.0,0.0,0.0
42,11,GradientBoosting,False,0.0,0.0,0.0,0.0
42,12,Retrained RF,True,1.109375,0.3964864001609385,442.5142857142857,1829.4
42,12,Frozen RF,False,0.0,0.0,0.0,0.0
42,12,RandomForest,False,0.0,0.0,0.0,0.0
42,12,ExtraTrees,False,0.0,0.0,0.0,0.0
42,12,GradientBoosting,False,0.0,0.0,0.0,0.0
42,13,Retrained RF,True,1.109375,0.34560010000132024,649.635,1930.7
42,13,Frozen RF,False,0.0,0.0,0.0,0.0
42,13,RandomForest,False,0.0,0.0,0.0,0.0
42,13,ExtraTrees,False,0.0,0.0,0.0,0.0
42,13,GradientBoosting,False,0.0,0.0,0.0,0.0
42,14,Retrained RF,True,1.28125,0.3934444999322295,574.9375,1661.9
42,14,Frozen RF,False,0.0,0.0,0.0,0.0
42,14,RandomForest,True,0.453125,0.21517819981090724,387.19375,1484.4
42,14,ExtraTrees,True,0.265625,0.17670169984921813,271.74545454545455,771.8
42,14,GradientBoosting,True,0.34375,0.334244400030002,285.54761904761904,557.2
42,15,Retrained RF,True,1.390625,0.38300400017760694,656.6384615384615,1399.2
42,15,Frozen RF,False,0.0,0.0,0.0,0.0
42,15,RandomForest,True,0.484375,0.2780939000658691,280.7777777777777,472.5
42,15,ExtraTrees,False,0.0,0.0,0.0,0.0
42,15,GradientBoosting,False,0.0,0.0,0.0,0.0
43,0,Retrained RF,True,0.515625,0.28082119999453425,365.3,1083.9
43,0,Frozen RF,False,0.0,0.0,0.0,0.0
43,0,RandomForest,False,0.0,0.0,0.0,0.0
43,0,ExtraTrees,False,0.0,0.0,0.0,0.0
43,0,GradientBoosting,False,0.0,0.0,0.0,0.0
43,1,Retrained RF,True,0.40625,0.3011498998384923,255.7625,583.2
43,1,Frozen RF,False,0.0,0.0,0.0,0.0
43,1,RandomForest,True,0.421875,0.23012880003079772,329.625,936.8
43,1,ExtraTrees,True,0.3125,0.23524169996380806,254.73076923076923,713.4
43,1,GradientBoosting,True,0.40625,0.39123980002477765,283.276,577.6
43,2,Retrained RF,True,0.578125,0.26337340008467436,420.58235294117645,860.7
43,2,Frozen RF,False,0.0,0.0,0.0,0.0
43,2,RandomForest,False,0.0,0.0,0.0,0.0
43,2,ExtraTrees,False,0.0,0.0,0.0,0.0
43,2,GradientBoosting,False,0.0,0.0,0.0,0.0
43,3,Retrained RF,True,0.703125,0.2792694999370724,437.9,1349.1
43,3,Frozen RF,False,0.0,0.0,0.0,0.0
43,3,RandomForest,False,0.0,0.0,0.0,0.0
43,3,ExtraTrees,False,0.0,0.0,0.0,0.0
43,3,GradientBoosting,False,0.0,0.0,0.0,0.0
43,4,Retrained RF,True,1.21875,0.5261341000441462,431.52727272727276,1574.0
43,4,Frozen RF,False,0.0,0.0,0.0,0.0
43,4,RandomForest,True,0.734375,0.4439803999848664,298.584,852.5
43,4,ExtraTrees,False,0.0,0.0,0.0,0.0
43,4,GradientBoosting,False,0.0,0.0,0.0,0.0
43,5,Retrained RF,True,1.296875,0.5092619000934064,480.72068965517235,1568.0
43,5,Frozen RF,False,0.0,0.0,0.0,0.0
43,5,RandomForest,False,0.0,0.0,0.0,0.0
43,5,ExtraTrees,False,0.0,0.0,0.0,0.0
43,5,GradientBoosting,False,0.0,0.0,0.0,0.0
43,6,Retrained RF,True,1.265625,0.46999339992180467,470.215625,1909.2
43,6,Frozen RF,False,0.0,0.0,0.0,0.0
43,6,RandomForest,True,0.703125,0.4334930998738855,261.8,729.5
43,6,ExtraTrees,True,0.375,0.3682818999513984,203.2684210526316,548.4
43,6,GradientBoosting,True,0.78125,0.9115973999723792,263.9326530612245,529.2
43,7,Retrained RF,True,1.46875,0.5848236000165343,480.72,1535.4
43,7,Frozen RF,False,0.0,0.0,0.0,0.0
43,7,RandomForest,True,0.84375,0.4627427998930216,305.4714285714286,847.1
43,7,ExtraTrees,False,0.0,0.0,0.0,0.0
43,7,GradientBoosting,False,0.0,0.0,0.0,0.0
43,8,Retrained RF,True,1.359375,0.5653145001269877,468.9771428571428,1531.9
43,8,Frozen RF,False,0.0,0.0,0.0,0.0
43,8,RandomForest,False,0.0,0.0,0.0,0.0
43,8,ExtraTrees,False,0.0,0.0,0.0,0.0
43,8,GradientBoosting,False,0.0,0.0,0.0,0.0
43,9,Retrained RF,True,1.390625,0.6335842001717538,423.31081081081084,1967.0
43,9,Frozen RF,False,0.0,0.0,0.0,0.0
43,9,RandomForest,True,0.734375,0.4761884999461472,235.58148148148146,792.2
43,9,ExtraTrees,True,0.453125,0.3240483000408858,254.29999999999998,796.2
43,9,GradientBoosting,True,0.71875,0.7625054998788983,258.14565217391305,284.3
43,10,Retrained RF,True,1.8125,0.6106205999385566,567.7731707317073,1567.1
43,10,Frozen RF,False,0.0,0.0,0.0,0.0
43,10,RandomForest,False,0.0,0.0,0.0,0.0
43,10,ExtraTrees,False,0.0,0.0,0.0,0.0
43,10,GradientBoosting,False,0.0,0.0,0.0,0.0
43,11,Retrained RF,True,1.578125,0.6387092999648303,501.9923076923077,1958.8
43,11,Frozen RF,False,0.0,0.0,0.0,0.0
43,11,RandomForest,True,0.625,0.4260511000175029,250.44400000000002,681.9
43,11,ExtraTrees,True,0.390625,0.3348274000454694,216.94210526315788,558.8
43,11,GradientBoosting,True,0.78125,0.786549000069499,272.1530612244898,538.8
43,12,Retrained RF,True,2.09375,0.6340290999505669,692.9317073170732,1996.1
43,12,Frozen RF,False,0.0,0.0,0.0,0.0
43,12,RandomForest,False,0.0,0.0,0.0,0.0
43,12,ExtraTrees,False,0.0,0.0,0.0,0.0
43,12,GradientBoosting,False,0.0,0.0,0.0,0.0
43,13,Retrained RF,True,1.96875,0.6252217998262495,637.9928571428571,1924.2
43,13,Frozen RF,False,0.0,0.0,0.0,0.0
43,13,RandomForest,False,0.0,0.0,0.0,0.0
43,13,ExtraTrees,False,0.0,0.0,0.0,0.0
43,13,GradientBoosting,False,0.0,0.0,0.0,0.0
43,14,Retrained RF,True,1.890625,0.6441384002100676,574.1772727272727,1957.8
43,14,Frozen RF,False,0.0,0.0,0.0,0.0
43,14,RandomForest,False,0.0,0.0,0.0,0.0
43,14,ExtraTrees,False,0.0,0.0,0.0,0.0
43,14,GradientBoosting,False,0.0,0.0,0.0,0.0
43,15,Retrained RF,True,1.984375,0.7206673000473529,617.4386363636364,2079.1
43,15,Frozen RF,False,0.0,0.0,0.0,0.0
43,15,RandomForest,False,0.0,0.0,0.0,0.0
43,15,ExtraTrees,False,0.0,0.0,0.0,0.0
43,15,GradientBoosting,False,0.0,0.0,0.0,0.0
44,0,Retrained RF,True,0.71875,0.45965049997903407,256.1642857142857,818.8
44,0,Frozen RF,False,0.0,0.0,0.0,0.0
44,0,RandomForest,False,0.0,0.0,0.0,0.0
44,0,ExtraTrees,False,0.0,0.0,0.0,0.0
44,0,GradientBoosting,False,0.0,0.0,0.0,0.0
44,1,Retrained RF,True,0.875,0.4723835000768304,301.5310344827586,1108.4
44,1,Frozen RF,False,0.0,0.0,0.0,0.0
44,1,RandomForest,True,0.65625,0.4390001001302153,257.67500000000007,836.1
44,1,ExtraTrees,True,0.453125,0.34139510011300445,215.625,529.4
44,1,GradientBoosting,True,0.734375,0.8031906001269817,275.3066666666666,563.6
44,2,Retrained RF,True,0.859375,0.4667424999643117,314.78846153846155,997.8
44,2,Frozen RF,False,0.0,0.0,0.0,0.0
44,2,RandomForest,False,0.0,0.0,0.0,0.0
44,2,ExtraTrees,False,0.0,0.0,0.0,0.0
44,2,GradientBoosting,True,0.828125,0.8151996999513358,272.02352941176474,569.5
44,3,Retrained RF,True,1.109375,0.4845271999947727,411.6,1197.5
44,3,Frozen RF,False,0.0,0.0,0.0,0.0
44,3,RandomForest,False,0.0,0.0,0.0,0.0
44,3,ExtraTrees,False,0.0,0.0,0.0,0.0
44,3,GradientBoosting,False,0.0,0.0,0.0,0.0
44,4,Retrained RF,True,1.125,0.4892829000018537,463.8857142857143,1619.7
44,4,Frozen RF,False,0.0,0.0,0.0,0.0
44,4,RandomForest,False,0.0,0.0,0.0,0.0
44,4,ExtraTrees,False,0.0,0.0,0.0,0.0
44,4,GradientBoosting,False,0.0,0.0,0.0,0.0
44,5,Retrained RF,True,1.09375,0.5213571998756379,352.05806451612904,1550.9
44,5,Frozen RF,False,0.0,0.0,0.0,0.0
44,5,RandomForest,False,0.0,0.0,0.0,0.0
44,5,ExtraTrees,False,0.0,0.0,0.0,0.0
44,5,GradientBoosting,False,0.0,0.0,0.0,0.0
44,6,Retrained RF,True,1.296875,0.5664484000299126,427.0971428571429,1234.3
44,6,Frozen RF,False,0.0,0.0,0.0,0.0
44,6,RandomForest,True,0.796875,0.43116059992462397,322.84615384615387,1106.9
44,6,ExtraTrees,True,0.40625,0.33138079987838864,188.3722222222222,530.2
44,6,GradientBoosting,True,0.796875,0.8389542999211699,264.5156862745098,287.6
44,7,Retrained RF,True,1.46875,0.5449426001869142,468.77837837837836,1840.0
44,7,Frozen RF,False,0.0,0.0,0.0,0.0
44,7,RandomForest,False,0.0,0.0,0.0,0.0
44,7,ExtraTrees,False,0.0,0.0,0.0,0.0
44,7,GradientBoosting,False,0.0,0.0,0.0,0.0
44,8,Retrained RF,True,1.53125,0.5664818999357522,553.3472222222222,1752.4
44,8,Frozen RF,False,0.0,0.0,0.0,0.0
44,8,RandomForest,False,0.0,0.0,0.0,0.0
44,8,ExtraTrees,False,0.0,0.0,0.0,0.0
44,8,GradientBoosting,False,0.0,0.0,0.0,0.0
44,9,Retrained RF,True,1.515625,0.5966589001473039,566.4694444444444,1942.6
44,9,Frozen RF,False,0.0,0.0,0.0,0.0
44,9,RandomForest,True,0.71875,0.5297884000465274,203.34482758620686,513.7
44,9,ExtraTrees,True,0.4375,0.3451652000658214,196.22727272727272,367.1
44,9,GradientBoosting,True,0.78125,0.7811058999504894,265.46458333333334,449.4
44,10,Retrained RF,True,1.6875,0.6390625999774784,573.1564102564104,2002.1
44,10,Frozen RF,False,0.0,0.0,0.0,0.0
44,10,RandomForest,False,0.0,0.0,0.0,0.0
44,10,ExtraTrees,False,0.0,0.0,0.0,0.0
44,10,GradientBoosting,False,0.0,0.0,0.0,0.0
44,11,Retrained RF,True,1.671875,0.6684808998834342,503.91162790697666,1927.2
44,11,Frozen RF,False,0.0,0.0,0.0,0.0
44,11,RandomForest,False,0.0,0.0,0.0,0.0
44,11,ExtraTrees,False,0.0,0.0,0.0,0.0
44,11,GradientBoosting,False,0.0,0.0,0.0,0.0
44,12,Retrained RF,True,2.015625,0.6109786001034081,660.8073170731707,2014.4
44,12,Frozen RF,False,0.0,0.0,0.0,0.0
44,12,RandomForest,False,0.0,0.0,0.0,0.0
44,12,ExtraTrees,False,0.0,0.0,0.0,0.0
44,12,GradientBoosting,True,0.828125,0.8529898000415415,277.3607843137255,568.5
44,13,Retrained RF,True,1.53125,0.7467299001291394,351.85,835.2
44,13,Frozen RF,False,0.0,0.0,0.0,0.0
44,13,RandomForest,False,0.0,0.0,0.0,0.0
44,13,ExtraTrees,True,0.484375,0.39320480008609593,207.8260869565217,718.4
44,13,GradientBoosting,False,0.0,0.0,0.0,0.0
44,14,Retrained RF,True,1.9375,0.7013042001053691,491.4553191489361,1691.5
44,14,Frozen RF,False,0.0,0.0,0.0,0.0
44,14,RandomForest,True,0.671875,0.5186439000535756,182.32413793103444,618.0
44,14,ExtraTrees,True,0.484375,0.3674796998966485,250.49,611.5
44,14,GradientBoosting,True,0.84375,0.8449958998244256,277.72599999999994,554.0
44,15,Retrained RF,True,2.390625,0.7609610999934375,594.9519230769231,2006.9
44,15,Frozen RF,False,0.0,0.0,0.0,0.0
44,15,RandomForest,False,0.0,0.0,0.0,0.0
44,15,ExtraTrees,False,0.0,0.0,0.0,0.0
44,15,GradientBoosting,False,0.0,0.0,0.0,0.0
45,0,Retrained RF,True,0.796875,0.5251543000340462,276.61923076923074,596.8
45,0,Frozen RF,False,0.0,0.0,0.0,0.0
45,0,RandomForest,False,0.0,0.0,0.0,0.0
45,0,ExtraTrees,False,0.0,0.0,0.0,0.0
45,0,GradientBoosting,False,0.0,0.0,0.0,0.0
45,1,Retrained RF,True,0.9375,0.5277060999069363,294.86666666666673,817.8
45,1,Frozen RF,False,0.0,0.0,0.0,0.0
45,1,RandomForest,True,0.8125,0.5014055999927223,259.98275862068965,736.0
45,1,ExtraTrees,True,0.421875,0.34848199994303286,260.2789473684211,767.9
45,1,GradientBoosting,True,0.8125,0.9735808002296835,275.376,549.6
45,2,Retrained RF,True,0.875,0.4977936998475343,337.05714285714294,1167.7
45,2,Frozen RF,False,0.0,0.0,0.0,0.0
45,2,RandomForest,False,0.0,0.0,0.0,0.0
45,2,ExtraTrees,False,0.0,0.0,0.0,0.0
45,2,GradientBoosting,False,0.0,0.0,0.0,0.0
45,3,Retrained RF,True,1.046875,0.49117469997145236,479.0777777777778,1412.2
45,3,Frozen RF,False,0.0,0.0,0.0,0.0
45,3,RandomForest,True,0.75,0.45161150000058115,256.95,791.2
45,3,ExtraTrees,True,0.421875,0.3768975001294166,166.64499999999998,413.1
45,3,GradientBoosting,True,0.828125,0.8184098000638187,261.848076923077,299.3
45,4,Retrained RF,True,1.078125,0.5088239000178874,462.75172413793103,1712.2
45,4,Frozen RF,False,0.0,0.0,0.0,0.0
45,4,RandomForest,False,0.0,0.0,0.0,0.0
45,4,ExtraTrees,False,0.0,0.0,0.0,0.0
45,4,GradientBoosting,False,0.0,0.0,0.0,0.0
45,5,Retrained RF,True,1.3125,0.5122883000876755,441.665625,1826.4
45,5,Frozen RF,False,0.0,0.0,0.0,0.0
45,5,RandomForest,False,0.0,0.0,0.0,0.0
45,5,ExtraTrees,True,0.53125,0.5814823000691831,247.11904761904756,741.8
45,5,GradientBoosting,False,0.0,0.0,0.0,0.0
45,6,Retrained RF,True,1.28125,0.8298436000477523,383.31935483870967,894.4
45,6,Frozen RF,False,0.0,0.0,0.0,0.0
45,6,RandomForest,True,0.78125,0.6795397999230772,214.4416666666667,548.4
45,6,ExtraTrees,True,0.46875,0.4463523000013083,160.8875,271.9
45,6,GradientBoosting,True,0.765625,1.3805879999417812,222.1311111111111,536.2
45,7,Retrained RF,True,1.40625,0.6474931999109685,422.6972222222222,1442.7
45,7,Frozen RF,False,0.0,0.0,0.0,0.0
45,7,RandomForest,False,0.0,0.0,0.0,0.0
45,7,ExtraTrees,True,0.453125,0.33483970002271235,226.39499999999998,552.0
45,7,GradientBoosting,False,0.0,0.0,0.0,0.0
45,8,Retrained RF,True,1.328125,0.550048999954015,410.0794117647059,1406.8
45,8,Frozen RF,False,0.0,0.0,0.0,0.0
45,8,RandomForest,False,0.0,0.0,0.0,0.0
45,8,ExtraTrees,False,0.0,0.0,0.0,0.0
45,8,GradientBoosting,False,0.0,0.0,0.0,0.0
45,9,Retrained RF,True,1.59375,0.605421399930492,520.92,1542.7
45,9,Frozen RF,False,0.0,0.0,0.0,0.0
45,9,RandomForest,True,0.71875,0.5548712001182139,231.29166666666666,607.7
45,9,ExtraTrees,True,0.359375,0.4503464000299573,169.28125,513.8
45,9,GradientBoosting,True,0.734375,0.8566884999163449,271.44545454545454,510.4
45,10,Retrained RF,True,1.53125,0.6352766999043524,443.5357142857143,1419.6
45,10,Frozen RF,False,0.0,0.0,0.0,0.0
45,10,RandomForest,True,0.765625,0.4903722000308335,284.56071428571425,1345.6
45,10,ExtraTrees,False,0.0,0.0,0.0,0.0
45,10,GradientBoosting,False,0.0,0.0,0.0,0.0
45,11,Retrained RF,True,1.703125,0.6749105998314917,469.97608695652167,1666.9
45,11,Frozen RF,False,0.0,0.0,0.0,0.0
45,11,RandomForest,False,0.0,0.0,0.0,0.0
45,11,ExtraTrees,False,0.0,0.0,0.0,0.0
45,11,GradientBoosting,False,0.0,0.0,0.0,0.0
45,12,Retrained RF,True,1.9375,0.6898151999339461,596.9749999999999,1718.0
45,12,Frozen RF,False,0.0,0.0,0.0,0.0
45,12,RandomForest,False,0.0,0.0,0.0,0.0
45,12,ExtraTrees,False,0.0,0.0,0.0,0.0
45,12,GradientBoosting,False,0.0,0.0,0.0,0.0
45,13,Retrained RF,True,1.9375,0.6549228001385927,621.6600000000001,1723.8
45,13,Frozen RF,False,0.0,0.0,0.0,0.0
45,13,RandomForest,False,0.0,0.0,0.0,0.0
45,13,ExtraTrees,False,0.0,0.0,0.0,0.0
45,13,GradientBoosting,False,0.0,0.0,0.0,0.0
45,14,Retrained RF,True,2.09375,0.656356800114736,704.7285714285714,1726.8
45,14,Frozen RF,False,0.0,0.0,0.0,0.0
45,14,RandomForest,True,0.875,0.49634780013002455,328.8142857142857,806.8
45,14,ExtraTrees,True,0.421875,0.35269280010834336,189.20476190476188,452.2
45,14,GradientBoosting,True,0.734375,0.7925200001336634,269.5234042553192,286.6
45,15,Retrained RF,True,2.296875,0.7274390999227762,740.0681818181819,1757.5
45,15,Frozen RF,False,0.0,0.0,0.0,0.0
45,15,RandomForest,False,0.0,0.0,0.0,0.0
45,15,ExtraTrees,False,0.0,0.0,0.0,0.0
45,15,GradientBoosting,False,0.0,0.0,0.0,0.0
46,0,Retrained RF,True,0.765625,0.4377222000621259,316.3230769230769,1057.0
46,0,Frozen RF,False,0.0,0.0,0.0,0.0
46,0,RandomForest,False,0.0,0.0,0.0,0.0
46,0,ExtraTrees,False,0.0,0.0,0.0,0.0
46,0,GradientBoosting,False,0.0,0.0,0.0,0.0
46,1,Retrained RF,True,0.875,0.4466482999268919,339.5777777777777,1159.3
46,1,Frozen RF,False,0.0,0.0,0.0,0.0
46,1,RandomForest,True,0.75,0.4315781998448074,315.34230769230766,1075.5
46,1,ExtraTrees,True,0.40625,0.3525341001804918,217.98235294117643,714.8
46,1,GradientBoosting,True,0.796875,0.7623227001167834,271.51836734693876,535.5
46,2,Retrained RF,True,1.0,0.470317600062117,390.45,1509.4
46,2,Frozen RF,False,0.0,0.0,0.0,0.0
46,2,RandomForest,False,0.0,0.0,0.0,0.0
46,2,ExtraTrees,False,0.0,0.0,0.0,0.0
46,2,GradientBoosting,False,0.0,0.0,0.0,0.0
46,3,Retrained RF,True,1.078125,0.4875878000166267,330.00000000000006,862.8
46,3,Frozen RF,False,0.0,0.0,0.0,0.0
46,3,RandomForest,False,0.0,0.0,0.0,0.0
46,3,ExtraTrees,False,0.0,0.0,0.0,0.0
46,3,GradientBoosting,False,0.0,0.0,0.0,0.0
46,4,Retrained RF,True,1.171875,0.5056491999421269,405.1000000000001,1411.7
46,4,Frozen RF,False,0.0,0.0,0.0,0.0
46,4,RandomForest,True,0.734375,0.49662490002810955,232.55357142857142,786.9
46,4,ExtraTrees,True,0.453125,0.3652562000788748,176.89999999999998,417.8
46,4,GradientBoosting,True,0.71875,0.8488885001279414,247.9521739130435,285.2
46,5,Retrained RF,True,1.171875,0.5114573000464588,422.66129032258067,1839.3
46,5,Frozen RF,False,0.0,0.0,0.0,0.0
46,5,RandomForest,False,0.0,0.0,0.0,0.0
46,5,ExtraTrees,False,0.0,0.0,0.0,0.0
46,5,GradientBoosting,False,0.0,0.0,0.0,0.0
46,6,Retrained RF,True,1.421875,0.5436229000333697,508.1499999999999,1875.5
46,6,Frozen RF,False,0.0,0.0,0.0,0.0
46,6,RandomForest,True,0.875,0.46379469987004995,315.1884615384615,920.2
46,6,ExtraTrees,True,0.390625,0.3520015999674797,217.98947368421054,835.7
46,6,GradientBoosting,True,0.765625,0.7418585000559688,275.01276595744685,446.1
46,7,Retrained RF,True,1.328125,0.5650699997786433,532.1735294117648,1696.0
46,7,Frozen RF,False,0.0,0.0,0.0,0.0
46,7,RandomForest,False,0.0,0.0,0.0,0.0
46,7,ExtraTrees,True,0.359375,0.34194119996391237,204.28947368421055,718.1
46,7,GradientBoosting,False,0.0,0.0,0.0,0.0
46,8,Retrained RF,True,1.296875,0.5861435001716018,494.3484848484849,1761.9
46,8,Frozen RF,False,0.0,0.0,0.0,0.0
46,8,RandomForest,False,0.0,0.0,0.0,0.0
46,8,ExtraTrees,False,0.0,0.0,0.0,0.0
46,8,GradientBoosting,False,0.0,0.0,0.0,0.0
46,9,Retrained RF,True,1.3125,0.539658399997279,550.758064516129,2140.0
46,9,Frozen RF,False,0.0,0.0,0.0,0.0
46,9,RandomForest,False,0.0,0.0,0.0,0.0
46,9,ExtraTrees,False,0.0,0.0,0.0,0.0
46,9,GradientBoosting,False,0.0,0.0,0.0,0.0
46,10,Retrained RF,True,1.578125,0.579898200230673,547.911111111111,1982.5
46,10,Frozen RF,False,0.0,0.0,0.0,0.0
46,10,RandomForest,False,0.0,0.0,0.0,0.0
46,10,ExtraTrees,False,0.0,0.0,0.0,0.0
46,10,GradientBoosting,False,0.0,0.0,0.0,0.0
46,11,Retrained RF,True,1.875,0.6718546999618411,570.7499999999999,2023.5
46,11,Frozen RF,False,0.0,0.0,0.0,0.0
46,11,RandomForest,True,0.75,0.4409607001580298,294.4916666666666,869.6
46,11,ExtraTrees,True,0.375,0.3371208000462502,185.39374999999998,313.3
46,11,GradientBoosting,True,0.703125,0.8189421000424773,274.425,553.3
46,12,Retrained RF,True,1.75,0.6256841002032161,553.1657894736843,1683.3
46,12,Frozen RF,False,0.0,0.0,0.0,0.0
46,12,RandomForest,False,0.0,0.0,0.0,0.0
46,12,ExtraTrees,False,0.0,0.0,0.0,0.0
46,12,GradientBoosting,False,0.0,0.0,0.0,0.0
46,13,Retrained RF,True,1.8125,0.6438685001339763,560.0279069767442,1969.9
46,13,Frozen RF,False,0.0,0.0,0.0,0.0
46,13,RandomForest,True,0.765625,0.4313346999697387,316.5,969.9
46,13,ExtraTrees,False,0.0,0.0,0.0,0.0
46,13,GradientBoosting,False,0.0,0.0,0.0,0.0
46,14,Retrained RF,True,1.90625,0.5975309999193996,658.1274999999999,2132.3
46,14,Frozen RF,False,0.0,0.0,0.0,0.0
46,14,RandomForest,True,0.6875,0.47053979989141226,228.31034482758616,605.8
46,14,ExtraTrees,True,0.390625,0.336208299966529,198.05882352941177,544.5
46,14,GradientBoosting,True,0.796875,0.9139369998592883,283.3265306122449,556.2
46,15,Retrained RF,True,2.09375,0.7562760999426246,573.1744680851064,1847.2
46,15,Frozen RF,False,0.0,0.0,0.0,0.0
46,15,RandomForest,False,0.0,0.0,0.0,0.0
46,15,ExtraTrees,False,0.0,0.0,0.0,0.0
46,15,GradientBoosting,True,0.734375,0.7920554999727756,264.9913043478261,553.9
