seed,window,drift_type,severity,transition,selected_model,RF_F1,ET_F1,GB_F1,RF_accuracy,ET_accuracy,GB_accuracy,RF_reward,ET_reward,GB_reward,RF_UCB,ET_UCB,GB_UCB,cumulative_reward,selected_model_prediction_time,selected_model_cpu_time,retraining_event
42,0,none,none,stable,RandomForest,0.842809364548495,0.8499156829679595,0.8417508417508418,0.812,0.822,0.812,0.836559364548495,0.8405406829679595,0.8417508417508418,1.5,1.5,1.5,0.836559364548495,0.05937029980123043,0.0625,False
42,1,prior,severe,recovery,ExtraTrees,0.5429362880886427,0.5469613259668509,0.5636856368563685,0.67,0.672,0.678,0.5351237880886427,0.5375863259668509,0.5636856368563685,0.836559364548495,1.5,1.5,1.3741456905153457,0.10949429986067116,0.09375,True
42,2,prior,severe,sudden,GradientBoosting,0.8621495327102804,0.8944381384790011,0.8763005780346821,0.764,0.814,0.786,0.8527745327102804,0.8881881384790011,0.8763005780346821,1.6691139757061926,1.3701409371245485,1.5,2.2504462685500277,0.0031836999114602804,0.0,False
42,3,none,none,stable,GradientBoosting,0.7525773195876289,0.7821782178217822,0.7379134860050891,0.808,0.824,0.794,0.7478898195876289,0.7743657178217822,0.7379134860050891,1.8847064385167,1.585733399935056,1.924447652002887,2.988359754555117,0.0038056999910622835,0.0,True
42,4,covariate,severe,gradual,RandomForest,0.8698630136986302,0.867579908675799,0.8685714285714285,0.772,0.768,0.77,0.8636130136986302,0.858204908675799,0.8685714285714285,2.0139693870639697,1.7149963484823254,1.6396616431775834,3.8519727682537472,0.06137759983539581,0.0625,True
42,5,none,none,stable,ExtraTrees,0.8533333333333334,0.8613138686131386,0.8567961165048543,0.758,0.772,0.764,0.8486458333333334,0.8550638686131387,0.8567961165048543,1.7471474781206133,1.8062225671463703,1.7041683210169363,4.707036636866886,0.04364070016890764,0.0625,False
42,6,covariate,moderate,recovery,RandomForest,0.7379310344827587,0.7287581699346405,0.7332242225859247,0.696,0.668,0.674,0.7348060344827586,0.7225081699346405,0.7316617225859247,1.7965954255359853,1.6428343337024174,1.7536162684323084,5.441842671349645,0.052927999990060925,0.03125,True
42,7,concept,mild,gradual,GradientBoosting,0.865979381443299,0.880672268907563,0.872852233676976,0.844,0.858,0.852,0.859729381443299,0.874422268907563,0.872852233676976,1.617039329331918,1.6827099484143704,1.7934918831442612,6.31469490502662,0.005998299922794104,0.0,False
42,8,prior,mild,gradual,ExtraTrees,0.856682769726248,0.8471337579617835,0.8525641025641025,0.822,0.808,0.816,0.848870269726248,0.8408837579617835,0.8525641025641025,1.644214082067659,1.7159920874588037,1.6615767103966135,7.155578662988404,0.06166870007291436,0.0625,False
42,9,concept,moderate,sudden,GradientBoosting,0.694006309148265,0.7070063694267515,0.7116564417177914,0.806,0.816,0.812,0.689318809148265,0.7023188694267516,0.7100939417177914,1.6674679731144009,1.6003198197183641,1.6848306014433554,7.865672604706195,0.0031874000560492277,0.015625,True
42,10,mixed,mild,recovery,RandomForest,0.9330085261875761,0.9320388349514563,0.9326805385556916,0.89,0.888,0.89,0.9283210261875762,0.9257888349514564,0.9326805385556916,1.6877464325361167,1.6205982791400797,1.5580036245512079,8.793993630893771,0.05555920000188053,0.046875,False
42,11,concept,moderate,sudden,ExtraTrees,0.8613445378151261,0.8765957446808511,0.8559139784946237,0.868,0.884,0.866,0.8550945378151261,0.8719082446808512,0.8543514784946237,1.6150818055810587,1.63854622973275,1.5735470057103285,9.665901875574622,0.0694902001414448,0.046875,False
42,12,mixed,severe,recovery,RandomForest,0.9113149847094801,0.904320987654321,0.911042944785276,0.884,0.876,0.884,0.9066274847094802,0.901195987654321,0.911042944785276,1.6290041936673971,1.5645398832436883,1.5874693937966668,10.572529360284102,0.04201980005018413,0.046875,False
42,13,none,none,stable,GradientBoosting,0.8688118811881188,0.87,0.8691358024691358,0.788,0.792,0.788,0.8609993811881188,0.8621875,0.8691358024691358,1.5702184972609,1.5771335129884867,1.6000630235414655,11.441665162753239,0.0029358998872339725,0.0,False
42,14,covariate,mild,gradual,ExtraTrees,0.6844919786096256,0.6789473684210526,0.6736292428198434,0.764,0.756,0.75,0.6813669786096256,0.6742598684210527,0.6720667428198434,1.5804917273839032,1.5886193334402536,1.53976555103925,12.115925031174292,0.0425311999861151,0.046875,True
42,15,mixed,moderate,sudden,RandomForest,0.9607182940516273,0.9572072072072072,0.9518477043673013,0.93,0.924,0.914,0.9544682940516274,0.9525197072072072,0.9518477043673013,1.5899269858191447,1.491882014222492,1.5492008094744916,13.07039332522592,0.059130199952051044,0.0625,True
43,0,none,none,stable,RandomForest,0.8415672913117547,0.8304498269896193,0.841025641025641,0.814,0.804,0.814,0.8353172913117547,0.8257623269896194,0.839463141025641,1.5,1.5,1.5,0.8353172913117547,0.0645244000479579,0.0625,False
43,1,none,none,stable,ExtraTrees,0.6119402985074627,0.6466165413533834,0.6231884057971014,0.792,0.812,0.792,0.6088152985074626,0.6403665413533834,0.6216259057971014,0.8353172913117547,1.5,1.5,1.4756838326651383,0.05304340017028153,0.0625,True
43,2,prior,moderate,gradual,GradientBoosting,0.8600508905852418,0.8729559748427673,0.8622448979591837,0.78,0.798,0.784,0.8553633905852418,0.8682684748427674,0.8606823979591837,1.6678719024694524,1.472921152511081,1.5,2.336366230624322,0.004149100044742227,0.015625,False
43,3,mixed,mild,gradual,GradientBoosting,0.8516129032258064,0.8479657387580299,0.8372093023255814,0.862,0.858,0.846,0.8453629032258064,0.84171573875803,0.8372093023255814,1.8834643652799596,1.6885136153215885,1.9088294719273886,3.1735755329499034,0.0036668002139776945,0.0,False
43,4,covariate,moderate,sudden,RandomForest,0.8438438438438438,0.8323170731707317,0.8238805970149253,0.792,0.78,0.764,0.8375938438438438,0.8245045731707317,0.8238805970149253,2.0127273138272295,1.817776563868858,1.6815004613000801,4.011169376793747,0.057986099971458316,0.0625,True
43,5,none,none,stable,ExtraTrees,0.8586666666666667,0.8619246861924686,0.8450704225352113,0.788,0.802,0.78,0.8555416666666666,0.8509871861924686,0.8450704225352113,1.73351685657485,1.909002782532903,1.7460071391394334,4.862156562986216,0.10396650014445186,0.109375,False
43,6,concept,severe,gradual,GradientBoosting,0.7331378299120235,0.6431095406360424,0.6462585034013606,0.818,0.798,0.792,0.7237628299120235,0.6337345406360424,0.6446960034013606,1.782964803990222,1.6921861001853489,1.7954550865548051,5.506852566387576,0.006100099999457598,0.015625,True
43,7,mixed,severe,recovery,RandomForest,0.963758389261745,0.9585006693440429,0.9665327978580991,0.946,0.938,0.95,0.957508389261745,0.9475631693440428,0.9665327978580991,1.822840418702175,1.7320617148973017,1.586242426317332,6.464360955649322,0.11362829990684986,0.0625,True
43,8,covariate,mild,recovery,ExtraTrees,0.8538681948424068,0.8542568542568543,0.851063829787234,0.796,0.798,0.79,0.8476181948424069,0.8464443542568543,0.851063829787234,1.7093611192968123,1.765343853941735,1.613417179053073,7.310805309906176,0.09409810020588338,0.078125,False
43,9,concept,mild,recovery,RandomForest,0.72,0.7333333333333333,0.7181208053691275,0.832,0.84,0.832,0.71375,0.7223958333333332,0.7181208053691275,1.7326150103435543,1.6350745294720084,1.636671070099815,8.024555309906175,0.08659990015439689,0.0625,True
43,10,prior,severe,gradual,GradientBoosting,0.8931818181818182,0.8979591836734694,0.8962371721778791,0.812,0.82,0.818,0.8838068181818182,0.8901466836734694,0.8946746721778791,1.5947559457969092,1.6553529888937242,1.6569495295215306,8.919229982084055,0.007328200154006481,0.015625,False
43,11,covariate,mild,recovery,ExtraTrees,0.732,0.7313131313131314,0.736,0.732,0.734,0.736,0.7210624999999999,0.7203756313131313,0.736,1.6102993269560297,1.6733009394863947,1.5835725398176952,9.639605613397187,0.08417919999919832,0.109375,True
43,12,concept,moderate,sudden,RandomForest,0.902834008097166,0.8952772073921971,0.8857142857142857,0.904,0.898,0.888,0.8918965080971659,0.884339707392197,0.8857142857142857,1.6242217150423681,1.5527227622169915,1.5974949279040334,10.531502121494352,0.08491040021181107,0.109375,False
43,13,prior,severe,sudden,GradientBoosting,0.9414316702819957,0.9405405405405406,0.9359391965255157,0.892,0.89,0.882,0.9304941702819957,0.9358530405405406,0.9359391965255157,1.5634463190384138,1.5653163919617903,1.6100885576488322,11.467441318019867,0.00567640014924109,0.0,False
43,14,mixed,moderate,sudden,ExtraTrees,0.7359550561797753,0.850253807106599,0.762550881953867,0.624,0.764,0.65,0.7281425561797753,0.8440038071065991,0.762550881953867,1.5737195491614169,1.5768022124135568,1.5611466571364194,12.311445125126466,0.08270639996044338,0.0625,False
43,15,none,none,stable,RandomForest,0.8235294117647058,0.8553054662379421,0.8301886792452831,0.772,0.82,0.784,0.8172794117647059,0.8443679662379421,0.8301886792452831,1.5831548075966584,1.516377105138244,1.570581915571661,13.128724536891172,0.0796509999781847,0.0625,False
44,0,none,none,stable,RandomForest,0.8489932885906041,0.8494983277591973,0.8442211055276382,0.82,0.82,0.814,0.8396182885906041,0.8432483277591973,0.8426586055276382,1.5,1.5,1.5,0.8396182885906041,0.07983200019225478,0.09375,False
44,1,prior,mild,recovery,ExtraTrees,0.627831715210356,0.6258064516129033,0.6261980830670927,0.77,0.768,0.766,0.615331715210356,0.6164314516129032,0.6261980830670927,0.8396182885906041,1.5,1.5,1.4560497402035073,0.08141690003685653,0.09375,True
44,2,covariate,severe,gradual,GradientBoosting,0.9680082559339526,0.9680082559339526,0.9680082559339526,0.938,0.938,0.938,0.9601957559339526,0.9570707559339525,0.9664457559339525,1.6721728997483019,1.4489860627706008,1.5,2.4224954961374596,0.004561000037938356,0.015625,True
44,3,mixed,moderate,recovery,GradientBoosting,0.8283093053735255,0.7789473684210526,0.8272383354350568,0.738,0.706,0.726,0.8189343053735255,0.7726973684210526,0.8272383354350568,1.8877653625588091,1.6645785255811083,2.0145928299021576,3.2497338315725166,0.006524300202727318,0.0,False
44,4,concept,mild,gradual,RandomForest,0.8888888888888888,0.8842592592592593,0.871331828442438,0.902,0.9,0.886,0.8795138888888888,0.8748842592592593,0.871331828442438,2.0170283111060785,1.793841474128378,1.7293966568422023,4.1292477204614055,0.09193830005824566,0.09375,False
44,5,prior,severe,sudden,ExtraTrees,0.9014396456256921,0.9038674033149171,0.9074889867841409,0.822,0.826,0.832,0.8905021456256921,0.8944924033149171,0.9059264867841409,1.7566273777367973,1.8850676927924228,1.7939033346815554,5.023740123776323,0.07464969996362925,0.09375,False
44,6,concept,moderate,sudden,GradientBoosting,0.6987179487179487,0.7220447284345048,0.6951219512195121,0.812,0.826,0.8,0.6877804487179486,0.7126697284345048,0.6935594512195121,1.806075325152169,1.7019711638763328,1.8433512820969273,5.717299574995835,0.006071799900382757,0.015625,True
44,7,none,none,stable,RandomForest,0.8646864686468647,0.8701298701298701,0.8599670510708401,0.836,0.84,0.83,0.8521864686468648,0.8623173701298701,0.8584045510708401,1.845950939864122,1.7418467785882856,1.6344610392847974,6.5694860436427,0.08070560009218752,0.125,False
44,8,concept,moderate,recovery,ExtraTrees,0.9046941678520626,0.8971428571428571,0.9072753209700428,0.866,0.856,0.87,0.8953191678520626,0.8877678571428571,0.9057128209700428,1.6896608265331503,1.7751289176327192,1.6616357920205382,7.457253900785557,0.08844740013591945,0.09375,False
44,9,none,none,stable,RandomForest,0.6611111111111111,0.650137741046832,0.6464088397790055,0.756,0.746,0.744,0.650173611111111,0.640762741046832,0.6448463397790055,1.7129147175798922,1.6553724062279989,1.6848896830672802,8.107427511896669,0.08187060011550784,0.109375,True
44,10,prior,severe,sudden,GradientBoosting,0.9078651685393259,0.9283351708930541,0.9090909090909091,0.836,0.87,0.838,0.8938026685393259,0.918960170893054,0.907528409090909,1.5640866290019404,1.6756508656497147,1.705168142488996,9.014955920987578,0.006928999908268452,0.015625,False
44,11,covariate,severe,gradual,ExtraTrees,0.8715447154471545,0.883495145631068,0.6765799256505576,0.842,0.856,0.652,0.8621697154471545,0.881932645631068,0.6765799256505576,1.579630010161061,1.693598816242385,1.6229499337715514,9.896888566618646,0.10972160007804632,0.015625,False
44,12,none,none,stable,GradientBoosting,0.8093023255813954,0.8120649651972158,0.8093023255813954,0.836,0.838,0.836,0.7952398255813954,0.7980024651972158,0.8077398255813953,1.5935523982473994,1.6083354233634686,1.63687232185789,10.704628392200041,0.004978700075298548,0.015625,True
44,13,covariate,mild,sudden,ExtraTrees,0.903954802259887,0.9133858267716536,0.9178852643419573,0.83,0.846,0.854,0.894579802259887,0.9008858267716536,0.9178852643419573,1.606146027992198,1.6209290531082672,1.556735467987677,11.605514218971695,0.08062560018151999,0.125,True
44,14,mixed,mild,gradual,RandomForest,0.7272727272727273,0.7248908296943232,0.7325301204819277,0.778,0.748,0.778,0.7132102272727273,0.7170783296943232,0.7325301204819277,1.6176318484439647,1.562808379553195,1.5670086981106803,12.318724446244422,0.09914910001680255,0.140625,True
44,15,mixed,moderate,recovery,GradientBoosting,0.9386590584878745,0.9472182596291013,0.9358059914407989,0.914,0.926,0.91,0.9292840584878744,0.9394057596291013,0.9342434914407989,1.522882097995796,1.5722436379884366,1.5764439565459218,13.252967937685222,0.007021300029009581,0.015625,False
45,0,none,none,stable,RandomForest,0.8612903225806452,0.8533333333333334,0.8403908794788274,0.828,0.824,0.804,0.8503528225806452,0.8423958333333333,0.8403908794788274,1.5,1.5,1.5,0.8503528225806452,0.09510320005938411,0.109375,False
45,1,concept,severe,recovery,ExtraTrees,0.764179104477612,0.7092651757188498,0.7485029940119761,0.842,0.818,0.832,0.756366604477612,0.6998901757188498,0.746940494011976,0.8503528225806452,1.5,1.5,1.550242998299495,0.09738019993528724,0.09375,True
45,2,prior,moderate,gradual,GradientBoosting,0.8360450563204005,0.8539877300613496,0.8377358490566038,0.738,0.762,0.742,0.8219825563204005,0.8446127300613496,0.8377358490566038,1.6829074337383427,1.5324447868765474,1.5,2.3879788473560986,0.005591799970716238,0.0,False
45,3,none,none,stable,RandomForest,0.7688442211055276,0.7711442786069652,0.7582697201017812,0.816,0.816,0.81,0.7579067211055276,0.7617692786069652,0.7567072201017812,1.8984998965488502,1.7480372496870549,1.8858829230248089,3.145885568461626,0.08952659997157753,0.109375,True
45,4,concept,mild,recovery,GradientBoosting,0.8878718535469108,0.8824833702882483,0.8758465011286681,0.902,0.894,0.89,0.8753718535469108,0.8715458702882483,0.8742840011286681,1.6366843830007842,1.8773001982343245,2.0151458715720785,4.020169569590294,0.006563200149685144,0.015625,False
45,5,covariate,severe,gradual,ExtraTrees,0.9437706725468578,0.9463307776560789,0.9449339207048458,0.898,0.902,0.9,0.9343956725468577,0.9338307776560789,0.9449339207048458,1.701191060840137,1.9685264168983694,1.7530712140896867,4.954000347246373,0.0925825999584049,0.125,True
45,6,covariate,mild,recovery,GradientBoosting,0.6177215189873417,0.625,0.6102564102564103,0.698,0.7,0.696,0.6052215189873418,0.6140625,0.6102564102564103,1.7506390082555092,1.763369713099887,1.8025191615050586,5.564256757502783,0.025451600085943937,0.0,True
45,7,mixed,moderate,gradual,ExtraTrees,0.9048178613396005,0.9058823529411765,0.9118329466357309,0.838,0.84,0.848,0.8907553613396005,0.8949448529411764,0.9118329466357309,1.790514622967462,1.8032453278118399,1.5794719452358508,6.459201610443959,0.095353800104931,0.109375,True
45,8,concept,mild,sudden,RandomForest,0.904320987654321,0.9033232628398792,0.8992248062015504,0.876,0.872,0.87,0.887133487654321,0.8939482628398792,0.8992248062015504,1.8237967620118953,1.6754432132630661,1.6066466979715917,7.34633509809828,0.08839279995299876,0.171875,False
45,9,none,none,stable,ExtraTrees,0.6397306397306397,0.653968253968254,0.6258503401360545,0.786,0.782,0.78,0.6256681397306397,0.641468253968254,0.6242878401360544,1.6876061793179375,1.698697104309808,1.6299005890183338,7.987803352066534,0.08564059995114803,0.125,True
45,10,mixed,severe,sudden,RandomForest,1.0,1.0,1.0,1.0,1.0,1.0,0.9875,0.99375,1.0,1.7078846387396533,1.551247079763663,1.6501790484400494,8.975303352066534,0.10019160015508533,0.125,True
45,11,covariate,moderate,gradual,GradientBoosting,0.8477508650519031,0.8424778761061947,0.8502581755593803,0.824,0.822,0.826,0.8415008650519031,0.8346653761061947,0.8502581755593803,1.644980203686817,1.5667904609227836,1.6681269990327197,9.825561527625915,0.00684469984844327,0.0,False
45,12,mixed,mild,recovery,RandomForest,0.90625,0.9083665338645418,0.902970297029703,0.904,0.908,0.902,0.896875,0.8989915338645418,0.901407797029703,1.6589025917731557,1.580712849009122,1.5813129429382977,10.722436527625915,0.11654670001007617,0.09375,False
45,13,none,none,stable,GradientBoosting,0.8470588235294118,0.847457627118644,0.8370860927152318,0.766,0.766,0.754,0.8408088235294118,0.839645127118644,0.8355235927152318,1.5921867188036105,1.5933064787539206,1.5939065726830965,11.557960120341146,0.007751299999654293,0.015625,False
45,14,prior,severe,sudden,ExtraTrees,0.47438330170777987,0.4924812030075188,0.4181459566074951,0.446,0.46,0.41,0.4634458017077799,0.4862312030075188,0.4165834566074951,1.6024599489266138,1.6047922992056873,1.528117948401774,12.044191323348665,0.09028580016456544,0.0625,True
45,15,prior,moderate,sudden,RandomForest,0.9219143576826196,0.9276485788113695,0.9195402298850575,0.876,0.888,0.874,0.9125393576826196,0.9198360788113695,0.9179777298850574,1.6118952073618553,1.4672146537521322,1.5375532068370155,12.956730681031285,0.09087849990464747,0.09375,False
46,0,none,none,stable,RandomForest,0.8673946957878315,0.8720379146919431,0.8710691823899371,0.83,0.838,0.836,0.8564571957878314,0.8642254146919431,0.8695066823899371,1.5,1.5,1.5,0.8564571957878314,0.08458439982496202,0.109375,False
46,1,covariate,mild,recovery,ExtraTrees,0.7526315789473684,0.7513513513513513,0.7486631016042781,0.812,0.816,0.812,0.7416940789473684,0.7451013513513514,0.7486631016042781,0.8564571957878314,1.5,1.5,1.6015585471391827,0.07969659985974431,0.0625,True
46,2,concept,mild,sudden,GradientBoosting,0.8949416342412452,0.9065300896286812,0.8862745098039215,0.838,0.854,0.826,0.8855666342412452,0.8971550896286812,0.8862745098039215,1.689011806945529,1.577655962509049,1.5,2.487833056943104,0.006027399795129895,0.0,False
46,3,concept,moderate,gradual,GradientBoosting,0.8551724137931035,0.8526077097505669,0.8558352402745996,0.874,0.87,0.874,0.8473599137931035,0.8479202097505669,0.8558352402745996,1.9046042697560366,1.7932484253195564,1.9344215837721266,3.343668297217704,0.0070113001856952906,0.0,False
46,4,prior,severe,gradual,RandomForest,0.7232472324723247,0.7100371747211895,0.7113594040968343,0.7,0.688,0.69,0.7154347324723247,0.6975371747211896,0.7097969040968343,2.033867218303306,1.922511373866826,1.7036094861969584,4.059103029690029,0.07867930014617741,0.078125,True
46,5,none,none,stable,ExtraTrees,0.8618090452261307,0.8654822335025381,0.8600252206809584,0.78,0.788,0.778,0.8524340452261306,0.8607947335025381,0.8600252206809584,1.683007253127129,2.013737592530871,1.7681161640363112,4.919897763192567,0.10298310010693967,0.046875,False
46,6,prior,mild,recovery,GradientBoosting,0.5821325648414986,0.5949008498583569,0.5882352941176471,0.71,0.714,0.706,0.5758825648414986,0.5870883498583569,0.5866727941176471,1.7324552005425007,1.7494572788393674,1.8175641114516834,5.506570557310214,0.006872099824249744,0.015625,True
46,7,mixed,severe,recovery,ExtraTrees,0.9427083333333334,0.9513797634691196,0.9484808454425363,0.912,0.926,0.922,0.9333333333333333,0.9420047634691195,0.9469183454425363,1.7723308152544537,1.7893328935513204,1.5816407064873463,6.448575320779334,0.0874644999857992,0.09375,True
46,8,none,none,stable,RandomForest,0.8325508607198748,0.831496062992126,0.8268330733229329,0.786,0.786,0.778,0.8231758607198748,0.8205585629921259,0.8252705733229329,1.805612954298887,1.6818548939320341,1.6088154592230872,7.271751181499209,0.09501389996148646,0.09375,False
46,9,mixed,moderate,sudden,ExtraTrees,0.9102244389027432,0.9183168316831684,0.8764331210191083,0.856,0.868,0.806,0.9008494389027432,0.9073793316831683,0.8748706210191083,1.6541644318644502,1.705108784978776,1.6320693502698291,8.179130513182377,0.08456780016422272,0.109375,False
46,10,prior,severe,sudden,RandomForest,0.9220636663007684,0.9301310043668122,0.9196919691969196,0.858,0.872,0.854,0.9126886663007684,0.9191935043668121,0.9196919691969196,1.6744428912861657,1.6225336096941176,1.652347809691545,9.091819179483146,0.0811617998406291,0.09375,False
46,11,none,none,stable,GradientBoosting,0.7470997679814385,0.7576470588235295,0.7344110854503464,0.782,0.794,0.77,0.7345997679814386,0.7467095588235294,0.7328485854503464,1.6011960596718937,1.638076990853238,1.6702957602842154,9.824667764933492,0.006573100108653307,0.015625,True
46,12,concept,mild,gradual,ExtraTrees,0.8127659574468085,0.8438818565400844,0.802547770700637,0.824,0.852,0.814,0.8002659574468085,0.8282568565400844,0.800985270700637,1.615118447758232,1.6519993789395766,1.5535871163496608,10.652924621473577,0.09489179984666407,0.15625,False
46,13,covariate,severe,gradual,RandomForest,0.9510022271714922,0.9495614035087719,0.9503858875413451,0.912,0.908,0.91,0.9447522271714922,0.9386239035087719,0.9503858875413451,1.6277120775030307,1.5729405198447644,1.5661807460944597,11.597676848645069,0.0781300999224186,0.0625,True
46,14,covariate,moderate,recovery,ExtraTrees,0.7256317689530686,0.7253521126760564,0.7272727272727273,0.696,0.688,0.706,0.7146942689530685,0.7159771126760563,0.7257102272727273,1.5770080791489733,1.5832137499677676,1.5776665665462262,12.313653961321124,0.08927150000818074,0.09375,True
46,15,mixed,moderate,sudden,GradientBoosting,0.9427609427609428,0.9374288964732651,0.9411764705882353,0.898,0.89,0.896,0.9349484427609428,0.9311788964732651,0.9411764705882353,1.5864433375842149,1.5050720514129183,1.5882155061694654,13.25483043190936,0.005928899860009551,0.0,True
