comparison,strategy_a,strategy_b,metric,mean_a,mean_b,mean_diff,test_type,test_stat,p_value,effect_size,effect_type,p_value_adjusted,is_significant,scientific_interpretation
Continuously Retrained Ensemble vs Frozen Model,Continuously Retrained Ensemble,Frozen Model,cpu_time,0.04426166666666667,0.013935999999999999,0.030325666666666664,Wilcoxon signed-rank,0.0,2.5406306708488033e-51,1.0,Rank-biserial r,2.286567603763923e-50,True,Statistically significant difference detected
Event-Driven Ensemble vs Continuously Retrained Ensemble,Event-Driven Ensemble,Continuously Retrained Ensemble,cpu_time,0.026794,0.04426166666666667,-0.017467666666666666,Wilcoxon signed-rank,824.0,2.8508324488663623e-33,0.9315898713158988,Rank-biserial r,2.2806659590930898e-32,True,Statistically significant difference detected
Event-Driven Ensemble vs Frozen Model,Event-Driven Ensemble,Frozen Model,cpu_time,0.026794,0.013935999999999999,0.012858,Wilcoxon signed-rank,1232.5,2.3224957992263055e-31,0.8887384337621305,Rank-biserial r,1.6257470594584138e-30,True,Statistically significant difference detected
Event-Driven Ensemble vs Continuously Retrained Ensemble,Event-Driven Ensemble,Continuously Retrained Ensemble,accuracy,0.69266,0.6503399999999999,0.042319999999999997,Wilcoxon signed-rank,14379.5,3.3693416750898484e-05,0.2843527596675459,Rank-biserial r,0.0002021605005053909,True,Statistically significant difference detected
Continuously Retrained Ensemble vs Frozen Model,Continuously Retrained Ensemble,Frozen Model,f1,0.48605999999999994,0.5248653333333333,-0.03880533333333334,Wilcoxon signed-rank,16139.0,0.00027746121544952953,0.24545327037262143,Rank-biserial r,0.0013873060772476476,True,Statistically significant difference detected
Event-Driven Ensemble vs Continuously Retrained Ensemble,Event-Driven Ensemble,Continuously Retrained Ensemble,f1,0.5407983333333332,0.48605999999999994,0.054738333333333326,Wilcoxon signed-rank,16264.5,0.0009775704494762742,0.223744183271686,Rank-biserial r,0.003910281797905097,True,Statistically significant difference detected
Event-Driven Ensemble vs Frozen Model,Event-Driven Ensemble,Frozen Model,accuracy,0.69266,0.6536333333333334,0.03902666666666667,Wilcoxon signed-rank,14092.5,0.004698472858361767,0.20031210100723507,Rank-biserial r,0.0140954185750853,True,Statistically significant difference detected
Event-Driven Ensemble vs Frozen Model,Event-Driven Ensemble,Frozen Model,f1,0.5407983333333332,0.5248653333333333,0.015933,Wilcoxon signed-rank,16859.5,0.13190752630160812,0.10500331785003314,Rank-biserial r,0.26381505260321625,False,No statistically significant difference detected
Continuously Retrained Ensemble vs Frozen Model,Continuously Retrained Ensemble,Frozen Model,accuracy,0.6503399999999999,0.6536333333333334,-0.0032933333333333304,Wilcoxon signed-rank,17696.5,0.1739432370870655,0.09388120839733738,Rank-biserial r,0.26381505260321625,False,No statistically significant difference detected
