y_true,prediction_model_1,prob_model_1,prediction_model_2,prob_model_2,prediction_model_3,prob_model_3,prediction_ensemble,prob_ensemble
1,1,0.5945597789024084,1,0.9341617176375206,1,0.9615384615384616,1,0.9341617176375206
1,1,0.5745597789024084,1,0.9145286495057791,1,0.9615384615384616,1,0.9145286495057791
1,1,0.5449791638045519,1,0.8943420358653575,1,0.9615384615384616,1,0.8943420358653575
1,1,0.5275453225856265,1,0.9035387827459281,1,0.9615384615384616,1,0.9035387827459281
1,1,0.5449791638045519,1,0.9558761416086492,1,0.9615384615384616,1,0.9558761416086492
1,1,0.504979163804552,1,0.9549947396715198,1,0.9615384615384616,1,0.9549947396715198
1,0,0.48428950863213815,1,0.9602948040663343,1,0.9615384615384616,1,0.9602948040663343
1,0,0.4442895086321381,1,0.9540436329913736,1,0.9615384615384616,1,0.9540436329913736
1,1,0.5442895086321381,1,0.8939065011879985,1,0.9615384615384616,1,0.8939065011879985
1,1,0.52,1,0.9588295510940674,1,0.9615384615384616,1,0.9588295510940674
1,1,0.561,1,0.9013091548598956,1,0.9615384615384616,1,0.9013091548598956
1,1,0.6049791638045519,1,0.9711887326148776,1,0.9615384615384616,1,0.9711887326148776
1,1,0.5849791638045518,1,0.9776234319318858,1,0.9615384615384616,1,0.9776234319318858
1,1,0.5249791638045519,1,0.9854742149479833,1,0.9615384615384616,1,0.9854742149479833
1,1,0.5054187242441124,1,0.9541866074148514,1,0.9615384615384616,1,0.9541866074148514
1,1,0.5249791638045519,1,0.9649300036412665,1,0.9615384615384616,1,0.9649300036412665
1,0,0.4654187242441124,1,0.879490270507269,1,0.9615384615384616,1,0.879490270507269
1,1,0.5240229885057471,1,0.865788000125432,1,0.9615384615384616,1,0.865788000125432
1,1,0.5249791638045519,1,0.8479888464198473,1,0.9615384615384616,1,0.8479888464198473
1,0,0.48497916380455197,1,0.8715993955253964,1,0.9615384615384616,1,0.8715993955253964
1,1,0.5552494340748222,1,0.921222874227222,1,0.9615384615384616,1,0.921222874227222
1,1,0.5449791638045519,1,0.8884198439241918,1,0.9615384615384616,1,0.8884198439241918
1,1,0.5449791638045519,1,0.9271298061912786,1,0.9615384615384616,1,0.9271298061912786
1,1,0.504979163804552,1,0.8901745226819664,1,0.9615384615384616,1,0.8901745226819664
1,1,0.5433333333333333,1,0.9315380185505333,1,0.9615384615384616,1,0.9315380185505333
1,1,0.5242895086321381,1,0.9684007048544402,1,0.9615384615384616,1,0.9684007048544402
1,1,0.5327450980392157,1,0.9902936722643888,1,0.9615384615384616,1,0.9902936722643888
1,0,0.44,1,0.9452125826099678,1,0.9615384615384616,1,0.9452125826099678
1,0,0.4816896551724138,1,0.974459668751069,1,0.9615384615384616,1,0.974459668751069
1,0,0.4769570872915088,1,0.9386252655194923,1,0.9615384615384616,1,0.9386252655194923
1,1,0.5613487016428192,1,0.9106966910419827,1,0.9615384615384616,1,0.9106966910419827
1,1,0.5510784313725491,1,0.9572312284369816,1,0.9615384615384616,1,0.9572312284369816
1,1,0.5242895086321382,1,0.9574840256355631,1,0.9615384615384616,1,0.9574840256355631
1,1,0.5945454545454545,1,0.9599246514651371,1,0.9615384615384616,1,0.9599246514651371
1,1,0.5745454545454546,1,0.9871355100509954,1,0.9615384615384616,1,0.9871355100509954
1,1,0.5648157248157247,1,0.9588886720712054,1,0.9615384615384616,1,0.9588886720712054
1,1,0.5537012733380204,1,0.9780271836235102,1,0.9615384615384616,1,0.9780271836235102
1,1,0.5110575951771009,1,0.954565276823991,1,0.9615384615384616,1,0.954565276823991
1,1,0.5776467424639226,1,0.9583002505146849,1,0.9615384615384616,1,0.9583002505146849
1,1,0.5249791638045519,1,0.9436672001429528,1,0.9615384615384616,1,0.9436672001429528
1,1,0.5442895086321381,1,0.9460150294135338,1,0.9615384615384616,1,0.9460150294135338
1,1,0.5649791638045519,1,0.9336308515474078,1,0.9615384615384616,1,0.9336308515474078
0,1,0.5449791638045519,1,0.9551603641416968,1,0.9615384615384616,1,0.9551603641416968
1,1,0.5842895086321381,1,0.9782542370545595,1,0.9615384615384616,1,0.9782542370545595
1,1,0.5642895086321381,1,0.9168844926176652,1,0.9615384615384616,1,0.9168844926176652
1,1,0.5082349777580403,1,0.9304288050821953,1,0.9615384615384616,1,0.9304288050821953
1,1,0.5176467424639226,1,0.9392887665044415,1,0.9615384615384616,1,0.9392887665044415
1,0,0.4343572338317845,1,0.9369178206131532,1,0.9615384615384616,1,0.9369178206131532
1,0,0.4543572338317845,1,0.9176386896612082,1,0.6666666666666666,1,0.9176386896612082
1,1,0.5136675786593706,1,0.9317066937119673,1,0.6666666666666666,1,0.9317066937119673
1,1,0.5239715436082907,1,0.856557062950572,1,0.6666666666666666,1,0.856557062950572
1,1,0.5745454545454546,1,0.9614632168256151,1,0.6666666666666666,1,0.9614632168256151
1,1,0.5145454545454545,1,0.9712605613399407,1,0.6666666666666666,1,0.9712605613399407
1,1,0.5216896551724138,1,0.9697730859670165,1,0.9615384615384616,1,0.9697730859670165
1,1,0.5816896551724138,1,0.9700820273742417,1,0.9615384615384616,1,0.9700820273742417
1,1,0.5111014198782962,1,0.9306931667066074,1,0.9615384615384616,1,0.9306931667066074
1,0,0.4943572338317845,1,0.8941291043322002,1,0.9615384615384616,1,0.8941291043322002
1,0,0.4743134091305892,1,0.8632557113863293,1,0.9615384615384616,1,0.8632557113863293
1,0,0.4711014198782961,1,0.936669198757087,1,0.9615384615384616,1,0.936669198757087
1,1,0.5343572338317845,1,0.9648932191405838,1,0.9615384615384616,1,0.9648932191405838
1,1,0.521,1,0.9500866306598,1,0.9615384615384616,1,0.9500866306598
1,1,0.5169570872915088,1,0.9771824456920322,1,0.9615384615384616,1,0.9771824456920322
1,1,0.5842895086321381,1,0.9781233206065911,1,0.9615384615384616,1,0.9781233206065911
1,1,0.5369570872915088,1,0.9667434413412633,1,0.9615384615384616,1,0.9667434413412633
1,1,0.6216896551724138,1,0.9699736201936973,1,0.9615384615384616,1,0.9699736201936973
0,1,0.5504117647058824,1,0.9651852175243854,1,0.9615384615384616,1,0.9651852175243854
1,1,0.5416896551724139,1,0.991270933991011,1,0.9615384615384616,1,0.991270933991011
0,1,0.5416896551724139,1,0.9870527525835258,1,0.9615384615384616,1,0.9870527525835258
1,1,0.5616896551724139,1,0.9829732377340599,1,0.9615384615384616,1,0.9829732377340599
1,1,0.5623563218390806,1,0.9502232972720455,1,0.9615384615384616,1,0.9502232972720455
1,1,0.5223563218390805,1,0.8748539592929512,1,0.9615384615384616,1,0.8748539592929512
0,1,0.5623563218390806,1,0.87872933535406,1,0.9615384615384616,1,0.87872933535406
1,1,0.5143909285104342,1,0.8827134695384484,1,0.9615384615384616,1,0.8827134695384484
1,1,0.5150239004984511,1,0.8808725926808364,1,0.9615384615384616,1,0.8808725926808364
0,1,0.5343572338317845,1,0.9103561317468578,1,0.9615384615384616,1,0.9103561317468578
1,0,0.4943572338317845,1,0.8945606410910788,1,0.9615384615384616,1,0.8945606410910788
1,1,0.5343572338317845,1,0.8465126041493918,1,0.9615384615384616,1,0.8465126041493918
1,0,0.46490164442470694,1,0.9002903269031157,1,0.9615384615384616,1,0.9002903269031157
1,1,0.5255053799881386,1,0.8728025983280778,1,0.9615384615384616,1,0.8728025983280778
1,1,0.5282349777580403,1,0.7962652261667706,1,1.0,1,0.7962652261667706
1,1,0.5482349777580403,1,0.9683600894051264,1,0.9615384615384616,1,0.9683600894051264
1,1,0.6049791638045519,1,0.9175150635156193,1,1.0,1,0.9175150635156193
1,1,0.5649791638045518,1,0.8716767442697921,1,0.9615384615384616,1,0.8716767442697921
1,1,0.5449791638045519,1,0.905278627841799,1,0.9615384615384616,1,0.905278627841799
1,1,0.5439715436082907,1,0.9218838303189182,1,0.9615384615384616,1,0.9218838303189182
1,1,0.5642895086321381,1,0.8342699511415674,1,0.9615384615384616,1,0.8342699511415674
1,1,0.5169570872915088,1,0.9354655108868102,1,0.9615384615384616,1,0.9354655108868102
1,0,0.49370127333802044,1,0.8915445643544482,1,1.0,1,0.8915445643544482
1,1,0.5249454691259021,1,0.8638978519789877,1,0.9615384615384616,1,0.8638978519789877
1,0,0.4943572338317845,1,0.8529965980604927,1,1.0,1,0.8529965980604927
1,1,0.5343572338317845,1,0.8738093408732353,1,1.0,1,0.8738093408732353
1,1,0.5616896551724139,1,0.889092432660675,1,0.9615384615384616,1,0.889092432660675
1,1,0.52,1,0.9300293302405932,1,0.9615384615384616,1,0.9300293302405932
1,1,0.5446468744237507,1,0.9802568045603219,1,0.9615384615384616,1,0.9802568045603219
1,0,0.4711014198782961,1,0.9354040156536869,1,0.9615384615384616,1,0.9354040156536869
1,1,0.5239454691259021,1,0.9258818161900193,1,0.9615384615384616,1,0.9258818161900193
1,1,0.5384909236713566,1,0.8722870259885689,1,0.6666666666666666,1,0.8722870259885689
1,0,0.491226445569075,1,0.8648906167160455,1,0.6666666666666666,1,0.8648906167160455
1,1,0.5039715436082907,1,0.8483936505108528,1,0.6666666666666666,1,0.8483936505108528
1,1,0.5142274895216071,1,0.8791528216624656,1,0.6666666666666666,1,0.8791528216624656
1,1,0.5136675786593706,1,0.9662916622441903,1,0.9615384615384616,1,0.9662916622441903
1,0,0.4813487016428193,1,0.9599224334462719,1,0.9615384615384616,1,0.9599224334462719
1,0,0.4926265921093508,1,0.9409080177285953,1,0.9615384615384616,1,0.9409080177285953
1,0,0.48494546912590214,1,0.9367416296785863,1,0.9615384615384616,1,0.9367416296785863
1,1,0.5543572338317845,1,0.9512100698960033,1,0.9615384615384616,1,0.9512100698960033
1,0,0.4543572338317845,1,0.9505181065872748,1,0.9615384615384616,1,0.9505181065872748
1,1,0.5543572338317845,1,0.9197279464278872,1,0.9615384615384616,1,0.9197279464278872
1,1,0.5416896551724139,1,0.9054788566630214,1,0.9615384615384616,1,0.9054788566630214
1,1,0.5343572338317845,1,0.928434947026869,1,0.9615384615384616,1,0.928434947026869
1,1,0.6143572338317845,1,0.8622833500031561,1,0.9615384615384616,1,0.8622833500031561
1,1,0.5416896551724139,1,0.8424023976222037,1,0.9615384615384616,1,0.8424023976222037
1,0,0.48497916380455186,1,0.9017537600929281,1,0.9615384615384616,1,0.9017537600929281
1,1,0.5143909285104342,1,0.8405645191238216,1,1.0,1,0.8405645191238216
1,1,0.5143572338317844,1,0.913851080800627,1,0.9615384615384616,1,0.913851080800627
1,1,0.5455053799881386,1,0.9217091320624102,1,0.9615384615384616,1,0.9217091320624102
1,1,0.5152351097178683,1,0.8941310470649704,1,0.9615384615384616,1,0.8941310470649704
1,1,0.5455053799881386,1,0.8706336404468209,1,0.9615384615384616,1,0.8706336404468209
1,1,0.5409561752988048,1,0.8909680202491483,1,0.9615384615384616,1,0.8909680202491483
1,1,0.5152494340748222,1,0.9241632897744271,1,0.9615384615384616,1,0.9241632897744271
1,1,0.5145597789024083,1,0.9379440641881227,1,0.9615384615384616,1,0.9379440641881227
1,1,0.5745597789024084,1,0.874303714042567,1,0.9615384615384616,1,0.874303714042567
1,1,0.5442895086321381,1,0.9268479305515308,1,0.9615384615384616,1,0.9268479305515308
1,1,0.5642895086321381,1,0.8896024936942877,1,1.0,1,0.8896024936942877
1,1,0.584979163804552,1,0.8851633632595051,1,0.9615384615384616,1,0.8851633632595051
1,1,0.5742274895216071,1,0.9396845936310365,1,0.9615384615384616,1,0.9396845936310365
1,1,0.5848157248157247,1,0.9225912772656686,1,0.9615384615384616,1,0.9225912772656686
1,1,0.5545454545454546,1,0.948399635341245,1,0.9615384615384616,1,0.948399635341245
1,1,0.5136675786593706,1,0.959515315243174,1,0.9615384615384616,1,0.959515315243174
1,1,0.5442895086321381,1,0.9793609021927643,1,0.9615384615384616,1,0.9793609021927643
1,1,0.5442895086321381,1,0.9506407141902264,1,0.9615384615384616,1,0.9506407141902264
1,0,0.48100000000000004,1,0.9579282461573025,1,0.9615384615384616,1,0.9579282461573025
1,0,0.4945454545454545,1,0.952843880663395,1,0.9615384615384616,1,0.952843880663395
1,1,0.5396820349761525,1,0.8753903866248695,1,0.9615384615384616,1,0.8753903866248695
1,1,0.5055053799881386,1,0.9222144244321672,1,0.9615384615384616,1,0.9222144244321672
1,1,0.5255053799881386,1,0.9169986709141291,1,0.9615384615384616,1,0.9169986709141291
1,1,0.5223563218390805,1,0.9843854332745756,1,0.9615384615384616,1,0.9843854332745756
1,1,0.5249791638045519,1,0.9565977968616913,1,0.9615384615384616,1,0.9565977968616913
1,1,0.5016896551724138,1,0.9548142470781416,1,0.9615384615384616,1,0.9548142470781416
0,1,0.5711014198782961,1,0.983153251209989,1,0.9615384615384616,1,0.983153251209989
0,1,0.5649791638045519,1,0.9181279721054179,1,0.9615384615384616,1,0.9181279721054179
1,1,0.5769570872915089,1,0.9069969807155457,1,0.9615384615384616,1,0.9069969807155457
1,1,0.5769570872915087,1,0.8850663623143388,1,0.9615384615384616,1,0.8850663623143388
1,1,0.5569570872915088,1,0.9560896536722567,1,0.9615384615384616,1,0.9560896536722567
1,1,0.581,1,0.9128205847860538,1,0.9615384615384616,1,0.9128205847860538
0,1,0.6409999999999999,1,0.8772836305847478,1,0.9615384615384616,1,0.8772836305847478
1,1,0.5416896551724139,1,0.9105019808619216,1,0.9615384615384616,1,0.9105019808619216
1,1,0.601,1,0.870885535196258,1,0.9615384615384616,1,0.870885535196258
1,1,0.5642895086321381,1,0.9460519546107298,1,0.9615384615384616,1,0.9460519546107298
1,1,0.5882349777580402,1,0.8808918293095629,1,0.9615384615384616,1,0.8808918293095629
1,1,0.5449791638045519,1,0.9208974636947892,1,0.9615384615384616,1,0.9208974636947892
1,0,0.4543909285104343,1,0.9091263666732384,1,0.9615384615384616,1,0.9091263666732384
1,0,0.45176808654496287,1,0.9211864904575002,1,0.9615384615384616,1,0.9211864904575002
1,1,0.5223563218390805,1,0.9638319539995688,1,0.9615384615384616,1,0.9638319539995688
0,1,0.5345454545454545,1,0.9864336487920395,1,0.9615384615384616,1,0.9864336487920395
1,1,0.5352351097178684,1,0.9898705208280495,1,0.9615384615384616,1,0.9898705208280495
1,1,0.5027958822786409,1,0.9582586355638272,1,0.9615384615384616,1,0.9582586355638272
1,1,0.5956746701574288,1,0.9463300530041084,1,0.9615384615384616,1,0.9463300530041084
1,1,0.5842895086321381,1,0.9321658218917972,1,0.9615384615384616,1,0.9321658218917972
1,1,0.5216666666666667,1,0.9148993973839933,1,0.9615384615384616,1,0.9148993973839933
1,1,0.5009561752988048,1,0.9417113685552627,1,0.9615384615384616,1,0.9417113685552627
1,1,0.5142274895216071,1,0.9296293809382135,1,0.9615384615384616,1,0.9296293809382135
1,1,0.5416896551724139,1,0.9564372427668019,1,0.9615384615384616,1,0.9564372427668019
1,1,0.5343572338317845,1,0.9273107563622832,1,0.9615384615384616,1,0.9273107563622832
1,1,0.541,1,0.9173969818121157,1,0.9615384615384616,1,0.9173969818121157
1,1,0.5449454691259021,1,0.9246136421724976,1,0.9615384615384616,1,0.9246136421724976
1,1,0.5023563218390805,1,0.9042561520690184,1,0.9615384615384616,1,0.9042561520690184
1,1,0.5352351097178684,1,0.9241888530983502,1,0.9615384615384616,1,0.9241888530983502
1,1,0.547902688377239,1,0.9391283149184102,1,0.9615384615384616,1,0.9391283149184102
1,1,0.501,1,0.9476715490988152,1,0.9615384615384616,1,0.9476715490988152
1,0,0.4943572338317845,1,0.9330777640556426,1,0.9615384615384616,1,0.9330777640556426
1,1,0.5533572338317845,1,0.955400009954494,1,0.9615384615384616,1,0.955400009954494
1,1,0.5753567051335814,1,0.95807426678604,1,0.9615384615384616,1,0.95807426678604
1,1,0.565944940427699,1,0.9337390779328392,1,0.9615384615384616,1,0.9337390779328392
1,1,0.6196820349761526,1,0.9645261235079928,1,0.9615384615384616,1,0.9645261235079928
1,1,0.567902688377239,1,0.9458034387582469,1,0.9615384615384616,1,0.9458034387582469
1,1,0.501,1,0.9527155600076275,1,0.9615384615384616,1,0.9527155600076275
1,1,0.5216896551724138,1,0.8935921680520907,1,0.9615384615384616,1,0.8935921680520907
1,1,0.521,1,0.9539468456390732,1,0.9615384615384616,1,0.9539468456390732
1,1,0.544022988505747,1,0.9276371924439709,1,0.9615384615384616,1,0.9276371924439709
1,1,0.5111014198782962,1,0.9558348395718241,1,0.9615384615384616,1,0.9558348395718241
1,1,0.5837050234818997,1,0.9601900724538336,1,0.9615384615384616,1,0.9601900724538336
1,1,0.5366905671651178,1,0.9191545735599818,1,0.9615384615384616,1,0.9191545735599818
1,1,0.5616896551724139,1,0.8665965462732289,1,0.9615384615384616,1,0.8665965462732289
1,1,0.5616666666666668,1,0.855092589530175,1,0.9615384615384616,1,0.855092589530175
1,1,0.5433333333333333,1,0.7775093668755659,1,0.9615384615384616,1,0.7775093668755659
1,1,0.5745454545454546,1,0.8218228126539073,1,0.9615384615384616,1,0.8218228126539073
1,1,0.5848157248157247,1,0.9341687213300321,1,0.9615384615384616,1,0.9341687213300321
1,1,0.5648157248157247,1,0.9707587907777285,1,0.9615384615384616,1,0.9707587907777285
1,1,0.5655053799881385,1,0.9826054073461578,1,0.9615384615384616,1,0.9826054073461578
1,1,0.5752351097178683,1,0.9671597966102254,1,0.9615384615384616,1,0.9671597966102254
1,1,0.5616896551724139,1,0.9615066328595325,1,0.9615384615384616,1,0.9615066328595325
1,1,0.5216896551724138,1,0.9353833049033404,1,0.9615384615384616,1,0.9353833049033404
1,1,0.5649791638045518,1,0.9622036871354873,1,0.9615384615384616,1,0.9622036871354873
1,1,0.5449791638045519,1,0.9603543453896841,1,0.9615384615384616,1,0.9603543453896841
1,1,0.5576467424639227,1,0.9235980034065514,1,0.9615384615384616,1,0.9235980034065514
1,1,0.5246611987807045,1,0.9291824017624113,1,0.9615384615384616,1,0.9291824017624113
1,1,0.5576467424639227,1,0.9413421177665543,1,0.9615384615384616,1,0.9413421177665543
0,0,0.4649454691259022,1,0.9332479491042434,1,0.9615384615384616,1,0.9332479491042434
1,1,0.5249454691259021,1,0.8704603898001497,1,0.9615384615384616,1,0.8704603898001497
1,1,0.5642895086321381,1,0.9030863352324496,1,0.9615384615384616,1,0.9030863352324496
1,1,0.5141408337775809,1,0.8811999685642317,1,0.9615384615384616,1,0.8811999685642317
1,1,0.5642895086321381,1,0.8954071718830339,1,0.9615384615384616,1,0.8954071718830339
1,1,0.5642895086321381,1,0.9426094927790295,1,0.9615384615384616,1,0.9426094927790295
1,0,0.45041176470588234,1,0.9369061704033839,1,0.9615384615384616,1,0.9369061704033839
1,1,0.5104117647058823,1,0.967790879563955,1,0.9615384615384616,1,0.967790879563955
1,0,0.4715409803178566,1,0.9319861658423149,1,0.9615384615384616,1,0.9319861658423149
1,1,0.5511014198782962,1,0.9664124974084366,1,0.9615384615384616,1,0.9664124974084366
1,0,0.4923764973764974,1,0.9335228212950761,1,0.9615384615384616,1,0.9335228212950761
1,1,0.525100759220265,1,0.8193955453149002,1,0.9615384615384616,1,0.8193955453149002
1,1,0.5249791638045519,1,0.8217416206981425,1,0.9615384615384616,1,0.8217416206981425
1,1,0.5454187242441124,1,0.9636315969262949,1,0.9615384615384616,1,0.9636315969262949
1,1,0.5752351097178683,1,0.9373118456604377,1,0.9615384615384616,1,0.9373118456604377
1,1,0.5352351097178684,1,0.9177001807038832,1,0.9615384615384616,1,0.9177001807038832
1,1,0.504979163804552,1,0.9022010359215759,1,0.9615384615384616,1,0.9022010359215759
1,1,0.5249791638045519,1,0.8597122491072848,1,0.9615384615384616,1,0.8597122491072848
1,1,0.5249791638045519,1,0.9251389811123112,1,0.9615384615384616,1,0.9251389811123112
1,1,0.5449791638045519,1,0.8933824975976785,1,0.9615384615384616,1,0.8933824975976785
0,0,0.4826458304712186,1,0.9314955834674776,1,0.6666666666666666,1,0.9314955834674776
1,1,0.5040229885057471,1,0.9382598683497609,1,0.6666666666666666,1,0.9382598683497609
0,0,0.49764674246392254,1,0.8901545942311714,1,0.6666666666666666,1,0.8901545942311714
1,0,0.4649454691259022,1,0.9012352011601004,1,0.9615384615384616,1,0.9012352011601004
1,0,0.4882349777580403,1,0.8692226094351758,1,0.9615384615384616,1,0.8692226094351758
1,0,0.4875453225856265,1,0.8919262566651386,1,0.9615384615384616,1,0.8919262566651386
1,0,0.4569570872915088,1,0.9307237013347063,1,0.9615384615384616,1,0.9307237013347063
1,1,0.5104117647058823,1,0.9536464306134118,1,0.9615384615384616,1,0.9536464306134118
1,0,0.4904117647058823,1,0.9611026359891635,1,0.9615384615384616,1,0.9611026359891635
1,1,0.5304117647058824,1,0.9511383209714368,1,0.9615384615384616,1,0.9511383209714368
1,0,0.4809561752988048,1,0.976897149972765,1,0.9615384615384616,1,0.976897149972765
1,0,0.48428950863213815,1,0.9541269104681601,1,0.9615384615384616,1,0.9541269104681601
1,1,0.5242895086321382,1,0.8956872414137984,1,0.9615384615384616,1,0.8956872414137984
1,1,0.5646468744237506,1,0.9406053218253989,1,0.9615384615384616,1,0.9406053218253989
1,1,0.527902688377239,1,0.9531268273118981,1,0.9615384615384616,1,0.9531268273118981
1,1,0.5646611987807045,1,0.9090920297481736,1,0.9615384615384616,1,0.9090920297481736
1,1,0.5152494340748222,1,0.9291763094477985,1,0.9615384615384616,1,0.9291763094477985
1,1,0.5249791638045519,1,0.8878418451924627,1,0.9615384615384616,1,0.8878418451924627
1,1,0.5343909285104342,1,0.8704824912245586,1,0.9615384615384616,1,0.8704824912245586
1,1,0.5117680865449629,1,0.8055547399124938,1,0.9615384615384616,1,0.8055547399124938
1,1,0.5623563218390806,1,0.8967660261036916,1,0.9615384615384616,1,0.8967660261036916
1,1,0.5816896551724138,1,0.8918595134745498,1,0.9615384615384616,1,0.8918595134745498
1,0,0.48212921561197425,1,0.9524477565050589,1,0.9615384615384616,1,0.9524477565050589
1,1,0.5216896551724138,1,0.9415235977964513,1,0.9615384615384616,1,0.9415235977964513
1,1,0.5945454545454545,1,0.9624369161155678,1,0.9615384615384616,1,0.9624369161155678
0,1,0.5442895086321381,1,0.9601131182681277,1,0.9615384615384616,1,0.9601131182681277
1,1,0.5442119892522931,1,0.8988319766015089,1,0.9615384615384616,1,0.8988319766015089
1,0,0.46425581395348836,1,0.9706089074944352,1,0.9615384615384616,1,0.9706089074944352
1,0,0.4842558139534884,1,0.95885951756027,1,0.9615384615384616,1,0.95885951756027
1,1,0.5042558139534884,1,0.9305717183773946,1,0.9615384615384616,1,0.9305717183773946
1,0,0.46481572481572475,1,0.9010955426735948,1,0.9615384615384616,1,0.9010955426735948
1,1,0.5176467424639226,1,0.9153901648866812,1,0.9615384615384616,1,0.9153901648866812
