experiment_id,seed,window_id,drift_type,intended_severity,intended_magnitude,wasserstein_mean,ks_mean,psi_mean,n_features,n_samples_reference,n_samples_current
3A-0,42,0,none,none,0.0,0.05410964119177449,0.14338685978169605,0.233564351047254,24,397,100
3A-0,42,1,none,none,0.0,0.11212591510866306,0.22959277917716206,0.976750900249766,24,397,100
3A-0,42,2,none,none,0.0,0.11943299482622649,0.25035054575986565,1.1825699320837202,24,397,100
3A-0,42,3,none,none,0.0,0.06797505960878535,0.16449202350965578,0.26462806937190686,24,397,100
3A-0,42,4,none,none,0.0,0.04931488541637114,0.1399653652392947,0.2765406220982155,24,397,100
3A-0,42,5,none,none,0.0,0.11720452538782748,0.2402550377833753,1.149619237785736,24,397,100
3A-0,42,6,none,none,0.0,0.11486405617606316,0.2434225440806045,1.2249705913906597,24,397,100
3A-0,42,7,none,none,0.0,0.07124664517896373,0.17866603694374472,0.4174548590647034,24,397,100
3A-0,42,8,none,none,0.0,0.04920398209212858,0.1383574727120067,0.23702131667496684,24,397,100
3A-0,42,9,none,none,0.0,0.11670128146630492,0.24689546599496226,1.1313633028113443,24,397,100
3A-0,42,10,none,none,0.0,0.12238080637827033,0.2545917296389588,1.1868662340411096,24,397,100
3A-0,42,11,none,none,0.0,0.060748735697895816,0.148303946263644,0.24694364702170946,24,397,100
3A-0,42,12,none,none,0.0,0.05248613321829499,0.1450871116708648,0.19149272754243998,24,397,100
3A-0,42,13,none,none,0.0,0.11195146686589386,0.23452246011754826,1.008692424386302,24,397,100
3A-0,42,14,none,none,0.0,0.11698926039037076,0.24028442485306464,1.204576458119264,24,397,100
3A-0,42,15,none,none,0.0,0.060831709018903,0.15166666666666664,0.24445996428668915,24,397,100
3A-0,43,0,none,none,0.0,0.053172919121758984,0.14523929471032745,0.2670263379815941,24,397,100
3A-0,43,1,none,none,0.0,0.11484942167241317,0.23393471872376156,1.0878318521509063,24,397,100
3A-0,43,2,none,none,0.0,0.12013177243544561,0.24535894206549122,1.193080389138945,24,397,100
3A-0,43,3,none,none,0.0,0.06058098690927338,0.14270780856423174,0.17873550463685559,24,397,100
3A-0,43,4,none,none,0.0,0.0514326031836029,0.14220088161209068,0.2884495540375381,24,397,100
3A-0,43,5,none,none,0.0,0.11449089739108746,0.2366845088161209,1.1483842370096873,24,397,100
3A-0,43,6,none,none,0.0,0.11723789314975892,0.2436251049538203,1.1504167639663756,24,397,100
3A-0,43,7,none,none,0.0,0.06202942571784298,0.14343094038623005,0.21072308301206233,24,397,100
3A-0,43,8,none,none,0.0,0.05569604146583468,0.14575566750629723,0.31315506683371724,24,397,100
3A-0,43,9,none,none,0.0,0.11738904186673126,0.24488979848866502,1.0912237465577685,24,397,100
3A-0,43,10,none,none,0.0,0.12382926062752324,0.2523856003358522,1.2225989046613563,24,397,100
3A-0,43,11,none,none,0.0,0.06138309970880838,0.1449758606213266,0.2525714582680502,24,397,100
3A-0,43,12,none,none,0.0,0.05085322348162311,0.13569584382871536,0.2528870864813125,24,397,100
3A-0,43,13,none,none,0.0,0.11204961792478256,0.22048803526448366,1.0526927101896568,24,397,100
3A-0,43,14,none,none,0.0,0.11763901895664487,0.24327770780856425,1.2344817839473556,24,397,100
3A-0,43,15,none,none,0.0,0.06461576299300477,0.16156381192275396,0.3278581983494527,24,397,100
3A-0,44,0,none,none,0.0,0.05330472123813145,0.1428012174643157,0.22549781273277159,24,397,100
3A-0,44,1,none,none,0.0,0.11536128468457252,0.23965365239294711,1.0800593946901085,24,397,100
3A-0,44,2,none,none,0.0,0.11855048084045888,0.24722187237615448,1.1332564329447299,24,397,100
3A-0,44,3,none,none,0.0,0.0649165006304543,0.16512909319899244,0.25602616154606267,24,397,100
3A-0,44,4,none,none,0.0,0.04894583545561868,0.13289672544080602,0.22841867141119768,24,397,100
3A-0,44,5,none,none,0.0,0.11632113998918364,0.23715680100755665,1.0816084121260643,24,397,100
3A-0,44,6,none,none,0.0,0.11997888547796998,0.24172544080604533,1.1066555187848444,24,397,100
3A-0,44,7,none,none,0.0,0.061059516617523624,0.15321578505457598,0.21093917096699832,24,397,100
3A-0,44,8,none,none,0.0,0.04889813003293595,0.14167191435768264,0.20634362381551807,24,397,100
3A-0,44,9,none,none,0.0,0.11424041700327393,0.2315081863979849,1.1033034215061102,24,397,100
3A-0,44,10,none,none,0.0,0.1189401529294782,0.244845717884131,1.1603569809492453,24,397,100
3A-0,44,11,none,none,0.0,0.06481012011481609,0.15986880772460116,0.21401680739645354,24,397,100
3A-0,44,12,none,none,0.0,0.05293539771033018,0.14082178841309823,0.20557599310992355,24,397,100
3A-0,44,13,none,none,0.0,0.11148573069030336,0.22436922753988245,1.063341643439652,24,397,100
3A-0,44,14,none,none,0.0,0.11733938495763678,0.24366183879093198,1.145135614873505,24,397,100
3A-0,44,15,none,none,0.0,0.06426130032811724,0.1641383291351805,0.24793260956223837,24,397,100
3A-0,45,0,none,none,0.0,0.04856715715305241,0.14258816120906803,0.23776339045452657,24,397,100
3A-0,45,1,none,none,0.0,0.11312725633369843,0.22974076406381191,1.0670132043104903,24,397,100
3A-0,45,2,none,none,0.0,0.12307907394884483,0.25619962216624687,1.1336252729576304,24,397,100
3A-0,45,3,none,none,0.0,0.06784727712351575,0.16259235936188077,0.24552920323847807,24,397,100
3A-0,45,4,none,none,0.0,0.05433965137848648,0.14464525608732157,0.30727103038394793,24,397,100
3A-0,45,5,none,none,0.0,0.11145597082008611,0.23469668345927794,1.021173413973089,24,397,100
3A-0,45,6,none,none,0.0,0.12118771161898273,0.25125419815281275,1.1376230380847734,24,397,100
3A-0,45,7,none,none,0.0,0.06984125076553056,0.1690837531486146,0.26751199857527364,24,397,100
3A-0,45,8,none,none,0.0,0.053216232842317135,0.1509708228379513,0.24134696716651094,24,397,100
3A-0,45,9,none,none,0.0,0.11642358634506911,0.23419500419815287,1.076934541688017,24,397,100
3A-0,45,10,none,none,0.0,0.11897483995315672,0.2494678841309824,1.1365971512506698,24,397,100
3A-0,45,11,none,none,0.0,0.06295247486371759,0.14753043660789253,0.2046396464333385,24,397,100
3A-0,45,12,none,none,0.0,0.05363138669836157,0.1383595717884131,0.21786286709925254,24,397,100
3A-0,45,13,none,none,0.0,0.11703303328328359,0.23527392947103273,1.0788927664000225,24,397,100
3A-0,45,14,none,none,0.0,0.11802914726010028,0.25090050377833756,1.1023130303282453,24,397,100
3A-0,45,15,none,none,0.0,0.06325640237145254,0.1654313602015113,0.2907247326179318,24,397,100
3A-0,46,0,none,none,0.0,0.05203891439711252,0.1427560873215785,0.2714322638566959,24,397,100
3A-0,46,1,none,none,0.0,0.11458803039602837,0.2281622586062133,0.9813915741738931,24,397,100
3A-0,46,2,none,none,0.0,0.11823412428981761,0.2449454240134341,1.0996146163824438,24,397,100
3A-0,46,3,none,none,0.0,0.06414361394205059,0.16067590260285472,0.22511481218328866,24,397,100
3A-0,46,4,none,none,0.0,0.05148216016623521,0.13558354324097396,0.2440644740371322,24,397,100
3A-0,46,5,none,none,0.0,0.11927964236503401,0.2406381192275399,1.140836253022349,24,397,100
3A-0,46,6,none,none,0.0,0.11753890796621912,0.2465302267002519,1.1334323702401334,24,397,100
3A-0,46,7,none,none,0.0,0.06680546065385641,0.16317590260285472,0.19923455761542716,24,397,100
3A-0,46,8,none,none,0.0,0.0543570023819502,0.1480226700251889,0.23010780434033618,24,397,100
3A-0,46,9,none,none,0.0,0.11169766293877119,0.22885390428211586,1.066287682144617,24,397,100
3A-0,46,10,none,none,0.0,0.11902534498383592,0.2616309823677582,1.1513670583381355,24,397,100
3A-0,46,11,none,none,0.0,0.06423518888755228,0.1522103274559194,0.20660093511467234,24,397,100
3A-0,46,12,none,none,0.0,0.051728292581716774,0.14228379513014275,0.22411143951070847,24,397,100
3A-0,46,13,none,none,0.0,0.11282226103669953,0.23274139378673386,1.0902857726817212,24,397,100
3A-0,46,14,none,none,0.0,0.12242298363858546,0.24557304785894207,1.1390843339087264,24,397,100
3A-0,46,15,none,none,0.0,0.061348385145109874,0.15320948782535684,0.2658711163787087,24,397,100
3A-1,42,0,covariate,mild,0.15,0.11779893137579404,0.22754932829554997,0.473747888440831,24,397,100
3A-1,42,1,covariate,mild,0.15,0.10743615559835747,0.226850335852225,0.976681339645404,24,397,100
3A-1,42,2,covariate,mild,0.15,0.1818963449970031,0.3370990764063812,1.7830172021749167,24,397,100
3A-1,42,3,covariate,mild,0.15,0.06732356761514767,0.17151343408900085,0.5883820516331933,24,397,100
3A-1,42,4,covariate,mild,0.15,0.05750393740693821,0.14095612930310664,0.5561050947106424,24,397,100
3A-1,42,5,covariate,mild,0.15,0.1805968953756619,0.32952350965575145,1.6627039668215933,24,397,100
3A-1,42,6,covariate,mild,0.15,0.10839711673488388,0.22727120067170445,1.2742776956470785,24,397,100
3A-1,42,7,covariate,mild,0.15,0.13284501555243516,0.2517464315701092,0.6116602107676905,24,397,100
3A-1,42,8,covariate,mild,0.15,0.11352968233268527,0.22351490344248534,0.6473230362614916,24,397,100
3A-1,42,9,covariate,mild,0.15,0.10887132019860442,0.23624370277078088,1.06427851123229,24,397,100
3A-1,42,10,covariate,mild,0.15,0.18616703005878876,0.3411607892527288,1.885875559624915,24,397,100
3A-1,42,11,covariate,mild,0.15,0.06521369878342363,0.15710747271200673,0.6851257385026264,24,397,100
3A-1,42,12,covariate,mild,0.15,0.06721101220237947,0.15320738874895043,0.5102490539137071,24,397,100
3A-1,42,13,covariate,mild,0.15,0.17662505060421752,0.3221085222502099,1.5777125413875643,24,397,100
3A-1,42,14,covariate,mild,0.15,0.10896531580772661,0.23639378673383712,1.2655094262393265,24,397,100
3A-1,42,15,covariate,mild,0.15,0.12681425206448274,0.23996431570109147,0.7198316929447116,24,397,100
3A-1,43,0,covariate,mild,0.15,0.1169269190971904,0.22862195633921076,0.5468587822201875,24,397,100
3A-1,43,1,covariate,mild,0.15,0.10658552525082503,0.2304785894206549,1.0185088879918365,24,397,100
3A-1,43,2,covariate,mild,0.15,0.18058803927071754,0.3359718723761545,1.7376464389300563,24,397,100
3A-1,43,3,covariate,mild,0.15,0.06401444481751269,0.15579554995801845,0.6951277077897755,24,397,100
3A-1,43,4,covariate,mild,0.15,0.06739223389283096,0.15584172963895884,0.6750763885332377,24,397,100
3A-1,43,5,covariate,mild,0.15,0.17738685730005663,0.32047229219143575,1.6594635557450312,24,397,100
3A-1,43,6,covariate,mild,0.15,0.11282974308178127,0.24416141897565072,1.1891279654611513,24,397,100
3A-1,43,7,covariate,mild,0.15,0.12810532859865784,0.23836062132661626,0.7041854878051103,24,397,100
3A-1,43,8,covariate,mild,0.15,0.11872378118617381,0.2240963476070529,0.5556773362458721,24,397,100
3A-1,43,9,covariate,mild,0.15,0.10882993960754765,0.23167506297229223,1.1332705331519894,24,397,100
3A-1,43,10,covariate,mild,0.15,0.18893003693680444,0.34358627204030223,1.8774699739190968,24,397,100
3A-1,43,11,covariate,mild,0.15,0.06341177552148043,0.15073467674223343,0.6315143629736165,24,397,100
3A-1,43,12,covariate,mild,0.15,0.06511496201648516,0.14770361041141897,0.5597257646550163,24,397,100
3A-1,43,13,covariate,mild,0.15,0.17647799150558216,0.31219353484466833,1.649225894229063,24,397,100
3A-1,43,14,covariate,mild,0.15,0.11400478039212485,0.23948782535684301,1.359642725414674,24,397,100
3A-1,43,15,covariate,mild,0.15,0.12961913760818414,0.24617233417296389,0.8092358598716554,24,397,100
3A-1,44,0,covariate,mild,0.15,0.11798679541063699,0.23095507976490345,0.5877411725552276,24,397,100
3A-1,44,1,covariate,mild,0.15,0.10960478105338083,0.23626574307304785,0.9958432587841616,24,397,100
3A-1,44,2,covariate,mild,0.15,0.18100637738171874,0.332362510495382,1.6822518872144698,24,397,100
3A-1,44,3,covariate,mild,0.15,0.06449664327132935,0.1634256926952141,0.5343239023570707,24,397,100
3A-1,44,4,covariate,mild,0.15,0.06554922583873622,0.15049013434088998,0.6089519146468405,24,397,100
3A-1,44,5,covariate,mild,0.15,0.18344460551283884,0.3256947942905121,1.6377636436266687,24,397,100
3A-1,44,6,covariate,mild,0.15,0.1130456469067463,0.23531801007556674,1.316364588902748,24,397,100
3A-1,44,7,covariate,mild,0.15,0.12874541644564227,0.24330394626364393,0.7482602896212361,24,397,100
3A-1,44,8,covariate,mild,0.15,0.11498404250521606,0.2250535264483627,0.6619497033999455,24,397,100
3A-1,44,9,covariate,mild,0.15,0.10797368960093238,0.22665617128463478,1.162452251076199,24,397,100
3A-1,44,10,covariate,mild,0.15,0.18361547401574196,0.33422544080604527,1.7684801525995322,24,397,100
3A-1,44,11,covariate,mild,0.15,0.06648132047417575,0.16008606213266163,0.6535031173460466,24,397,100
3A-1,44,12,covariate,mild,0.15,0.06543478147449878,0.15012699412258604,0.5233073393925718,24,397,100
3A-1,44,13,covariate,mild,0.15,0.17899701262370213,0.3164955919395466,1.7135564431357873,24,397,100
3A-1,44,14,covariate,mild,0.15,0.1103876129950771,0.23527707808564233,1.2668612778196298,24,397,100
3A-1,44,15,covariate,mild,0.15,0.1324486840391067,0.2515659109991603,0.7531911748239515,24,397,100
3A-1,45,0,covariate,mild,0.15,0.11319424025344658,0.2321305625524769,0.5111615026381867,24,397,100
3A-1,45,1,covariate,mild,0.15,0.10473030515543907,0.22844878253568432,1.1785442261784407,24,397,100
3A-1,45,2,covariate,mild,0.15,0.18772495933875133,0.3443230478589421,1.796008584187988,24,397,100
3A-1,45,3,covariate,mild,0.15,0.06775798184282776,0.1577770780856423,0.5989006895245338,24,397,100
3A-1,45,4,covariate,mild,0.15,0.06468324772908714,0.15047334172963894,0.5814545370280376,24,397,100
3A-1,45,5,covariate,mild,0.15,0.17639305160689664,0.3181821998320739,1.5913995842432458,24,397,100
3A-1,45,6,covariate,mild,0.15,0.11174443254482798,0.2437321578505458,1.3648150091493587,24,397,100
3A-1,45,7,covariate,mild,0.15,0.13426917783293138,0.2534340890008396,0.7007939624988421,24,397,100
3A-1,45,8,covariate,mild,0.15,0.11912604654979919,0.2381863979848866,0.7167654528011652,24,397,100
3A-1,45,9,covariate,mild,0.15,0.10763134794000757,0.2286293031066331,1.106098220888767,24,397,100
3A-1,45,10,covariate,mild,0.15,0.18053600307470427,0.3342873635600336,1.78096381064464,24,397,100
3A-1,45,11,covariate,mild,0.15,0.06090276797870017,0.14528442485306461,0.5901846887010666,24,397,100
3A-1,45,12,covariate,mild,0.15,0.06302759434893003,0.14711796809403863,0.5789952883995916,24,397,100
3A-1,45,13,covariate,mild,0.15,0.1811673152659523,0.3231706549118388,1.679224763450593,24,397,100
3A-1,45,14,covariate,mild,0.15,0.10879643704325909,0.24538308144416457,1.3323173066041998,24,397,100
3A-1,45,15,covariate,mild,0.15,0.12942828617036048,0.2516509235936188,0.7200240297691293,24,397,100
3A-1,46,0,covariate,mild,0.15,0.11605890880934504,0.2318524349286314,0.5699338138835413,24,397,100
3A-1,46,1,covariate,mild,0.15,0.10510529077187225,0.22520465994962216,0.8022181199287718,24,397,100
3A-1,46,2,covariate,mild,0.15,0.1840750567464998,0.33742758186397986,1.8011952659171477,24,397,100
3A-1,46,3,covariate,mild,0.15,0.06837957365916189,0.16797019311502936,0.5706883241152764,24,397,100
3A-1,46,4,covariate,mild,0.15,0.06247985296351701,0.14528337531486143,0.5452579028186283,24,397,100
3A-1,46,5,covariate,mild,0.15,0.1818900461784815,0.32956549118387907,1.7502487139505458,24,397,100
3A-1,46,6,covariate,mild,0.15,0.11095811247385984,0.24462321578505455,1.1974012769917814,24,397,100
3A-1,46,7,covariate,mild,0.15,0.12997849136031625,0.2531727539882451,0.7115943328725898,24,397,100
3A-1,46,8,covariate,mild,0.15,0.11852096992186527,0.23808564231738036,0.6396964857644049,24,397,100
3A-1,46,9,covariate,mild,0.15,0.10628349110511548,0.23010075566750632,1.0614065438244042,24,397,100
3A-1,46,10,covariate,mild,0.15,0.18035600758853546,0.34612615449202355,1.7517278018722682,24,397,100
3A-1,46,11,covariate,mild,0.15,0.06596514436693562,0.15362825356842988,0.61893418062068,24,397,100
3A-1,46,12,covariate,mild,0.15,0.06631544735878821,0.15369857262804362,0.5758410463399738,24,397,100
3A-1,46,13,covariate,mild,0.15,0.1762112809818246,0.32037993282955496,1.6702298496488641,24,397,100
3A-1,46,14,covariate,mild,0.15,0.11472636847922653,0.25014483627204037,1.3383523047361512,24,397,100
3A-1,46,15,covariate,mild,0.15,0.12745341710057645,0.23615029387069686,0.7366782552747969,24,397,100
3A-2,42,0,covariate,moderate,0.35,0.19371149162469628,0.3289662048698573,1.1100151105191436,24,397,100
3A-2,42,1,covariate,moderate,0.35,0.1224812541154033,0.25280751469353485,1.333010639575468,24,397,100
3A-2,42,2,covariate,moderate,0.35,0.2566067834941244,0.4497355163727959,2.5625449868076235,24,397,100
3A-2,42,3,covariate,moderate,0.35,0.12200547621729559,0.2526039042821158,1.3176780707635072,24,397,100
3A-2,42,4,covariate,moderate,0.35,0.12585682239748597,0.2403809823677582,1.299410145398381,24,397,100
3A-2,42,5,covariate,moderate,0.35,0.2530577034655015,0.4315228799328296,2.32578721420616,24,397,100
3A-2,42,6,covariate,moderate,0.35,0.12549669313411074,0.24892212426532323,1.6846663318579485,24,397,100
3A-2,42,7,covariate,moderate,0.35,0.21045188312442212,0.35986985726280435,1.3251981961560995,24,397,100
3A-2,42,8,covariate,moderate,0.35,0.19115814722988167,0.3240060873215785,1.3650396221207834,24,397,100
3A-2,42,9,covariate,moderate,0.35,0.12586652803288842,0.25948782535684295,1.5152300431206982,24,397,100
3A-2,42,10,covariate,moderate,0.35,0.25821093299766457,0.4539672544080604,2.5533476292919826,24,397,100
3A-2,42,11,covariate,moderate,0.35,0.12399994689580861,0.2542863140218304,1.447441267776217,24,397,100
3A-2,42,12,covariate,moderate,0.35,0.13192260049173113,0.2509813182199832,1.3235491220104147,24,397,100
3A-2,42,13,covariate,moderate,0.35,0.24943070610536855,0.43056360201511334,2.2926539664067875,24,397,100
3A-2,42,14,covariate,moderate,0.35,0.12390218550733856,0.25787258606213265,1.5855625838184173,24,397,100
3A-2,42,15,covariate,moderate,0.35,0.2040582977208428,0.35113560033585217,1.3664940308132234,24,397,100
3A-2,43,0,covariate,moderate,0.35,0.191261665940845,0.33857787573467674,1.0881628140496191,24,397,100
3A-2,43,1,covariate,moderate,0.35,0.12152450818028293,0.25807514693534844,1.5102228539136782,24,397,100
3A-2,43,2,covariate,moderate,0.35,0.25261014983124547,0.43932199832073887,2.627487322728286,24,397,100
3A-2,43,3,covariate,moderate,0.35,0.11687459775453951,0.2363748950461797,1.3704228688399855,24,397,100
3A-2,43,4,covariate,moderate,0.35,0.13040980695440876,0.24409109991603692,1.3044035117111916,24,397,100
3A-2,43,5,covariate,moderate,0.35,0.2474861596848725,0.4265396725440806,2.4029208068765784,24,397,100
3A-2,43,6,covariate,moderate,0.35,0.12530519194614545,0.2565176322418136,1.5517371203304409,24,397,100
3A-2,43,7,covariate,moderate,0.35,0.20337766687524317,0.3450325356842989,1.529220369065725,24,397,100
3A-2,43,8,covariate,moderate,0.35,0.19582933611611875,0.34643052057094875,1.3081126532888996,24,397,100
3A-2,43,9,covariate,moderate,0.35,0.12328660742381026,0.25556465155331654,1.6155871638405752,24,397,100
3A-2,43,10,covariate,moderate,0.35,0.258775052837639,0.45753358522250204,2.6756840582226196,24,397,100
3A-2,43,11,covariate,moderate,0.35,0.12085090205790426,0.24602854743912675,1.4387419143912688,24,397,100
3A-2,43,12,covariate,moderate,0.35,0.1293243841867531,0.2552707808564232,1.4192000535456852,24,397,100
3A-2,43,13,covariate,moderate,0.35,0.24669774705364023,0.4207472712006717,2.289163721185702,24,397,100
3A-2,43,14,covariate,moderate,0.35,0.12920560329920228,0.26583858102434926,1.7705201835704838,24,397,100
3A-2,43,15,covariate,moderate,0.35,0.20309587669515197,0.3571882871536524,1.473492380107179,24,397,100
3A-2,44,0,covariate,moderate,0.35,0.1920634836796978,0.3392044500419815,1.0722723750508476,24,397,100
3A-2,44,1,covariate,moderate,0.35,0.12316586536930123,0.2576206968933669,1.6173226038963737,24,397,100
3A-2,44,2,covariate,moderate,0.35,0.25271441321231247,0.4486828295549958,2.533610760282723,24,397,100
3A-2,44,3,covariate,moderate,0.35,0.11608103169811641,0.2488150713685978,1.4186938812083845,24,397,100
3A-2,44,4,covariate,moderate,0.35,0.13298178779925143,0.2531328715365239,1.3591767488394029,24,397,100
3A-2,44,5,covariate,moderate,0.35,0.2533442123532266,0.429636859781696,2.289161074387829,24,397,100
3A-2,44,6,covariate,moderate,0.35,0.125977759165227,0.2588371116708648,1.606284389114989,24,397,100
3A-2,44,7,covariate,moderate,0.35,0.20329076192405915,0.3446137699412259,1.4312240611843752,24,397,100
3A-2,44,8,covariate,moderate,0.35,0.19168417452672104,0.32475650713685983,1.3734149428296754,24,397,100
3A-2,44,9,covariate,moderate,0.35,0.12454682825300138,0.26453610411418976,1.646736254077742,24,397,100
3A-2,44,10,covariate,moderate,0.35,0.25188379523537563,0.4394983207388749,2.559739233390738,24,397,100
3A-2,44,11,covariate,moderate,0.35,0.12205213973334801,0.2522858942065491,1.4079756847886031,24,397,100
3A-2,44,12,covariate,moderate,0.35,0.12668210724089815,0.2415606633081444,1.3465515779952189,24,397,100
3A-2,44,13,covariate,moderate,0.35,0.2490974611223973,0.4242527287993283,2.367982191782683,24,397,100
3A-2,44,14,covariate,moderate,0.35,0.12327308286731871,0.255352644836272,1.6519925492580636,24,397,100
3A-2,44,15,covariate,moderate,0.35,0.20875738304421163,0.3595896305625525,1.4765107349003006,24,397,100
3A-2,45,0,covariate,moderate,0.35,0.1886546118708633,0.34223446683459274,1.0534938552753232,24,397,100
3A-2,45,1,covariate,moderate,0.35,0.11879510123133226,0.24720088161209067,1.5596877347965254,24,397,100
3A-2,45,2,covariate,moderate,0.35,0.2597075302700286,0.45632031905961384,2.5354305420709973,24,397,100
3A-2,45,3,covariate,moderate,0.35,0.11336872218977063,0.24083858102434927,1.350364429064184,24,397,100
3A-2,45,4,covariate,moderate,0.35,0.12357433324964699,0.24936817800167924,1.2767541008075114,24,397,100
3A-2,45,5,covariate,moderate,0.35,0.24522651258236736,0.4217558774139379,2.29280127002792,24,397,100
3A-2,45,6,covariate,moderate,0.35,0.12445354610038818,0.2579114189756507,1.5407058827740585,24,397,100
3A-2,45,7,covariate,moderate,0.35,0.20993708085745635,0.37265323257766586,1.473235855670908,24,397,100
3A-2,45,8,covariate,moderate,0.35,0.19564861652024837,0.3476647774979009,1.4783297642306081,24,397,100
3A-2,45,9,covariate,moderate,0.35,0.11817128674354531,0.2484498320738875,1.5022185287604854,24,397,100
3A-2,45,10,covariate,moderate,0.35,0.251080968352731,0.44556884970612937,2.568879714428817,24,397,100
3A-2,45,11,covariate,moderate,0.35,0.11370986353262229,0.23494017632241812,1.3128778320711982,24,397,100
3A-2,45,12,covariate,moderate,0.35,0.12180549850448212,0.23624475230898404,1.2349759407824186,24,397,100
3A-2,45,13,covariate,moderate,0.35,0.25336471528891935,0.43930835432409737,2.4269850988190322,24,397,100
3A-2,45,14,covariate,moderate,0.35,0.12178980879250419,0.2648299748110831,1.5174275236280412,24,397,100
3A-2,45,15,covariate,moderate,0.35,0.20300318217847768,0.3495340050377833,1.4074158518529742,24,397,100
3A-2,46,0,covariate,moderate,0.35,0.19015997849724117,0.341178631402183,1.0380142130708665,24,397,100
3A-2,46,1,covariate,moderate,0.35,0.11798703509551885,0.25316435768261963,1.3829525861437728,24,397,100
3A-2,46,2,covariate,moderate,0.35,0.2536461276872666,0.43963895885810245,2.5204423345617895,24,397,100
3A-2,46,3,covariate,moderate,0.35,0.11976462202252332,0.24819794290512173,1.3709732026659982,24,397,100
3A-2,46,4,covariate,moderate,0.35,0.1258753177181258,0.24280646515533166,1.3065748098216858,24,397,100
3A-2,46,5,covariate,moderate,0.35,0.25164195458252864,0.4366372795969773,2.38734979799781,24,397,100
3A-2,46,6,covariate,moderate,0.35,0.12456578406898476,0.2643923173803526,1.548471161956409,24,397,100
3A-2,46,7,covariate,moderate,0.35,0.20449448626382608,0.36404177162048695,1.4016420374625167,24,397,100
3A-2,46,8,covariate,moderate,0.35,0.1943158312213297,0.3485390428211586,1.347304246966047,24,397,100
3A-2,46,9,covariate,moderate,0.35,0.1215043954865934,0.2536303526448363,1.527724402021575,24,397,100
3A-2,46,10,covariate,moderate,0.35,0.24930709336675924,0.447560873215785,2.5885607501566525,24,397,100
3A-2,46,11,covariate,moderate,0.35,0.1189502340748511,0.24238455079764906,1.2726884751882466,24,397,100
3A-2,46,12,covariate,moderate,0.35,0.12878565673734468,0.2512846347607052,1.3138562131817115,24,397,100
3A-2,46,13,covariate,moderate,0.35,0.24554510195857596,0.42998845507976496,2.320750315394658,24,397,100
3A-2,46,14,covariate,moderate,0.35,0.12302923239480183,0.25364609571788416,1.5308626716452454,24,397,100
3A-2,46,15,covariate,moderate,0.35,0.20361874182265235,0.3487856842989084,1.4095559773235953,24,397,100
3A-3,42,0,covariate,severe,0.6,0.2670505280837195,0.47096032745591937,1.8886771893610437,24,397,100
3A-3,42,1,covariate,severe,0.6,0.1792574664142065,0.40415197313182194,2.303270401087179,24,397,100
3A-3,42,2,covariate,severe,0.6,0.3278485959861943,0.6089494122586062,3.5897673330315776,24,397,100
3A-3,42,3,covariate,severe,0.6,0.20086551727638358,0.4003515952980689,2.3785433374340137,24,397,100
3A-3,42,4,covariate,severe,0.6,0.20774684466445062,0.3915239294710327,2.290189568582978,24,397,100
3A-3,42,5,covariate,severe,0.6,0.3220415972636929,0.5819636859781696,3.381141122711867,24,397,100
3A-3,42,6,covariate,severe,0.6,0.18162374412044513,0.4007472712006717,2.4585904218337458,24,397,100
3A-3,42,7,covariate,severe,0.6,0.28568380954657363,0.49410789252728793,2.3436827866268786,24,397,100
3A-3,42,8,covariate,severe,0.6,0.267758368093062,0.47301637279596975,2.3454206847739703,24,397,100
3A-3,42,9,covariate,severe,0.6,0.18144864689402418,0.40102225020990767,2.4078001861022025,24,397,100
3A-3,42,10,covariate,severe,0.6,0.32850683655747975,0.6120906801007556,3.541574784679137,24,397,100
3A-3,42,11,covariate,severe,0.6,0.20663164257906472,0.40706549118387914,2.4245448172406383,24,397,100
3A-3,42,12,covariate,severe,0.6,0.21327044065018205,0.4025461796809404,2.302770795190685,24,397,100
3A-3,42,13,covariate,severe,0.6,0.31972546921603145,0.5786765323257766,3.3412510733333014,24,397,100
3A-3,42,14,covariate,severe,0.6,0.17743499559435083,0.4008081444164568,2.489368295010658,24,397,100
3A-3,42,15,covariate,severe,0.6,0.28021383259760807,0.49609466834592775,2.4288384196883697,24,397,100
3A-3,43,0,covariate,severe,0.6,0.2619507035818067,0.4894951721242653,1.8758909414875653,24,397,100
3A-3,43,1,covariate,severe,0.6,0.1784931933988613,0.4037479009235936,2.323883591259315,24,397,100
3A-3,43,2,covariate,severe,0.6,0.32365410145346935,0.5996599496221662,3.5253447338405017,24,397,100
3A-3,43,3,covariate,severe,0.6,0.19779424814928123,0.40038098236775815,2.4096701817168795,24,397,100
3A-3,43,4,covariate,severe,0.6,0.20935710092426096,0.40629513014273727,2.408660731419516,24,397,100
3A-3,43,5,covariate,severe,0.6,0.3162273037548115,0.5833301847187237,3.342606334512615,24,397,100
3A-3,43,6,covariate,severe,0.6,0.17946717125980927,0.3887342569269521,2.2324259817150964,24,397,100
3A-3,43,7,covariate,severe,0.6,0.2773871509625048,0.49444164567590265,2.4591193562668496,24,397,100
3A-3,43,8,covariate,severe,0.6,0.2717468380746272,0.49273299748110827,2.336175416133234,24,397,100
3A-3,43,9,covariate,severe,0.6,0.17600152031156624,0.40302267002518893,2.409119708574565,24,397,100
3A-3,43,10,covariate,severe,0.6,0.32621901012295046,0.6101983627204031,3.714080832923816,24,397,100
3A-3,43,11,covariate,severe,0.6,0.20093535981877655,0.4066467254408061,2.351653013691985,24,397,100
3A-3,43,12,covariate,severe,0.6,0.2091284423013732,0.4033228379513014,2.335022097803537,24,397,100
3A-3,43,13,covariate,severe,0.6,0.31665362555509663,0.5802634340890008,3.269494058127323,24,397,100
3A-3,43,14,covariate,severe,0.6,0.18408646315889463,0.4134089000839631,2.461478931953686,24,397,100
3A-3,43,15,covariate,severe,0.6,0.27625126746031603,0.5060621326616289,2.489206734668643,24,397,100
3A-3,44,0,covariate,severe,0.6,0.2620258745813063,0.4914273719563392,1.9073281856103605,24,397,100
3A-3,44,1,covariate,severe,0.6,0.17797476409628343,0.3958238874895046,2.2528003003744907,24,397,100
3A-3,44,2,covariate,severe,0.6,0.3233401456191273,0.5991152392947103,3.399274227775262,24,397,100
3A-3,44,3,covariate,severe,0.6,0.1933785187110529,0.3916918555835432,2.380166748976087,24,397,100
3A-3,44,4,covariate,severe,0.6,0.21410353194292342,0.40716099916036946,2.3937356933879372,24,397,100
3A-3,44,5,covariate,severe,0.6,0.3196427518803366,0.5692758186397985,3.3157300613410663,24,397,100
3A-3,44,6,covariate,severe,0.6,0.1758493845787332,0.3987153652392947,2.2877527396315074,24,397,100
3A-3,44,7,covariate,severe,0.6,0.2763254731958766,0.4957651133501259,2.40827778375483,24,397,100
3A-3,44,8,covariate,severe,0.6,0.26715960531489985,0.4784026028547439,2.3192553138795287,24,397,100
3A-3,44,9,covariate,severe,0.6,0.18055806726100274,0.41682409739714527,2.485381692795657,24,397,100
3A-3,44,10,covariate,severe,0.6,0.3191290301634058,0.5896022250209908,3.4628875384489888,24,397,100
3A-3,44,11,covariate,severe,0.6,0.2031123740247729,0.4112762384550797,2.4254157451173,24,397,100
3A-3,44,12,covariate,severe,0.6,0.20817856098705176,0.3986712846347607,2.3403320316800866,24,397,100
3A-3,44,13,covariate,severe,0.6,0.318762206476723,0.5868618807724602,3.3502130163716983,24,397,100
3A-3,44,14,covariate,severe,0.6,0.17775276892282274,0.39543240973971444,2.4390160317540963,24,397,100
3A-3,44,15,covariate,severe,0.6,0.2837132028432758,0.5121599496221663,2.551079539418574,24,397,100
3A-3,45,0,covariate,severe,0.6,0.26081749630439777,0.49034529806884963,1.8764135572614302,24,397,100
3A-3,45,1,covariate,severe,0.6,0.17405401420723396,0.39502308984047013,2.3745223801302244,24,397,100
3A-3,45,2,covariate,severe,0.6,0.3299474733730923,0.6206895465994963,3.5532118052984827,24,397,100
3A-3,45,3,covariate,severe,0.6,0.19036630154195633,0.39082493702770776,2.3297197239164062,24,397,100
3A-3,45,4,covariate,severe,0.6,0.204299791289849,0.3945507976490344,2.34310622403804,24,397,100
3A-3,45,5,covariate,severe,0.6,0.3142346324716344,0.5843324937027708,3.334777455603652,24,397,100
3A-3,45,6,covariate,severe,0.6,0.177284666298447,0.39294920235096553,2.406471596009174,24,397,100
3A-3,45,7,covariate,severe,0.6,0.28475034235901014,0.5173215785054576,2.427739703427991,24,397,100
3A-3,45,8,covariate,severe,0.6,0.271917108104282,0.4965386230058774,2.497023236828923,24,397,100
3A-3,45,9,covariate,severe,0.6,0.1713413762289504,0.38568010075566755,2.2604357971911013,24,397,100
3A-3,45,10,covariate,severe,0.6,0.3199529154922689,0.6066897565071369,3.6059495253533,24,397,100
3A-3,45,11,covariate,severe,0.6,0.19474690103099557,0.39069374475230895,2.3109720789704262,24,397,100
3A-3,45,12,covariate,severe,0.6,0.20337482651521452,0.3885149034424853,2.297292465672426,24,397,100
3A-3,45,13,covariate,severe,0.6,0.32256319816682494,0.5943576826196474,3.385128006953769,24,397,100
3A-3,45,14,covariate,severe,0.6,0.17441693457252136,0.40026973131821997,2.3572058707973365,24,397,100
3A-3,45,15,covariate,severe,0.6,0.2749659995238051,0.4917999580184718,2.4153169619702237,24,397,100
3A-3,46,0,covariate,severe,0.6,0.2613415704197992,0.48490449202350966,1.8210678175544561,24,397,100
3A-3,46,1,covariate,severe,0.6,0.17489245767062075,0.39395465994962214,2.2653853840658282,24,397,100
3A-3,46,2,covariate,severe,0.6,0.32278650723912894,0.6008291351805205,3.485546768525314,24,397,100
3A-3,46,3,covariate,severe,0.6,0.19781579437564756,0.39490659109991605,2.395554384889039,24,397,100
3A-3,46,4,covariate,severe,0.6,0.20652066202442051,0.3935442905121746,2.168545706902314,24,397,100
3A-3,46,5,covariate,severe,0.6,0.3196410022932828,0.5955373635600335,3.4057224060245965,24,397,100
3A-3,46,6,covariate,severe,0.6,0.17751429555511047,0.4067348866498741,2.3347869722353756,24,397,100
3A-3,46,7,covariate,severe,0.6,0.2787010282954854,0.5052308984047019,2.363576615431685,24,397,100
3A-3,46,8,covariate,severe,0.6,0.26963905859501797,0.4915973971452561,2.2864236727831764,24,397,100
3A-3,46,9,covariate,severe,0.6,0.17872920161023628,0.39759970612930307,2.3246653273641327,24,397,100
3A-3,46,10,covariate,severe,0.6,0.3187105784793512,0.6070077665827035,3.4480316958360997,24,397,100
3A-3,46,11,covariate,severe,0.6,0.20066941896219834,0.4043324937027708,2.3142644925535145,24,397,100
3A-3,46,12,covariate,severe,0.6,0.20989200475560774,0.41198152812762384,2.3689384436370804,24,397,100
3A-3,46,13,covariate,severe,0.6,0.3160036220382256,0.5910957178841311,3.3904501776389147,24,397,100
3A-3,46,14,covariate,severe,0.6,0.1738775020882313,0.3898950461796809,2.236260621010297,24,397,100
3A-3,46,15,covariate,severe,0.6,0.27784626221354586,0.4990438706968934,2.440374768313722,24,397,100
3A-4,42,0,concept,mild,0.0,0.05410964119177449,0.14338685978169605,0.233564351047254,24,397,100
3A-4,42,1,concept,mild,0.0,0.11212591510866306,0.22959277917716206,0.976750900249766,24,397,100
3A-4,42,2,concept,mild,0.0,0.11943299482622649,0.25035054575986565,1.1825699320837202,24,397,100
3A-4,42,3,concept,mild,0.0,0.06797505960878535,0.16449202350965578,0.26462806937190686,24,397,100
3A-4,42,4,concept,mild,0.0,0.04931488541637114,0.1399653652392947,0.2765406220982155,24,397,100
3A-4,42,5,concept,mild,0.0,0.11720452538782748,0.2402550377833753,1.149619237785736,24,397,100
3A-4,42,6,concept,mild,0.0,0.11486405617606316,0.2434225440806045,1.2249705913906597,24,397,100
3A-4,42,7,concept,mild,0.0,0.07124664517896373,0.17866603694374472,0.4174548590647034,24,397,100
3A-4,42,8,concept,mild,0.0,0.04920398209212858,0.1383574727120067,0.23702131667496684,24,397,100
3A-4,42,9,concept,mild,0.0,0.11670128146630492,0.24689546599496226,1.1313633028113443,24,397,100
3A-4,42,10,concept,mild,0.0,0.12238080637827033,0.2545917296389588,1.1868662340411096,24,397,100
3A-4,42,11,concept,mild,0.0,0.060748735697895816,0.148303946263644,0.24694364702170946,24,397,100
3A-4,42,12,concept,mild,0.0,0.05248613321829499,0.1450871116708648,0.19149272754243998,24,397,100
3A-4,42,13,concept,mild,0.0,0.11195146686589386,0.23452246011754826,1.008692424386302,24,397,100
3A-4,42,14,concept,mild,0.0,0.11698926039037076,0.24028442485306464,1.204576458119264,24,397,100
3A-4,42,15,concept,mild,0.0,0.060831709018903,0.15166666666666664,0.24445996428668915,24,397,100
3A-4,43,0,concept,mild,0.0,0.053172919121758984,0.14523929471032745,0.2670263379815941,24,397,100
3A-4,43,1,concept,mild,0.0,0.11484942167241317,0.23393471872376156,1.0878318521509063,24,397,100
3A-4,43,2,concept,mild,0.0,0.12013177243544561,0.24535894206549122,1.193080389138945,24,397,100
3A-4,43,3,concept,mild,0.0,0.06058098690927338,0.14270780856423174,0.17873550463685559,24,397,100
3A-4,43,4,concept,mild,0.0,0.0514326031836029,0.14220088161209068,0.2884495540375381,24,397,100
3A-4,43,5,concept,mild,0.0,0.11449089739108746,0.2366845088161209,1.1483842370096873,24,397,100
3A-4,43,6,concept,mild,0.0,0.11723789314975892,0.2436251049538203,1.1504167639663756,24,397,100
3A-4,43,7,concept,mild,0.0,0.06202942571784298,0.14343094038623005,0.21072308301206233,24,397,100
3A-4,43,8,concept,mild,0.0,0.05569604146583468,0.14575566750629723,0.31315506683371724,24,397,100
3A-4,43,9,concept,mild,0.0,0.11738904186673126,0.24488979848866502,1.0912237465577685,24,397,100
3A-4,43,10,concept,mild,0.0,0.12382926062752324,0.2523856003358522,1.2225989046613563,24,397,100
3A-4,43,11,concept,mild,0.0,0.06138309970880838,0.1449758606213266,0.2525714582680502,24,397,100
3A-4,43,12,concept,mild,0.0,0.05085322348162311,0.13569584382871536,0.2528870864813125,24,397,100
3A-4,43,13,concept,mild,0.0,0.11204961792478256,0.22048803526448366,1.0526927101896568,24,397,100
3A-4,43,14,concept,mild,0.0,0.11763901895664487,0.24327770780856425,1.2344817839473556,24,397,100
3A-4,43,15,concept,mild,0.0,0.06461576299300477,0.16156381192275396,0.3278581983494527,24,397,100
3A-4,44,0,concept,mild,0.0,0.05330472123813145,0.1428012174643157,0.22549781273277159,24,397,100
3A-4,44,1,concept,mild,0.0,0.11536128468457252,0.23965365239294711,1.0800593946901085,24,397,100
3A-4,44,2,concept,mild,0.0,0.11855048084045888,0.24722187237615448,1.1332564329447299,24,397,100
3A-4,44,3,concept,mild,0.0,0.0649165006304543,0.16512909319899244,0.25602616154606267,24,397,100
3A-4,44,4,concept,mild,0.0,0.04894583545561868,0.13289672544080602,0.22841867141119768,24,397,100
3A-4,44,5,concept,mild,0.0,0.11632113998918364,0.23715680100755665,1.0816084121260643,24,397,100
3A-4,44,6,concept,mild,0.0,0.11997888547796998,0.24172544080604533,1.1066555187848444,24,397,100
3A-4,44,7,concept,mild,0.0,0.061059516617523624,0.15321578505457598,0.21093917096699832,24,397,100
3A-4,44,8,concept,mild,0.0,0.04889813003293595,0.14167191435768264,0.20634362381551807,24,397,100
3A-4,44,9,concept,mild,0.0,0.11424041700327393,0.2315081863979849,1.1033034215061102,24,397,100
3A-4,44,10,concept,mild,0.0,0.1189401529294782,0.244845717884131,1.1603569809492453,24,397,100
3A-4,44,11,concept,mild,0.0,0.06481012011481609,0.15986880772460116,0.21401680739645354,24,397,100
3A-4,44,12,concept,mild,0.0,0.05293539771033018,0.14082178841309823,0.20557599310992355,24,397,100
3A-4,44,13,concept,mild,0.0,0.11148573069030336,0.22436922753988245,1.063341643439652,24,397,100
3A-4,44,14,concept,mild,0.0,0.11733938495763678,0.24366183879093198,1.145135614873505,24,397,100
3A-4,44,15,concept,mild,0.0,0.06426130032811724,0.1641383291351805,0.24793260956223837,24,397,100
3A-4,45,0,concept,mild,0.0,0.04856715715305241,0.14258816120906803,0.23776339045452657,24,397,100
3A-4,45,1,concept,mild,0.0,0.11312725633369843,0.22974076406381191,1.0670132043104903,24,397,100
3A-4,45,2,concept,mild,0.0,0.12307907394884483,0.25619962216624687,1.1336252729576304,24,397,100
3A-4,45,3,concept,mild,0.0,0.06784727712351575,0.16259235936188077,0.24552920323847807,24,397,100
3A-4,45,4,concept,mild,0.0,0.05433965137848648,0.14464525608732157,0.30727103038394793,24,397,100
3A-4,45,5,concept,mild,0.0,0.11145597082008611,0.23469668345927794,1.021173413973089,24,397,100
3A-4,45,6,concept,mild,0.0,0.12118771161898273,0.25125419815281275,1.1376230380847734,24,397,100
3A-4,45,7,concept,mild,0.0,0.06984125076553056,0.1690837531486146,0.26751199857527364,24,397,100
3A-4,45,8,concept,mild,0.0,0.053216232842317135,0.1509708228379513,0.24134696716651094,24,397,100
3A-4,45,9,concept,mild,0.0,0.11642358634506911,0.23419500419815287,1.076934541688017,24,397,100
3A-4,45,10,concept,mild,0.0,0.11897483995315672,0.2494678841309824,1.1365971512506698,24,397,100
3A-4,45,11,concept,mild,0.0,0.06295247486371759,0.14753043660789253,0.2046396464333385,24,397,100
3A-4,45,12,concept,mild,0.0,0.05363138669836157,0.1383595717884131,0.21786286709925254,24,397,100
3A-4,45,13,concept,mild,0.0,0.11703303328328359,0.23527392947103273,1.0788927664000225,24,397,100
3A-4,45,14,concept,mild,0.0,0.11802914726010028,0.25090050377833756,1.1023130303282453,24,397,100
3A-4,45,15,concept,mild,0.0,0.06325640237145254,0.1654313602015113,0.2907247326179318,24,397,100
3A-4,46,0,concept,mild,0.0,0.05203891439711252,0.1427560873215785,0.2714322638566959,24,397,100
3A-4,46,1,concept,mild,0.0,0.11458803039602837,0.2281622586062133,0.9813915741738931,24,397,100
3A-4,46,2,concept,mild,0.0,0.11823412428981761,0.2449454240134341,1.0996146163824438,24,397,100
3A-4,46,3,concept,mild,0.0,0.06414361394205059,0.16067590260285472,0.22511481218328866,24,397,100
3A-4,46,4,concept,mild,0.0,0.05148216016623521,0.13558354324097396,0.2440644740371322,24,397,100
3A-4,46,5,concept,mild,0.0,0.11927964236503401,0.2406381192275399,1.140836253022349,24,397,100
3A-4,46,6,concept,mild,0.0,0.11753890796621912,0.2465302267002519,1.1334323702401334,24,397,100
3A-4,46,7,concept,mild,0.0,0.06680546065385641,0.16317590260285472,0.19923455761542716,24,397,100
3A-4,46,8,concept,mild,0.0,0.0543570023819502,0.1480226700251889,0.23010780434033618,24,397,100
3A-4,46,9,concept,mild,0.0,0.11169766293877119,0.22885390428211586,1.066287682144617,24,397,100
3A-4,46,10,concept,mild,0.0,0.11902534498383592,0.2616309823677582,1.1513670583381355,24,397,100
3A-4,46,11,concept,mild,0.0,0.06423518888755228,0.1522103274559194,0.20660093511467234,24,397,100
3A-4,46,12,concept,mild,0.0,0.051728292581716774,0.14228379513014275,0.22411143951070847,24,397,100
3A-4,46,13,concept,mild,0.0,0.11282226103669953,0.23274139378673386,1.0902857726817212,24,397,100
3A-4,46,14,concept,mild,0.0,0.12242298363858546,0.24557304785894207,1.1390843339087264,24,397,100
3A-4,46,15,concept,mild,0.0,0.061348385145109874,0.15320948782535684,0.2658711163787087,24,397,100
3A-5,42,0,concept,moderate,0.0,0.05410964119177449,0.14338685978169605,0.233564351047254,24,397,100
3A-5,42,1,concept,moderate,0.0,0.11212591510866306,0.22959277917716206,0.976750900249766,24,397,100
3A-5,42,2,concept,moderate,0.0,0.11943299482622649,0.25035054575986565,1.1825699320837202,24,397,100
3A-5,42,3,concept,moderate,0.0,0.06797505960878535,0.16449202350965578,0.26462806937190686,24,397,100
3A-5,42,4,concept,moderate,0.0,0.04931488541637114,0.1399653652392947,0.2765406220982155,24,397,100
3A-5,42,5,concept,moderate,0.0,0.11720452538782748,0.2402550377833753,1.149619237785736,24,397,100
3A-5,42,6,concept,moderate,0.0,0.11486405617606316,0.2434225440806045,1.2249705913906597,24,397,100
3A-5,42,7,concept,moderate,0.0,0.07124664517896373,0.17866603694374472,0.4174548590647034,24,397,100
3A-5,42,8,concept,moderate,0.0,0.04920398209212858,0.1383574727120067,0.23702131667496684,24,397,100
3A-5,42,9,concept,moderate,0.0,0.11670128146630492,0.24689546599496226,1.1313633028113443,24,397,100
3A-5,42,10,concept,moderate,0.0,0.12238080637827033,0.2545917296389588,1.1868662340411096,24,397,100
3A-5,42,11,concept,moderate,0.0,0.060748735697895816,0.148303946263644,0.24694364702170946,24,397,100
3A-5,42,12,concept,moderate,0.0,0.05248613321829499,0.1450871116708648,0.19149272754243998,24,397,100
3A-5,42,13,concept,moderate,0.0,0.11195146686589386,0.23452246011754826,1.008692424386302,24,397,100
3A-5,42,14,concept,moderate,0.0,0.11698926039037076,0.24028442485306464,1.204576458119264,24,397,100
3A-5,42,15,concept,moderate,0.0,0.060831709018903,0.15166666666666664,0.24445996428668915,24,397,100
3A-5,43,0,concept,moderate,0.0,0.053172919121758984,0.14523929471032745,0.2670263379815941,24,397,100
3A-5,43,1,concept,moderate,0.0,0.11484942167241317,0.23393471872376156,1.0878318521509063,24,397,100
3A-5,43,2,concept,moderate,0.0,0.12013177243544561,0.24535894206549122,1.193080389138945,24,397,100
3A-5,43,3,concept,moderate,0.0,0.06058098690927338,0.14270780856423174,0.17873550463685559,24,397,100
3A-5,43,4,concept,moderate,0.0,0.0514326031836029,0.14220088161209068,0.2884495540375381,24,397,100
3A-5,43,5,concept,moderate,0.0,0.11449089739108746,0.2366845088161209,1.1483842370096873,24,397,100
3A-5,43,6,concept,moderate,0.0,0.11723789314975892,0.2436251049538203,1.1504167639663756,24,397,100
3A-5,43,7,concept,moderate,0.0,0.06202942571784298,0.14343094038623005,0.21072308301206233,24,397,100
3A-5,43,8,concept,moderate,0.0,0.05569604146583468,0.14575566750629723,0.31315506683371724,24,397,100
3A-5,43,9,concept,moderate,0.0,0.11738904186673126,0.24488979848866502,1.0912237465577685,24,397,100
3A-5,43,10,concept,moderate,0.0,0.12382926062752324,0.2523856003358522,1.2225989046613563,24,397,100
3A-5,43,11,concept,moderate,0.0,0.06138309970880838,0.1449758606213266,0.2525714582680502,24,397,100
3A-5,43,12,concept,moderate,0.0,0.05085322348162311,0.13569584382871536,0.2528870864813125,24,397,100
3A-5,43,13,concept,moderate,0.0,0.11204961792478256,0.22048803526448366,1.0526927101896568,24,397,100
3A-5,43,14,concept,moderate,0.0,0.11763901895664487,0.24327770780856425,1.2344817839473556,24,397,100
3A-5,43,15,concept,moderate,0.0,0.06461576299300477,0.16156381192275396,0.3278581983494527,24,397,100
3A-5,44,0,concept,moderate,0.0,0.05330472123813145,0.1428012174643157,0.22549781273277159,24,397,100
3A-5,44,1,concept,moderate,0.0,0.11536128468457252,0.23965365239294711,1.0800593946901085,24,397,100
3A-5,44,2,concept,moderate,0.0,0.11855048084045888,0.24722187237615448,1.1332564329447299,24,397,100
3A-5,44,3,concept,moderate,0.0,0.0649165006304543,0.16512909319899244,0.25602616154606267,24,397,100
3A-5,44,4,concept,moderate,0.0,0.04894583545561868,0.13289672544080602,0.22841867141119768,24,397,100
3A-5,44,5,concept,moderate,0.0,0.11632113998918364,0.23715680100755665,1.0816084121260643,24,397,100
3A-5,44,6,concept,moderate,0.0,0.11997888547796998,0.24172544080604533,1.1066555187848444,24,397,100
3A-5,44,7,concept,moderate,0.0,0.061059516617523624,0.15321578505457598,0.21093917096699832,24,397,100
3A-5,44,8,concept,moderate,0.0,0.04889813003293595,0.14167191435768264,0.20634362381551807,24,397,100
3A-5,44,9,concept,moderate,0.0,0.11424041700327393,0.2315081863979849,1.1033034215061102,24,397,100
3A-5,44,10,concept,moderate,0.0,0.1189401529294782,0.244845717884131,1.1603569809492453,24,397,100
3A-5,44,11,concept,moderate,0.0,0.06481012011481609,0.15986880772460116,0.21401680739645354,24,397,100
3A-5,44,12,concept,moderate,0.0,0.05293539771033018,0.14082178841309823,0.20557599310992355,24,397,100
3A-5,44,13,concept,moderate,0.0,0.11148573069030336,0.22436922753988245,1.063341643439652,24,397,100
3A-5,44,14,concept,moderate,0.0,0.11733938495763678,0.24366183879093198,1.145135614873505,24,397,100
3A-5,44,15,concept,moderate,0.0,0.06426130032811724,0.1641383291351805,0.24793260956223837,24,397,100
3A-5,45,0,concept,moderate,0.0,0.04856715715305241,0.14258816120906803,0.23776339045452657,24,397,100
3A-5,45,1,concept,moderate,0.0,0.11312725633369843,0.22974076406381191,1.0670132043104903,24,397,100
3A-5,45,2,concept,moderate,0.0,0.12307907394884483,0.25619962216624687,1.1336252729576304,24,397,100
3A-5,45,3,concept,moderate,0.0,0.06784727712351575,0.16259235936188077,0.24552920323847807,24,397,100
3A-5,45,4,concept,moderate,0.0,0.05433965137848648,0.14464525608732157,0.30727103038394793,24,397,100
3A-5,45,5,concept,moderate,0.0,0.11145597082008611,0.23469668345927794,1.021173413973089,24,397,100
3A-5,45,6,concept,moderate,0.0,0.12118771161898273,0.25125419815281275,1.1376230380847734,24,397,100
3A-5,45,7,concept,moderate,0.0,0.06984125076553056,0.1690837531486146,0.26751199857527364,24,397,100
3A-5,45,8,concept,moderate,0.0,0.053216232842317135,0.1509708228379513,0.24134696716651094,24,397,100
3A-5,45,9,concept,moderate,0.0,0.11642358634506911,0.23419500419815287,1.076934541688017,24,397,100
3A-5,45,10,concept,moderate,0.0,0.11897483995315672,0.2494678841309824,1.1365971512506698,24,397,100
3A-5,45,11,concept,moderate,0.0,0.06295247486371759,0.14753043660789253,0.2046396464333385,24,397,100
3A-5,45,12,concept,moderate,0.0,0.05363138669836157,0.1383595717884131,0.21786286709925254,24,397,100
3A-5,45,13,concept,moderate,0.0,0.11703303328328359,0.23527392947103273,1.0788927664000225,24,397,100
3A-5,45,14,concept,moderate,0.0,0.11802914726010028,0.25090050377833756,1.1023130303282453,24,397,100
3A-5,45,15,concept,moderate,0.0,0.06325640237145254,0.1654313602015113,0.2907247326179318,24,397,100
3A-5,46,0,concept,moderate,0.0,0.05203891439711252,0.1427560873215785,0.2714322638566959,24,397,100
3A-5,46,1,concept,moderate,0.0,0.11458803039602837,0.2281622586062133,0.9813915741738931,24,397,100
3A-5,46,2,concept,moderate,0.0,0.11823412428981761,0.2449454240134341,1.0996146163824438,24,397,100
3A-5,46,3,concept,moderate,0.0,0.06414361394205059,0.16067590260285472,0.22511481218328866,24,397,100
3A-5,46,4,concept,moderate,0.0,0.05148216016623521,0.13558354324097396,0.2440644740371322,24,397,100
3A-5,46,5,concept,moderate,0.0,0.11927964236503401,0.2406381192275399,1.140836253022349,24,397,100
3A-5,46,6,concept,moderate,0.0,0.11753890796621912,0.2465302267002519,1.1334323702401334,24,397,100
3A-5,46,7,concept,moderate,0.0,0.06680546065385641,0.16317590260285472,0.19923455761542716,24,397,100
3A-5,46,8,concept,moderate,0.0,0.0543570023819502,0.1480226700251889,0.23010780434033618,24,397,100
3A-5,46,9,concept,moderate,0.0,0.11169766293877119,0.22885390428211586,1.066287682144617,24,397,100
3A-5,46,10,concept,moderate,0.0,0.11902534498383592,0.2616309823677582,1.1513670583381355,24,397,100
3A-5,46,11,concept,moderate,0.0,0.06423518888755228,0.1522103274559194,0.20660093511467234,24,397,100
3A-5,46,12,concept,moderate,0.0,0.051728292581716774,0.14228379513014275,0.22411143951070847,24,397,100
3A-5,46,13,concept,moderate,0.0,0.11282226103669953,0.23274139378673386,1.0902857726817212,24,397,100
3A-5,46,14,concept,moderate,0.0,0.12242298363858546,0.24557304785894207,1.1390843339087264,24,397,100
3A-5,46,15,concept,moderate,0.0,0.061348385145109874,0.15320948782535684,0.2658711163787087,24,397,100
3A-6,42,0,concept,severe,0.0,0.05410964119177449,0.14338685978169605,0.233564351047254,24,397,100
3A-6,42,1,concept,severe,0.0,0.11212591510866306,0.22959277917716206,0.976750900249766,24,397,100
3A-6,42,2,concept,severe,0.0,0.11943299482622649,0.25035054575986565,1.1825699320837202,24,397,100
3A-6,42,3,concept,severe,0.0,0.06797505960878535,0.16449202350965578,0.26462806937190686,24,397,100
3A-6,42,4,concept,severe,0.0,0.04931488541637114,0.1399653652392947,0.2765406220982155,24,397,100
3A-6,42,5,concept,severe,0.0,0.11720452538782748,0.2402550377833753,1.149619237785736,24,397,100
3A-6,42,6,concept,severe,0.0,0.11486405617606316,0.2434225440806045,1.2249705913906597,24,397,100
3A-6,42,7,concept,severe,0.0,0.07124664517896373,0.17866603694374472,0.4174548590647034,24,397,100
3A-6,42,8,concept,severe,0.0,0.04920398209212858,0.1383574727120067,0.23702131667496684,24,397,100
3A-6,42,9,concept,severe,0.0,0.11670128146630492,0.24689546599496226,1.1313633028113443,24,397,100
3A-6,42,10,concept,severe,0.0,0.12238080637827033,0.2545917296389588,1.1868662340411096,24,397,100
3A-6,42,11,concept,severe,0.0,0.060748735697895816,0.148303946263644,0.24694364702170946,24,397,100
3A-6,42,12,concept,severe,0.0,0.05248613321829499,0.1450871116708648,0.19149272754243998,24,397,100
3A-6,42,13,concept,severe,0.0,0.11195146686589386,0.23452246011754826,1.008692424386302,24,397,100
3A-6,42,14,concept,severe,0.0,0.11698926039037076,0.24028442485306464,1.204576458119264,24,397,100
3A-6,42,15,concept,severe,0.0,0.060831709018903,0.15166666666666664,0.24445996428668915,24,397,100
3A-6,43,0,concept,severe,0.0,0.053172919121758984,0.14523929471032745,0.2670263379815941,24,397,100
3A-6,43,1,concept,severe,0.0,0.11484942167241317,0.23393471872376156,1.0878318521509063,24,397,100
3A-6,43,2,concept,severe,0.0,0.12013177243544561,0.24535894206549122,1.193080389138945,24,397,100
3A-6,43,3,concept,severe,0.0,0.06058098690927338,0.14270780856423174,0.17873550463685559,24,397,100
3A-6,43,4,concept,severe,0.0,0.0514326031836029,0.14220088161209068,0.2884495540375381,24,397,100
3A-6,43,5,concept,severe,0.0,0.11449089739108746,0.2366845088161209,1.1483842370096873,24,397,100
3A-6,43,6,concept,severe,0.0,0.11723789314975892,0.2436251049538203,1.1504167639663756,24,397,100
3A-6,43,7,concept,severe,0.0,0.06202942571784298,0.14343094038623005,0.21072308301206233,24,397,100
3A-6,43,8,concept,severe,0.0,0.05569604146583468,0.14575566750629723,0.31315506683371724,24,397,100
3A-6,43,9,concept,severe,0.0,0.11738904186673126,0.24488979848866502,1.0912237465577685,24,397,100
3A-6,43,10,concept,severe,0.0,0.12382926062752324,0.2523856003358522,1.2225989046613563,24,397,100
3A-6,43,11,concept,severe,0.0,0.06138309970880838,0.1449758606213266,0.2525714582680502,24,397,100
3A-6,43,12,concept,severe,0.0,0.05085322348162311,0.13569584382871536,0.2528870864813125,24,397,100
3A-6,43,13,concept,severe,0.0,0.11204961792478256,0.22048803526448366,1.0526927101896568,24,397,100
3A-6,43,14,concept,severe,0.0,0.11763901895664487,0.24327770780856425,1.2344817839473556,24,397,100
3A-6,43,15,concept,severe,0.0,0.06461576299300477,0.16156381192275396,0.3278581983494527,24,397,100
3A-6,44,0,concept,severe,0.0,0.05330472123813145,0.1428012174643157,0.22549781273277159,24,397,100
3A-6,44,1,concept,severe,0.0,0.11536128468457252,0.23965365239294711,1.0800593946901085,24,397,100
3A-6,44,2,concept,severe,0.0,0.11855048084045888,0.24722187237615448,1.1332564329447299,24,397,100
3A-6,44,3,concept,severe,0.0,0.0649165006304543,0.16512909319899244,0.25602616154606267,24,397,100
3A-6,44,4,concept,severe,0.0,0.04894583545561868,0.13289672544080602,0.22841867141119768,24,397,100
3A-6,44,5,concept,severe,0.0,0.11632113998918364,0.23715680100755665,1.0816084121260643,24,397,100
3A-6,44,6,concept,severe,0.0,0.11997888547796998,0.24172544080604533,1.1066555187848444,24,397,100
3A-6,44,7,concept,severe,0.0,0.061059516617523624,0.15321578505457598,0.21093917096699832,24,397,100
3A-6,44,8,concept,severe,0.0,0.04889813003293595,0.14167191435768264,0.20634362381551807,24,397,100
3A-6,44,9,concept,severe,0.0,0.11424041700327393,0.2315081863979849,1.1033034215061102,24,397,100
3A-6,44,10,concept,severe,0.0,0.1189401529294782,0.244845717884131,1.1603569809492453,24,397,100
3A-6,44,11,concept,severe,0.0,0.06481012011481609,0.15986880772460116,0.21401680739645354,24,397,100
3A-6,44,12,concept,severe,0.0,0.05293539771033018,0.14082178841309823,0.20557599310992355,24,397,100
3A-6,44,13,concept,severe,0.0,0.11148573069030336,0.22436922753988245,1.063341643439652,24,397,100
3A-6,44,14,concept,severe,0.0,0.11733938495763678,0.24366183879093198,1.145135614873505,24,397,100
3A-6,44,15,concept,severe,0.0,0.06426130032811724,0.1641383291351805,0.24793260956223837,24,397,100
3A-6,45,0,concept,severe,0.0,0.04856715715305241,0.14258816120906803,0.23776339045452657,24,397,100
3A-6,45,1,concept,severe,0.0,0.11312725633369843,0.22974076406381191,1.0670132043104903,24,397,100
3A-6,45,2,concept,severe,0.0,0.12307907394884483,0.25619962216624687,1.1336252729576304,24,397,100
3A-6,45,3,concept,severe,0.0,0.06784727712351575,0.16259235936188077,0.24552920323847807,24,397,100
3A-6,45,4,concept,severe,0.0,0.05433965137848648,0.14464525608732157,0.30727103038394793,24,397,100
3A-6,45,5,concept,severe,0.0,0.11145597082008611,0.23469668345927794,1.021173413973089,24,397,100
3A-6,45,6,concept,severe,0.0,0.12118771161898273,0.25125419815281275,1.1376230380847734,24,397,100
3A-6,45,7,concept,severe,0.0,0.06984125076553056,0.1690837531486146,0.26751199857527364,24,397,100
3A-6,45,8,concept,severe,0.0,0.053216232842317135,0.1509708228379513,0.24134696716651094,24,397,100
3A-6,45,9,concept,severe,0.0,0.11642358634506911,0.23419500419815287,1.076934541688017,24,397,100
3A-6,45,10,concept,severe,0.0,0.11897483995315672,0.2494678841309824,1.1365971512506698,24,397,100
3A-6,45,11,concept,severe,0.0,0.06295247486371759,0.14753043660789253,0.2046396464333385,24,397,100
3A-6,45,12,concept,severe,0.0,0.05363138669836157,0.1383595717884131,0.21786286709925254,24,397,100
3A-6,45,13,concept,severe,0.0,0.11703303328328359,0.23527392947103273,1.0788927664000225,24,397,100
3A-6,45,14,concept,severe,0.0,0.11802914726010028,0.25090050377833756,1.1023130303282453,24,397,100
3A-6,45,15,concept,severe,0.0,0.06325640237145254,0.1654313602015113,0.2907247326179318,24,397,100
3A-6,46,0,concept,severe,0.0,0.05203891439711252,0.1427560873215785,0.2714322638566959,24,397,100
3A-6,46,1,concept,severe,0.0,0.11458803039602837,0.2281622586062133,0.9813915741738931,24,397,100
3A-6,46,2,concept,severe,0.0,0.11823412428981761,0.2449454240134341,1.0996146163824438,24,397,100
3A-6,46,3,concept,severe,0.0,0.06414361394205059,0.16067590260285472,0.22511481218328866,24,397,100
3A-6,46,4,concept,severe,0.0,0.05148216016623521,0.13558354324097396,0.2440644740371322,24,397,100
3A-6,46,5,concept,severe,0.0,0.11927964236503401,0.2406381192275399,1.140836253022349,24,397,100
3A-6,46,6,concept,severe,0.0,0.11753890796621912,0.2465302267002519,1.1334323702401334,24,397,100
3A-6,46,7,concept,severe,0.0,0.06680546065385641,0.16317590260285472,0.19923455761542716,24,397,100
3A-6,46,8,concept,severe,0.0,0.0543570023819502,0.1480226700251889,0.23010780434033618,24,397,100
3A-6,46,9,concept,severe,0.0,0.11169766293877119,0.22885390428211586,1.066287682144617,24,397,100
3A-6,46,10,concept,severe,0.0,0.11902534498383592,0.2616309823677582,1.1513670583381355,24,397,100
3A-6,46,11,concept,severe,0.0,0.06423518888755228,0.1522103274559194,0.20660093511467234,24,397,100
3A-6,46,12,concept,severe,0.0,0.051728292581716774,0.14228379513014275,0.22411143951070847,24,397,100
3A-6,46,13,concept,severe,0.0,0.11282226103669953,0.23274139378673386,1.0902857726817212,24,397,100
3A-6,46,14,concept,severe,0.0,0.12242298363858546,0.24557304785894207,1.1390843339087264,24,397,100
3A-6,46,15,concept,severe,0.0,0.061348385145109874,0.15320948782535684,0.2658711163787087,24,397,100
