seed,window_id,selected_arm,selected_model,RF_UCB,ET_UCB,Ensemble_UCB,RF_reward,ET_reward,Ensemble_reward,selection_count_RF,selection_count_ET,selection_count_Ensemble,drift_type,severity
42,0,0,RF,999.0,999.0,999.0,0.7035,0.7145,0.7082,1.0,0.0,0.0,none,none
42,1,1,ET,0.7035,0.0,0.0,0.8211,0.8288,0.8212,0.9,1.0,0.0,covariate,severe
42,2,2,Ensemble,0.9147,1.0291,20.0289,0.7948,0.7985,0.8081,0.81,0.9,1.0,concept,severe
42,3,1,ET,0.9809,1.092,1.0578,0.8679,0.8593,0.8888,0.7290000000000001,1.81,0.9,mixed,severe
42,4,0,RF,1.0289,1.0522,1.101,0.7676,0.7635,0.7674,1.6561000000000001,1.629,0.81,none,none
42,5,2,Ensemble,0.9729,1.0782,1.138,0.8528,0.8533,0.8644,1.49049,1.4661,1.729,mixed,moderate
42,6,1,ET,0.9967,1.1023,1.0769,0.6272,0.658,0.6239,1.341441,2.31949,1.5561,none,none
42,7,2,Ensemble,1.0196,0.9757,1.0982,0.7673,0.7651,0.7645,1.2072969000000002,2.0875410000000003,2.40049,covariate,mild
42,8,0,RF,1.0423,0.993,1.0218,0.7978,0.7982,0.8029,2.08656721,1.8787869000000004,2.160441,concept,mild
42,9,2,Ensemble,1.0018,1.0103,1.0379,0.7304,0.734,0.7351,1.8779104890000002,1.6909082100000004,2.9443969,covariate,moderate
42,10,1,ET,1.0186,1.0279,0.9833,0.8034,0.8025,0.7908,1.6901194401000001,2.5218173890000006,2.64995721,concept,mild
42,11,0,RF,1.0357,0.9982,0.997,0.7485,0.7495,0.7532,2.52110749609,2.2696356501000006,2.384961489,covariate,moderate
42,12,1,ET,0.9818,1.0127,1.0111,0.9259,0.9054,0.9157,2.268996746481,3.0426720850900004,2.1464653401000002,mixed,severe
42,13,2,Ensemble,0.996,1.0242,1.0257,0.8239,0.8345,0.8285,2.0420970718329,2.7384048765810003,2.9318188060900003,mixed,mild
42,14,1,ET,1.0108,1.037,1.0078,0.5691,0.5752,0.5831,1.8378873646496101,3.4645643889229003,2.6386369254810003,none,none
42,15,0,RF,1.0262,0.9434,1.0206,0.9087,0.9048,0.915,2.654098628184649,3.1181079500306104,2.3747732329329003,concept,moderate
43,0,0,RF,999.0,999.0,999.0,0.6915,0.6932,0.6887,1.0,0.0,0.0,none,none
43,1,1,ET,0.6915,0.0,0.0,0.7275,0.6568,0.6891,0.9,1.0,0.0,mixed,moderate
43,2,2,Ensemble,0.9026,0.8571,20.0289,0.727,0.7293,0.7301,0.81,0.9,1.0,covariate,mild
43,3,2,Ensemble,0.9689,0.92,0.9797,0.7921,0.8419,0.8163,0.7290000000000001,0.81,1.9,concept,moderate
43,4,0,RF,1.0169,0.9656,0.977,0.7689,0.7654,0.7608,1.6561000000000001,0.7290000000000001,1.71,none,none
43,5,1,ET,0.9689,1.0045,1.0024,0.9506,0.9486,0.9481,1.49049,1.6561000000000001,1.539,mixed,severe
43,6,1,ET,0.9927,1.0744,1.0259,0.6972,0.7183,0.7263,1.341441,2.4904900000000003,1.3851,covariate,severe
43,7,2,Ensemble,1.0157,0.9906,1.0485,0.8935,0.8925,0.8919,1.2072969000000002,2.2414410000000005,2.2465900000000003,mixed,mild
43,8,2,Ensemble,1.0383,1.0072,1.0473,0.6978,0.7068,0.7005,1.0865672100000003,2.0172969000000003,3.0219310000000004,none,none
43,9,0,RF,1.0611,1.0239,0.979,0.6897,0.6766,0.6747,1.9779104890000003,1.8155672100000002,2.7197379000000006,covariate,mild
43,10,1,ET,0.957,1.0409,0.9929,0.838,0.8297,0.825,1.7801194401000002,2.6340104890000005,2.4477641100000005,concept,severe
43,11,1,ET,0.9737,1.0169,1.0071,0.7476,0.7393,0.7425,1.6021074960900001,3.3706094401000004,2.2029876990000004,none,none
43,12,2,Ensemble,0.991,0.9754,1.0218,0.837,0.8373,0.8346,1.4418967464810002,3.0335484960900003,2.9826889291,covariate,mild
43,13,0,RF,1.0088,0.9877,1.0071,0.7766,0.8182,0.7932,2.2977070718329005,2.730193646481,2.68442003619,concept,moderate
43,14,2,Ensemble,0.9768,1.0005,1.02,0.7379,0.7611,0.7562,2.0679363646496105,2.4571742818329003,3.415978032571,concept,severe
43,15,1,ET,0.9913,1.0138,0.9832,0.9023,0.9016,0.8996,1.8611427281846495,3.21145685364961,3.0743802293139,mixed,moderate
44,0,0,RF,999.0,999.0,999.0,0.678,0.7107,0.7037,1.0,0.0,0.0,none,none
44,1,1,ET,0.678,0.0,0.0,0.7215,0.7091,0.702,0.9,1.0,0.0,covariate,mild
44,2,2,Ensemble,0.8891,0.9094,20.0289,0.7,0.7055,0.7095,0.81,0.9,1.0,none,none
44,3,1,ET,0.9554,0.9722,0.9591,0.8428,0.8522,0.8569,0.7290000000000001,1.81,0.9,concept,severe
44,4,0,RF,1.0034,0.9947,1.0024,0.8972,0.8975,0.8918,1.6561000000000001,1.629,0.81,covariate,moderate
44,5,0,RF,1.041,1.0207,1.0393,0.7049,0.7313,0.7315,2.4904900000000003,1.4661,0.7290000000000001,concept,mild
44,6,2,Ensemble,0.9649,1.0448,1.0734,0.7974,0.7879,0.8055,2.2414410000000005,1.31949,1.6561000000000001,covariate,severe
44,7,1,ET,0.9826,1.0679,1.0172,0.9281,0.9231,0.9341,2.0172969000000003,2.1875410000000004,1.49049,mixed,moderate
44,8,1,ET,1.0002,1.0728,1.0376,0.7263,0.7257,0.7208,1.8155672100000002,2.9687869000000005,1.341441,covariate,moderate
44,9,2,Ensemble,1.0178,1.0034,1.0581,0.9239,0.9254,0.9195,1.6340104890000002,2.6719082100000007,2.2072969000000002,mixed,severe
44,10,2,Ensemble,1.0357,1.0174,1.0667,0.8233,0.8275,0.8368,1.4706094401000003,2.404717389000001,2.9865672100000005,concept,severe
44,11,0,RF,1.0541,1.0318,1.0373,0.7381,0.7272,0.7411,2.3235484960900004,2.1642456501000007,2.6879104890000005,none,none
44,12,2,Ensemble,0.9854,1.0466,1.0506,0.9001,0.8935,0.896,2.0911936464810004,1.9478210850900006,3.4191194401000007,mixed,mild
44,13,1,ET,1.0002,1.0619,1.0455,0.6955,0.6781,0.6927,1.8820742818329004,2.7530389765810006,3.0772074960900007,none,none
44,14,2,Ensemble,1.0156,0.9762,1.0576,0.7656,0.7602,0.7711,1.6938668536496104,2.4777350789229007,3.7694867464810007,mixed,mild
44,15,0,RF,1.0317,0.9895,1.0173,0.8909,0.8947,0.8949,2.5244801682846494,2.2299615710306107,3.3925380718329006,concept,moderate
45,0,0,RF,999.0,999.0,999.0,0.6784,0.7077,0.6813,1.0,0.0,0.0,none,none
45,1,1,ET,0.6784,0.0,0.0,0.8305,0.8459,0.8408,0.9,1.0,0.0,covariate,severe
45,2,2,Ensemble,0.8896,1.0462,20.0289,0.8,0.7987,0.7898,0.81,0.9,1.0,concept,moderate
45,3,1,ET,0.9558,1.1091,1.0394,0.7035,0.7153,0.7081,0.7290000000000001,1.81,0.9,mixed,mild
45,4,0,RF,1.0039,0.9803,1.0827,0.7151,0.7299,0.7308,1.6561000000000001,1.629,0.81,covariate,severe
45,5,2,Ensemble,0.9312,1.0064,1.1196,0.676,0.6628,0.6767,1.49049,1.4661,1.729,none,none
45,6,1,ET,0.9551,1.0304,0.9607,0.6536,0.6495,0.6517,1.341441,2.31949,1.5561,none,none
45,7,2,Ensemble,0.978,0.9312,0.982,0.8487,0.861,0.8509,1.2072969000000002,2.0875410000000003,2.40049,concept,mild
45,8,0,RF,1.0007,0.9484,0.9899,0.8406,0.8404,0.8447,2.08656721,1.8787869000000004,2.160441,covariate,moderate
45,9,2,Ensemble,1.0007,0.9658,1.0061,0.7596,0.7158,0.7463,1.8779104890000002,1.6909082100000004,2.9443969,mixed,mild
45,10,0,RF,1.0174,0.9834,0.9661,0.9962,0.9953,0.9944,2.6901194401,1.5218173890000004,2.64995721,mixed,severe
45,11,0,RF,1.0642,1.0014,0.9798,0.7123,0.7169,0.7269,3.4211074960900003,1.3696356501000004,2.384961489,none,none
45,12,1,ET,1.0014,1.0201,0.9939,0.8095,0.8135,0.8243,3.078996746481,2.2326720850900004,2.1464653401000002,concept,moderate
45,13,0,RF,1.0136,0.9991,1.0085,0.7381,0.7464,0.7452,3.7710970718329,2.009404876581,1.9318188060900003,mixed,mild
45,14,2,Ensemble,0.9761,1.014,1.0237,0.7123,0.7321,0.7265,3.39398736464961,1.8084643889229002,2.7386369254810004,concept,severe
45,15,1,ET,0.9875,1.0296,0.9694,0.8598,0.8582,0.8604,3.054588628184649,2.6276179500306105,2.4647732329329,covariate,moderate
46,0,0,RF,999.0,999.0,999.0,0.6992,0.7036,0.703,1.0,0.0,0.0,none,none
46,1,1,ET,0.6992,0.0,0.0,0.5607,0.5543,0.5656,0.9,1.0,0.0,none,none
46,2,2,Ensemble,0.9103,0.7546,20.0289,0.7691,0.7602,0.767,0.81,0.9,1.0,covariate,mild
46,3,2,Ensemble,0.9765,0.8174,1.0167,0.7463,0.7548,0.7623,0.7290000000000001,0.81,1.9,covariate,mild
46,4,0,RF,1.0246,0.863,0.9661,0.7177,0.7251,0.7374,1.6561000000000001,0.7290000000000001,1.71,covariate,moderate
46,5,1,ET,0.941,0.902,0.9916,0.9327,0.9356,0.936,1.49049,1.6561000000000001,1.539,mixed,severe
46,6,1,ET,0.9648,1.026,1.015,0.5766,0.641,0.5841,1.341441,2.4904900000000003,1.3851,concept,mild
46,7,2,Ensemble,0.9878,0.9305,1.0376,0.8918,0.9247,0.9097,1.2072969000000002,2.2414410000000005,2.2465900000000003,concept,severe
46,8,2,Ensemble,1.0105,0.9472,1.0491,0.9303,0.9206,0.9233,1.0865672100000003,2.0172969000000003,3.0219310000000004,mixed,moderate
46,9,2,Ensemble,1.0332,0.9639,1.0539,0.9674,0.9664,0.965,0.9779104890000003,1.8155672100000002,3.7197379000000006,mixed,severe
46,10,2,Ensemble,1.0564,0.9809,1.0659,0.7862,0.7814,0.7865,0.8801194401000003,1.6340104890000002,4.34776411,concept,mild
46,11,0,RF,1.0802,0.9983,1.0314,0.9283,0.9353,0.934,1.7921074960900003,1.4706094401000003,3.912987699,mixed,severe
46,12,0,RF,1.0941,1.0163,1.0424,0.853,0.8563,0.8492,2.6128967464810002,1.3235484960900004,3.5216889290999998,covariate,moderate
46,13,0,RF,1.0593,1.0349,1.0538,0.6694,0.6679,0.6789,3.3516070718329,1.1911936464810005,3.16952003619,none,none
46,14,2,Ensemble,0.9843,1.0543,1.0657,0.6227,0.6218,0.5851,3.0164463646496102,1.0720742818329005,3.852568032571,none,none
46,15,1,ET,0.9963,1.0745,0.9757,0.8867,0.8983,0.8951,2.7148017281846495,1.9648668536496106,3.4673112293139,concept,moderate
