seed,window_id,approach,retrained,retraining_cpu_time,retraining_wall_time
42,0,Frozen RF,False,0.0,0.0
42,0,Retrained RF,True,0.40625,0.2678988000843674
42,0,UCB1 Ensemble,True,1.171875,1.2457503001205623
42,1,Frozen RF,False,0.0,0.0
42,1,Retrained RF,True,0.40625,0.26462459983304143
42,1,UCB1 Ensemble,False,0.0,0.0
42,2,Frozen RF,False,0.0,0.0
42,2,Retrained RF,True,0.484375,0.2116851001046598
42,2,UCB1 Ensemble,False,0.0,0.0
42,3,Frozen RF,False,0.0,0.0
42,3,Retrained RF,True,0.390625,0.21972219995222986
42,3,UCB1 Ensemble,True,1.0625,0.7420734001789242
42,4,Frozen RF,False,0.0,0.0
42,4,Retrained RF,True,0.421875,0.1940160000231117
42,4,UCB1 Ensemble,True,0.984375,0.7161493001040071
42,5,Frozen RF,False,0.0,0.0
42,5,Retrained RF,True,0.4375,0.17686840007081628
42,5,UCB1 Ensemble,True,1.0625,0.6625485999975353
42,6,Frozen RF,False,0.0,0.0
42,6,Retrained RF,True,0.6875,0.20936770015396178
42,6,UCB1 Ensemble,True,0.765625,0.5069506000727415
42,7,Frozen RF,False,0.0,0.0
42,7,Retrained RF,True,0.46875,0.16785200010053813
42,7,UCB1 Ensemble,False,0.0,0.0
42,8,Frozen RF,False,0.0,0.0
42,8,Retrained RF,True,0.5625,0.18938250001519918
42,8,UCB1 Ensemble,False,0.0,0.0
42,9,Frozen RF,False,0.0,0.0
42,9,Retrained RF,True,0.65625,0.21909369993954897
42,9,UCB1 Ensemble,True,0.859375,0.6333528999239206
42,10,Frozen RF,False,0.0,0.0
42,10,Retrained RF,True,0.546875,0.1894855999853462
42,10,UCB1 Ensemble,False,0.0,0.0
42,11,Frozen RF,False,0.0,0.0
42,11,Retrained RF,True,0.65625,0.21662309998646379
42,11,UCB1 Ensemble,True,0.96875,0.6265732999891043
42,12,Frozen RF,False,0.0,0.0
42,12,Retrained RF,True,0.796875,0.19647020008414984
42,12,UCB1 Ensemble,True,0.859375,0.5812065999489278
42,13,Frozen RF,False,0.0,0.0
42,13,Retrained RF,True,0.734375,0.19956020009703934
42,13,UCB1 Ensemble,True,0.75,0.5249552000313997
42,14,Frozen RF,False,0.0,0.0
42,14,Retrained RF,True,0.828125,0.21373359998688102
42,14,UCB1 Ensemble,True,0.9375,0.57836510008201
42,15,Frozen RF,False,0.0,0.0
42,15,Retrained RF,True,0.875,0.25195319997146726
42,15,UCB1 Ensemble,False,0.0,0.0
43,0,Frozen RF,False,0.0,0.0
43,0,Retrained RF,True,0.25,0.13601789996027946
43,0,UCB1 Ensemble,True,0.609375,0.44137439993210137
43,1,Frozen RF,False,0.0,0.0
43,1,Retrained RF,True,0.40625,0.15425590006634593
43,1,UCB1 Ensemble,False,0.0,0.0
43,2,Frozen RF,False,0.0,0.0
43,2,Retrained RF,True,0.375,0.1685744000133127
43,2,UCB1 Ensemble,True,0.734375,0.5659180998336524
43,3,Frozen RF,False,0.0,0.0
43,3,Retrained RF,True,0.453125,0.15030750003643334
43,3,UCB1 Ensemble,False,0.0,0.0
43,4,Frozen RF,False,0.0,0.0
43,4,Retrained RF,True,0.671875,0.14501930004917085
43,4,UCB1 Ensemble,False,0.0,0.0
43,5,Frozen RF,False,0.0,0.0
43,5,Retrained RF,True,0.390625,0.1499815999995917
43,5,UCB1 Ensemble,True,0.796875,0.5093903001397848
43,6,Frozen RF,False,0.0,0.0
43,6,Retrained RF,True,0.5,0.17349310009740293
43,6,UCB1 Ensemble,True,0.875,0.5532312002032995
43,7,Frozen RF,False,0.0,0.0
43,7,Retrained RF,True,0.421875,0.15541379991918802
43,7,UCB1 Ensemble,False,0.0,0.0
43,8,Frozen RF,False,0.0,0.0
43,8,Retrained RF,True,0.234375,0.17244340013712645
43,8,UCB1 Ensemble,True,0.796875,0.43032120005227625
43,9,Frozen RF,False,0.0,0.0
43,9,Retrained RF,True,0.71875,0.15431659994646907
43,9,UCB1 Ensemble,False,0.0,0.0
43,10,Frozen RF,False,0.0,0.0
43,10,Retrained RF,True,0.609375,0.177779900142923
43,10,UCB1 Ensemble,False,0.0,0.0
43,11,Frozen RF,False,0.0,0.0
43,11,Retrained RF,True,0.734375,0.19018490007147193
43,11,UCB1 Ensemble,True,0.796875,0.5763812998775393
43,12,Frozen RF,False,0.0,0.0
43,12,Retrained RF,True,0.65625,0.1887964999768883
43,12,UCB1 Ensemble,False,0.0,0.0
43,13,Frozen RF,False,0.0,0.0
43,13,Retrained RF,True,0.8125,0.2076111000496894
43,13,UCB1 Ensemble,False,0.0,0.0
43,14,Frozen RF,False,0.0,0.0
43,14,Retrained RF,True,0.921875,0.24801990017294884
43,14,UCB1 Ensemble,True,0.765625,0.5256211997475475
43,15,Frozen RF,False,0.0,0.0
43,15,Retrained RF,True,0.6875,0.1908446999732405
43,15,UCB1 Ensemble,True,0.828125,0.570167199941352
44,0,Frozen RF,False,0.0,0.0
44,0,Retrained RF,True,0.3125,0.17522939993068576
44,0,UCB1 Ensemble,True,0.765625,0.5752485999837518
44,1,Frozen RF,False,0.0,0.0
44,1,Retrained RF,True,0.296875,0.15900169988162816
44,1,UCB1 Ensemble,False,0.0,0.0
44,2,Frozen RF,False,0.0,0.0
44,2,Retrained RF,True,0.484375,0.21824169997125864
44,2,UCB1 Ensemble,False,0.0,0.0
44,3,Frozen RF,False,0.0,0.0
44,3,Retrained RF,True,0.515625,0.25762630021199584
44,3,UCB1 Ensemble,False,0.0,0.0
44,4,Frozen RF,False,0.0,0.0
44,4,Retrained RF,True,0.65625,0.526408800156787
44,4,UCB1 Ensemble,False,0.0,0.0
44,5,Frozen RF,False,0.0,0.0
44,5,Retrained RF,True,0.703125,0.50083849998191
44,5,UCB1 Ensemble,True,1.015625,0.9540887998882681
44,6,Frozen RF,False,0.0,0.0
44,6,Retrained RF,True,0.671875,0.29996509989723563
44,6,UCB1 Ensemble,True,1.359375,1.0669163998682052
44,7,Frozen RF,False,0.0,0.0
44,7,Retrained RF,True,0.59375,0.20663600019179285
44,7,UCB1 Ensemble,True,1.078125,0.7021017002407461
44,8,Frozen RF,False,0.0,0.0
44,8,Retrained RF,True,0.5,0.17147730011492968
44,8,UCB1 Ensemble,True,0.890625,0.6062477000523359
44,9,Frozen RF,False,0.0,0.0
44,9,Retrained RF,True,0.53125,0.17395569989457726
44,9,UCB1 Ensemble,True,0.84375,0.6779809000436217
44,10,Frozen RF,False,0.0,0.0
44,10,Retrained RF,True,0.828125,0.2700933001469821
44,10,UCB1 Ensemble,False,0.0,0.0
44,11,Frozen RF,False,0.0,0.0
44,11,Retrained RF,True,0.796875,0.24364859983325005
44,11,UCB1 Ensemble,True,0.859375,0.618401600047946
44,12,Frozen RF,False,0.0,0.0
44,12,Retrained RF,True,0.84375,0.29000610020011663
44,12,UCB1 Ensemble,False,0.0,0.0
44,13,Frozen RF,False,0.0,0.0
44,13,Retrained RF,True,0.78125,0.2632408000063151
44,13,UCB1 Ensemble,True,0.921875,0.6750759000424296
44,14,Frozen RF,False,0.0,0.0
44,14,Retrained RF,True,1.078125,0.4353255999740213
44,14,UCB1 Ensemble,False,0.0,0.0
44,15,Frozen RF,False,0.0,0.0
44,15,Retrained RF,True,1.171875,0.3624436999671161
44,15,UCB1 Ensemble,False,0.0,0.0
45,0,Frozen RF,False,0.0,0.0
45,0,Retrained RF,True,0.359375,0.16102849994786084
45,0,UCB1 Ensemble,True,0.859375,0.6608243996743113
45,1,Frozen RF,False,0.0,0.0
45,1,Retrained RF,True,0.265625,0.16209429991431534
45,1,UCB1 Ensemble,False,0.0,0.0
45,2,Frozen RF,False,0.0,0.0
45,2,Retrained RF,True,0.34375,0.17127569997683167
45,2,UCB1 Ensemble,False,0.0,0.0
45,3,Frozen RF,False,0.0,0.0
45,3,Retrained RF,True,0.40625,0.19818509998731315
45,3,UCB1 Ensemble,True,0.546875,0.4980796999298036
45,4,Frozen RF,False,0.0,0.0
45,4,Retrained RF,True,0.390625,0.2123565999791026
45,4,UCB1 Ensemble,True,0.640625,0.4808557000942528
45,5,Frozen RF,False,0.0,0.0
45,5,Retrained RF,True,0.546875,0.23833459988236427
45,5,UCB1 Ensemble,False,0.0,0.0
45,6,Frozen RF,False,0.0,0.0
45,6,Retrained RF,True,0.609375,0.2322879999410361
45,6,UCB1 Ensemble,True,1.15625,0.7603792001027614
45,7,Frozen RF,False,0.0,0.0
45,7,Retrained RF,True,0.515625,0.1893662998918444
45,7,UCB1 Ensemble,False,0.0,0.0
45,8,Frozen RF,False,0.0,0.0
45,8,Retrained RF,True,0.703125,0.3756923000328243
45,8,UCB1 Ensemble,True,1.140625,0.9503502999432385
45,9,Frozen RF,False,0.0,0.0
45,9,Retrained RF,True,0.703125,0.23617039993405342
45,9,UCB1 Ensemble,True,0.96875,0.7250217997934669
45,10,Frozen RF,False,0.0,0.0
45,10,Retrained RF,True,0.875,0.2707479000091553
45,10,UCB1 Ensemble,True,1.03125,0.8000026997178793
45,11,Frozen RF,False,0.0,0.0
45,11,Retrained RF,True,0.84375,0.29838789999485016
45,11,UCB1 Ensemble,True,1.0625,0.7448178003542125
45,12,Frozen RF,False,0.0,0.0
45,12,Retrained RF,True,0.84375,0.28820640011690557
45,12,UCB1 Ensemble,False,0.0,0.0
45,13,Frozen RF,False,0.0,0.0
45,13,Retrained RF,True,0.859375,0.2737345998175442
45,13,UCB1 Ensemble,True,0.953125,0.7231857997830957
45,14,Frozen RF,False,0.0,0.0
45,14,Retrained RF,True,1.03125,0.3079936997964978
45,14,UCB1 Ensemble,True,1.0625,0.790076200151816
45,15,Frozen RF,False,0.0,0.0
45,15,Retrained RF,True,0.84375,0.2433607999701053
45,15,UCB1 Ensemble,True,0.875,0.671331100165844
46,0,Frozen RF,False,0.0,0.0
46,0,Retrained RF,True,0.40625,0.2509624999947846
46,0,UCB1 Ensemble,True,1.109375,1.1308250001166016
46,1,Frozen RF,False,0.0,0.0
46,1,Retrained RF,True,0.421875,0.26648049987852573
46,1,UCB1 Ensemble,True,1.140625,0.9360876998398453
46,2,Frozen RF,False,0.0,0.0
46,2,Retrained RF,True,0.375,0.17286709998734295
46,2,UCB1 Ensemble,True,1.15625,0.6854616000782698
46,3,Frozen RF,False,0.0,0.0
46,3,Retrained RF,True,0.53125,0.21379970014095306
46,3,UCB1 Ensemble,False,0.0,0.0
46,4,Frozen RF,False,0.0,0.0
46,4,Retrained RF,True,0.421875,0.17961449990980327
46,4,UCB1 Ensemble,False,0.0,0.0
46,5,Frozen RF,False,0.0,0.0
46,5,Retrained RF,True,0.640625,0.2413941000122577
46,5,UCB1 Ensemble,True,1.046875,0.7111042998731136
46,6,Frozen RF,False,0.0,0.0
46,6,Retrained RF,True,0.515625,0.19307490019127727
46,6,UCB1 Ensemble,True,0.953125,0.6571814001072198
46,7,Frozen RF,False,0.0,0.0
46,7,Retrained RF,True,0.546875,0.21278319996781647
46,7,UCB1 Ensemble,False,0.0,0.0
46,8,Frozen RF,False,0.0,0.0
46,8,Retrained RF,True,0.734375,0.24377950001507998
46,8,UCB1 Ensemble,True,1.171875,0.7205012000631541
46,9,Frozen RF,False,0.0,0.0
46,9,Retrained RF,True,0.625,0.21332850004546344
46,9,UCB1 Ensemble,True,0.9375,0.7008793998975307
46,10,Frozen RF,False,0.0,0.0
46,10,Retrained RF,True,0.859375,0.3461714999284595
46,10,UCB1 Ensemble,True,1.1875,1.0260705002583563
46,11,Frozen RF,False,0.0,0.0
46,11,Retrained RF,True,0.734375,0.3178492998704314
46,11,UCB1 Ensemble,True,1.1875,0.7935309996828437
46,12,Frozen RF,False,0.0,0.0
46,12,Retrained RF,True,0.984375,0.29196740011684597
46,12,UCB1 Ensemble,False,0.0,0.0
46,13,Frozen RF,False,0.0,0.0
46,13,Retrained RF,True,0.859375,0.27666210010647774
46,13,UCB1 Ensemble,True,0.640625,0.47307050018571317
46,14,Frozen RF,False,0.0,0.0
46,14,Retrained RF,True,0.765625,0.28541320003569126
46,14,UCB1 Ensemble,True,1.015625,0.7150567001663148
46,15,Frozen RF,False,0.0,0.0
46,15,Retrained RF,True,0.9375,0.37576079997234046
46,15,UCB1 Ensemble,False,0.0,0.0
