seed,window,drift_type,severity,transition,drift_detected,covariate_drift,concept_drift,wasserstein_score,f1_drop
42,0,none,none,stable,True,False,True,0.04039102331424179,0.13260869565217392
42,1,none,none,stable,True,False,True,0.09188589870182383,0.14036961278660454
42,2,covariate,mild,gradual,True,False,True,0.08360871664323806,0.23798637025613523
42,3,covariate,severe,sudden,True,True,False,0.3119441609229078,0.0
42,4,covariate,moderate,recovery,True,True,False,0.15100795880756618,0.0
42,5,covariate,mild,gradual,True,False,True,0.0864103376980748,0.31879064070676993
42,6,mixed,moderate,sudden,True,True,False,0.2737520701231338,0.0
42,7,concept,severe,gradual,False,False,False,0.04244925595330473,0.029424707733517907
42,8,none,none,stable,False,False,False,0.04092687869490102,0.0030256444482472666
42,9,none,none,stable,False,False,False,0.09241669290377641,0.08702886211358662
42,10,concept,moderate,recovery,True,False,True,0.09438083434354211,0.3541785434450436
42,11,mixed,moderate,recovery,True,True,False,0.14246276515805706,0.0
42,12,mixed,mild,sudden,True,True,False,0.13574784767380174,0.0
42,13,concept,mild,sudden,True,False,True,0.09310017080640409,0.27248306525156185
42,14,concept,moderate,gradual,False,False,False,0.09362331237096518,0.0
42,15,none,none,stable,False,False,False,0.0420571300885387,0.08741604535384939
42,16,covariate,moderate,gradual,False,False,False,0.08474994960264594,0.0
42,17,concept,mild,recovery,False,False,False,0.09453801755732955,0.0
42,18,concept,mild,sudden,True,False,True,0.0952907614793995,0.2378959751763965
42,19,concept,severe,sudden,False,False,False,0.0409980974965934,0.0
42,20,mixed,moderate,sudden,True,True,False,0.22663788511436211,0.0
42,21,mixed,moderate,recovery,False,False,False,0.0751507516554106,0.0
42,22,covariate,moderate,sudden,True,True,False,0.27683463965035815,0.0
42,23,none,none,stable,True,False,True,0.041767978846172324,0.28717250637454494
42,24,covariate,moderate,sudden,True,True,False,0.15621353558354714,0.0
42,25,covariate,mild,recovery,True,True,False,0.14354320049658736,0.03520787873549169
42,26,none,none,stable,True,False,True,0.09408013096831513,0.4897769973815118
42,27,mixed,mild,recovery,False,False,False,0.0905727914302152,0.0
42,28,mixed,mild,recovery,False,False,False,0.09048700976421384,0.0
42,29,none,none,stable,True,False,True,0.09295764840535509,0.3672598784632518
42,30,covariate,severe,recovery,True,True,False,0.24594369747980455,0.0
42,31,mixed,moderate,gradual,False,False,False,0.08618264361767161,0.0
42,32,mixed,severe,recovery,True,True,False,0.12627981563210944,0.0
42,33,concept,severe,sudden,False,False,False,0.0948139315058364,0.07033810822168052
42,34,mixed,mild,sudden,True,False,True,0.08168540705127297,0.2169703884325601
42,35,covariate,moderate,gradual,True,True,False,0.1605622375878934,0.0
42,36,concept,mild,sudden,False,False,False,0.04301853098979064,0.0
42,37,concept,moderate,recovery,True,False,True,0.09501181167271333,0.1791173225892394
42,38,covariate,mild,gradual,True,True,False,0.14779308060452198,0.0
42,39,none,none,stable,False,False,False,0.04214955789345572,0.09691966376506322
42,40,none,none,stable,False,False,False,0.04083996871562881,0.0
42,41,mixed,moderate,recovery,True,True,False,0.19159184201701487,0.0
42,42,concept,severe,gradual,True,False,True,0.09505108649469068,0.3619149281154307
42,43,none,none,stable,False,False,False,0.04239285006148443,0.0
42,44,mixed,severe,recovery,True,True,False,0.21583344214893388,0.0
42,45,concept,mild,gradual,True,False,True,0.0950401952174049,0.33690231631421574
42,46,concept,severe,recovery,False,False,False,0.0931737659339466,0.0
42,47,mixed,mild,recovery,False,False,False,0.03677677189306749,0.0741996625031166
42,48,mixed,severe,sudden,True,True,False,0.2542104117233873,0.0
42,49,concept,severe,gradual,False,False,False,0.0943383434968128,0.008949732822331247
42,50,mixed,severe,sudden,True,True,False,0.22340142201068358,0.0
42,51,none,none,stable,True,False,True,0.04365195673985817,0.1286677059919189
42,52,covariate,severe,sudden,True,True,False,0.3135191854690177,0.0
42,53,none,none,stable,True,False,True,0.09645439182481069,0.4423757388081275
42,54,covariate,moderate,gradual,True,True,False,0.21144301077576638,0.0
42,55,none,none,stable,False,False,False,0.04074855941431767,0.10954784120742578
42,56,covariate,severe,gradual,True,True,False,0.14802904811264725,0.0
42,57,covariate,mild,gradual,True,True,False,0.1451840309592939,0.0
42,58,none,none,stable,True,False,True,0.09258005547898521,0.437313701496191
42,59,concept,severe,gradual,False,False,False,0.04084910810769761,0.0
43,0,none,none,stable,True,False,True,0.04075680074057804,0.21032388663967605
43,1,mixed,moderate,recovery,True,True,False,0.19905339290658053,0.0
43,2,covariate,mild,recovery,True,False,True,0.08506462268248993,0.554781881738321
43,3,mixed,mild,gradual,False,False,False,0.09598184144025342,0.0
43,4,none,none,stable,False,False,False,0.041906782844658805,0.01983565657038433
43,5,concept,mild,gradual,True,False,True,0.09431364723108568,0.3619777533788251
43,6,mixed,mild,recovery,True,True,False,0.14171075152980322,0.0
43,7,covariate,moderate,gradual,False,False,False,0.08855072494432448,0.0
43,8,covariate,moderate,sudden,True,True,False,0.1569169356869245,0.0
43,9,mixed,moderate,gradual,True,True,False,0.20508686317706787,0.0
43,10,none,none,stable,True,False,True,0.09450510218711983,0.5136738491622812
43,11,mixed,severe,sudden,True,True,False,0.3034490885125964,0.0
43,12,none,none,stable,True,False,True,0.040897849054482724,0.12208767722804315
43,13,concept,mild,sudden,True,False,True,0.0964243665229896,0.20851040713322178
43,14,mixed,moderate,recovery,True,True,False,0.19419738175016887,0.0
43,15,none,none,stable,True,False,True,0.04222028465026671,0.18656816122386488
43,16,covariate,mild,sudden,False,False,False,0.06516478014381578,0.0
43,17,covariate,severe,gradual,True,True,False,0.2597645924707911,0.0
43,18,mixed,moderate,recovery,True,False,True,0.09101166098245905,0.21422286306843596
43,19,none,none,stable,False,False,False,0.04193715805912249,0.0
43,20,mixed,mild,sudden,True,True,False,0.1375472475931146,0.0
43,21,mixed,severe,gradual,True,True,False,0.1272650768819516,0.0023601891945224107
43,22,none,none,stable,False,False,False,0.09323878414027864,0.10554783947791857
43,23,concept,severe,sudden,False,False,False,0.04377096388951886,0.023545941508763657
43,24,concept,severe,recovery,False,False,False,0.04139379474594787,0.0
43,25,covariate,mild,sudden,True,True,False,0.1899352098221887,0.0017608130697004398
43,26,none,none,stable,True,False,True,0.09495696200915194,0.46037746378471645
43,27,none,none,stable,False,False,False,0.04141497287664708,0.0
43,28,concept,mild,recovery,False,False,False,0.04082248460764977,0.0
43,29,concept,severe,recovery,False,False,False,0.09592220753895582,0.11269889338384265
43,30,covariate,moderate,sudden,True,True,False,0.27336486822287537,0.0
43,31,covariate,severe,gradual,True,True,False,0.13459169561930698,0.0
43,32,mixed,moderate,sudden,True,True,False,0.15930635982956518,0.0
43,33,covariate,moderate,recovery,True,True,False,0.20457117076435447,0.01734917450866058
43,34,concept,severe,gradual,True,False,True,0.09352115278749118,0.3420079205876636
43,35,concept,mild,gradual,False,False,False,0.040884651401536284,0.0
43,36,concept,moderate,gradual,False,False,False,0.04169394077159832,0.0
43,37,covariate,moderate,sudden,True,True,False,0.13236716930716538,0.05810693545185297
43,38,covariate,moderate,recovery,True,True,False,0.19744307869593034,0.0
43,39,covariate,severe,recovery,True,True,False,0.13880761907021635,0.10462692944162111
43,40,concept,moderate,gradual,False,False,False,0.04075485943596129,0.0
43,41,concept,mild,sudden,False,False,False,0.09329229653528223,0.0
43,42,concept,mild,recovery,True,False,True,0.09494437855521781,0.3433771598772102
43,43,none,none,stable,False,False,False,0.04179831177223711,0.0
43,44,none,none,stable,False,False,False,0.040091616099794065,0.05091441145504927
43,45,concept,severe,sudden,False,False,False,0.09378582651349632,0.030520581758642695
43,46,none,none,stable,False,False,False,0.0960183583726665,0.0
43,47,none,none,stable,False,False,False,0.04203547094473847,0.0017673804384208402
43,48,covariate,severe,gradual,True,True,False,0.15187100912169077,0.0
43,49,covariate,severe,gradual,True,True,False,0.25708456790862233,0.0
43,50,mixed,moderate,gradual,False,False,False,0.08534931103562869,0.02799085065392659
43,51,covariate,severe,sudden,True,True,False,0.3108183607168845,0.0
43,52,mixed,mild,gradual,False,False,False,0.09388710646001233,0.010214931581635223
43,53,none,none,stable,True,False,True,0.09523425976140276,0.4575131424955597
43,54,mixed,mild,recovery,True,True,False,0.14127666243878512,0.0
43,55,none,none,stable,True,False,True,0.042530353801611874,0.1667763289502352
43,56,concept,severe,sudden,False,False,False,0.041972191360812414,0.0
43,57,concept,mild,recovery,False,False,False,0.0940070039795361,0.02764691242623807
43,58,mixed,moderate,recovery,False,False,False,0.0936659544283228,0.062482954421004266
43,59,mixed,severe,sudden,True,True,False,0.3118590982260715,0.0
44,0,none,none,stable,True,False,True,0.039847057333181814,0.17812499999999998
44,1,concept,moderate,sudden,False,False,False,0.09550614218049941,0.028264232673267387
44,2,concept,mild,sudden,True,False,True,0.0970295216951414,0.5649872018451845
44,3,mixed,mild,gradual,False,False,False,0.0969630008854455,0.0
44,4,none,none,stable,False,False,False,0.04253626180123562,0.0
44,5,none,none,stable,True,False,True,0.09596728575696013,0.26300932577079006
44,6,concept,moderate,sudden,False,False,False,0.09707359790905597,0.0
44,7,concept,moderate,recovery,False,False,False,0.0442336403512088,0.013904916562495706
44,8,covariate,mild,gradual,False,False,False,0.04043163084406926,0.0
44,9,mixed,severe,recovery,True,True,False,0.250792908288083,0.0
44,10,mixed,moderate,recovery,True,False,True,0.09002393225330951,0.21264240392416234
44,11,none,none,stable,False,False,False,0.04491272019749376,0.0
44,12,covariate,severe,gradual,True,True,False,0.20359220611810866,0.0
44,13,mixed,severe,sudden,True,True,False,0.22579149357800543,0.0
44,14,covariate,moderate,gradual,True,True,False,0.20039530918365972,0.08245466035932703
44,15,mixed,severe,gradual,True,True,False,0.13555207285283977,0.0
44,16,concept,severe,recovery,False,False,False,0.042105144234235024,0.03071581782194921
44,17,concept,mild,recovery,False,False,False,0.09519729924857007,0.11383627554576581
44,18,mixed,mild,gradual,True,False,True,0.08509598437840185,0.2043642670625876
44,19,covariate,mild,recovery,False,False,False,0.08855638020891866,0.0
44,20,covariate,severe,sudden,True,True,False,0.3098883838177109,0.0
44,21,mixed,severe,gradual,True,True,False,0.1294533425943264,0.0792810231586123
44,22,concept,moderate,gradual,False,False,False,0.09769663427273294,0.0
44,23,covariate,severe,sudden,True,True,False,0.24640481324878896,0.0
44,24,none,none,stable,False,False,False,0.041304602746582646,0.08883523240992175
44,25,covariate,moderate,gradual,True,True,False,0.20299336433114562,0.0
44,26,mixed,mild,gradual,True,False,True,0.0849676163006568,0.15982846581834986
44,27,mixed,moderate,recovery,True,True,False,0.13854791544092607,0.0
44,28,concept,severe,recovery,False,False,False,0.04181518761188807,0.07274009405611914
44,29,covariate,moderate,sudden,True,True,False,0.13039829995985697,0.09274135504493719
44,30,none,none,stable,False,False,False,0.09841776372390022,0.017307007110483497
44,31,covariate,severe,recovery,True,True,False,0.14152935571711525,0.08607538292245065
44,32,concept,mild,recovery,False,False,False,0.04297758997983861,0.0
44,33,covariate,mild,recovery,True,True,False,0.14437473174118387,0.06545143664394482
44,34,covariate,severe,gradual,False,False,False,0.10492663890723054,0.0
44,35,concept,mild,sudden,False,False,False,0.043120499340146216,0.0
44,36,none,none,stable,False,False,False,0.040569667754291674,0.11064105042126593
44,37,mixed,moderate,sudden,True,True,False,0.12921578989405225,0.0
44,38,concept,moderate,gradual,False,False,False,0.09359379365048648,0.023326263899677624
44,39,covariate,severe,sudden,True,True,False,0.24728771050373438,0.0
44,40,mixed,moderate,recovery,False,False,False,0.07634614883899214,0.0
44,41,covariate,mild,recovery,True,True,True,0.14737179074659934,0.17161806993658923
44,42,concept,mild,gradual,True,False,True,0.09463892171207844,0.35567788184276233
44,43,none,none,stable,False,False,False,0.04118906414937163,0.0
44,44,mixed,mild,sudden,True,True,False,0.13481787292579306,0.0
44,45,mixed,severe,recovery,False,False,False,0.09486996267671965,0.0
44,46,none,none,stable,True,False,True,0.09660846063005693,0.15641496140972733
44,47,none,none,stable,False,False,False,0.04325640003777136,0.020616444290297742
44,48,concept,severe,gradual,False,False,False,0.041793564156099965,0.0
44,49,mixed,mild,sudden,True,True,False,0.18920251438166352,0.0
44,50,none,none,stable,True,False,True,0.09747446693343316,0.6569347284511741
44,51,none,none,stable,False,False,False,0.04335878271966407,0.0
44,52,none,none,stable,False,False,False,0.042477733707864854,0.0
44,53,concept,moderate,sudden,True,False,True,0.0952595713192409,0.2792066895156564
44,54,mixed,severe,recovery,True,True,False,0.24268711261650427,0.0
44,55,covariate,moderate,sudden,True,True,False,0.1576055589974531,0.0
44,56,concept,mild,sudden,False,False,False,0.04340876331786973,0.0
44,57,covariate,moderate,gradual,True,True,False,0.2070074340665201,0.0
44,58,none,none,stable,True,False,True,0.09841532777881642,0.4146019229466879
44,59,none,none,stable,False,False,False,0.041627378569604606,0.0
45,0,none,none,stable,True,False,True,0.0434306763786118,0.18070866141732278
45,1,covariate,severe,sudden,True,True,False,0.3580470118991774,0.0
45,2,none,none,stable,True,False,True,0.09230663364282578,0.677592118641847
45,3,concept,mild,gradual,False,False,False,0.04037508643779258,0.0
45,4,concept,moderate,sudden,False,False,False,0.04244402024049676,0.0
45,5,none,none,stable,True,False,True,0.09712055653101456,0.3242439762101207
45,6,mixed,mild,sudden,True,True,False,0.18897119619647082,0.0
45,7,mixed,moderate,gradual,False,False,False,0.08592367729346168,0.0
45,8,covariate,severe,sudden,True,True,False,0.2446072567995342,0.0
45,9,covariate,moderate,recovery,True,True,False,0.20104781135826133,0.02474726013348061
45,10,none,none,stable,True,False,True,0.09515572651593741,0.4168712015043231
45,11,mixed,severe,gradual,True,True,False,0.21752597301234938,0.0
45,12,covariate,severe,sudden,True,True,False,0.3131994585551772,0.0
45,13,concept,moderate,sudden,True,False,True,0.09435885834393824,0.18347928807321168
45,14,concept,moderate,recovery,False,False,False,0.09392281119404716,0.0
45,15,mixed,mild,recovery,True,False,True,0.037134384361098144,0.12524318752894692
45,16,concept,severe,recovery,False,False,False,0.039471504461388064,0.0
45,17,concept,severe,recovery,False,False,False,0.09350904313498701,0.0
45,18,covariate,moderate,sudden,True,True,False,0.1316871383471034,0.05627700261879609
45,19,mixed,mild,recovery,False,False,False,0.09009801596533715,0.0
45,20,concept,mild,gradual,False,False,False,0.04130764161574157,0.08387533223820742
45,21,none,none,stable,True,False,True,0.09603499760635398,0.3479205721020097
45,22,covariate,mild,recovery,True,True,False,0.14435122556459648,0.0
45,23,concept,mild,gradual,False,False,False,0.04186229290879229,0.0
45,24,covariate,mild,sudden,False,False,False,0.06431629030434538,0.0
45,25,covariate,severe,gradual,True,True,False,0.24969740794791412,0.0
45,26,none,none,stable,True,False,True,0.09519478456437307,0.6599968660477994
45,27,covariate,severe,gradual,True,True,False,0.22451138375288981,0.0
45,28,none,none,stable,False,False,False,0.04129836379419599,0.0
45,29,mixed,severe,gradual,True,True,False,0.13075083463090006,0.0
45,30,covariate,severe,gradual,True,True,False,0.2641246692006892,0.0
45,31,none,none,stable,True,False,True,0.04289949714944307,0.1467452420562857
45,32,mixed,severe,recovery,True,True,False,0.12038339824033015,0.0
45,33,none,none,stable,True,False,True,0.09586502279678577,0.12565250128597538
45,34,mixed,moderate,gradual,False,False,False,0.08267512357333663,0.0
45,35,none,none,stable,False,False,False,0.03967996082721856,0.031077746116145555
45,36,covariate,mild,sudden,True,True,False,0.13357614030943263,0.007893678792827541
45,37,covariate,severe,gradual,True,True,False,0.12232827517085254,0.09147355564844428
45,38,covariate,severe,recovery,True,True,False,0.24046703547771928,0.0
45,39,mixed,moderate,recovery,True,False,True,0.07605884360099285,0.18301748679705798
45,40,mixed,moderate,gradual,False,False,False,0.08604830027929561,0.0
45,41,concept,moderate,sudden,False,False,False,0.09589469610663712,0.0
45,42,none,none,stable,True,False,True,0.09436038680722186,0.4702858165252824
45,43,mixed,moderate,gradual,True,True,False,0.15097925585340033,0.0
45,44,none,none,stable,False,False,False,0.04166470840529596,0.03043549641103338
45,45,concept,mild,recovery,False,False,False,0.09546235099144122,0.06922688821382572
45,46,concept,moderate,sudden,False,False,False,0.09494957084312432,0.0
45,47,mixed,mild,recovery,False,False,False,0.0413192164098716,0.1184874242193803
45,48,concept,severe,gradual,False,False,False,0.042368887446529474,0.0
45,49,mixed,mild,recovery,True,True,False,0.14147002678692067,0.0
45,50,concept,mild,sudden,True,False,True,0.09727022807627955,0.28020077202483784
45,51,concept,moderate,recovery,False,False,False,0.03943289874670312,0.0
45,52,none,none,stable,False,False,False,0.0423393655176446,0.09967916618356976
45,53,mixed,mild,recovery,False,False,False,0.08394937535114569,0.014284027536229371
45,54,covariate,severe,sudden,True,True,False,0.3535699661071386,0.0
45,55,mixed,moderate,gradual,False,False,False,0.08687547514854421,0.0
45,56,none,none,stable,True,False,True,0.04467494628781908,0.1498884969944605
45,57,concept,mild,sudden,False,False,False,0.09614522969127985,0.0047835217327298896
45,58,none,none,stable,True,False,True,0.09435488072404317,0.4855154505938283
45,59,covariate,moderate,sudden,True,True,False,0.22860309604727053,0.0
46,0,none,none,stable,True,False,True,0.041485052666704936,0.13358208955223883
46,1,concept,mild,gradual,False,False,False,0.09190536644617801,0.048769121198984244
46,2,concept,moderate,sudden,True,False,True,0.09364780778554935,0.2907392882414097
46,3,covariate,moderate,gradual,True,True,False,0.16299292117691544,0.0
46,4,covariate,mild,sudden,True,True,False,0.13175324131900157,0.0
46,5,covariate,moderate,gradual,True,False,True,0.09785407971190024,0.252701572387233
46,6,concept,mild,sudden,False,False,False,0.09197549126204758,0.0
46,7,mixed,moderate,recovery,False,False,False,0.07764763257872671,0.08897246015738536
46,8,mixed,mild,gradual,False,False,False,0.03967156461147248,0.0
46,9,concept,moderate,gradual,False,False,False,0.09461542974460888,0.0
46,10,mixed,mild,sudden,True,False,True,0.08421922682375811,0.2157089606774777
46,11,mixed,mild,sudden,True,True,False,0.13774685777017476,0.0
46,12,covariate,moderate,sudden,True,True,False,0.2285551124713398,0.0
46,13,covariate,moderate,sudden,True,True,True,0.12760855681915606,0.13978821123082996
46,14,concept,moderate,gradual,False,False,False,0.09630848980327555,0.0
46,15,none,none,stable,False,False,False,0.042371135973124925,0.08613978486342644
46,16,none,none,stable,False,False,False,0.03966862853480019,0.06159296431106742
46,17,none,none,stable,False,False,False,0.09515984599538815,0.0
46,18,mixed,moderate,recovery,False,False,False,0.09135571516871781,0.10934228990281725
46,19,none,none,stable,False,False,False,0.04264153115639209,0.0
46,20,concept,severe,sudden,False,False,False,0.041497396712480206,0.0
46,21,concept,severe,recovery,True,False,True,0.0937790471484246,0.2241903397408982
46,22,covariate,severe,gradual,True,True,False,0.26606403146639723,0.0
46,23,none,none,stable,True,False,True,0.0423534500482829,0.17112875363987656
46,24,mixed,severe,gradual,True,True,False,0.15468748600818352,0.0
46,25,concept,severe,recovery,False,False,False,0.09454583523608312,0.0012989497284798812
46,26,none,none,stable,True,False,True,0.09307038384002386,0.5515280755221874
46,27,covariate,moderate,recovery,True,True,False,0.14285876494302663,0.0
46,28,mixed,severe,recovery,True,True,False,0.2128670840555839,0.0
46,29,none,none,stable,True,False,True,0.0925515709846553,0.45658585916313765
46,30,covariate,moderate,recovery,True,True,False,0.1944889102155096,0.0
46,31,mixed,moderate,sudden,True,True,False,0.15867825773276284,0.0
46,32,covariate,severe,gradual,True,True,False,0.15047997509115696,0.02816513543087862
46,33,mixed,mild,recovery,True,True,False,0.1431657459963712,0.017290442809401285
46,34,none,none,stable,True,False,True,0.0958034961273788,0.5019281666686285
46,35,covariate,severe,sudden,True,True,False,0.30196942590528164,0.0
46,36,none,none,stable,False,False,False,0.041095569889923994,0.03813712851579232
46,37,none,none,stable,True,False,True,0.0922282606780407,0.22872373667168933
46,38,concept,severe,gradual,False,False,False,0.09619619634641241,0.0
46,39,covariate,severe,sudden,True,True,False,0.24935759940427263,0.0
46,40,concept,mild,sudden,False,False,False,0.0419866028223594,0.0
46,41,concept,mild,gradual,False,False,False,0.09467037039544152,0.05790761885133322
46,42,concept,severe,gradual,True,False,True,0.09372303017461141,0.1392068918396835
46,43,covariate,mild,sudden,True,True,False,0.13467398031676162,0.0
46,44,none,none,stable,True,False,True,0.04281558331039798,0.12282255855752056
46,45,concept,severe,sudden,False,False,False,0.09280725419841158,0.09821176589676517
46,46,concept,moderate,recovery,False,False,False,0.09396336490561395,0.0
46,47,mixed,moderate,recovery,False,False,False,0.0755850988473125,0.07359217198932544
46,48,none,none,stable,False,False,False,0.04102470313462089,0.0
46,49,mixed,severe,recovery,True,True,False,0.2527327480484038,0.0
46,50,mixed,moderate,gradual,False,False,False,0.08153831025050709,0.043767598226860605
46,51,mixed,mild,recovery,False,False,False,0.08971991589181996,0.0
46,52,covariate,mild,sudden,True,True,False,0.1355698719604444,0.0865069534125188
46,53,concept,severe,recovery,True,False,True,0.09634390897875995,0.3028182435456377
46,54,covariate,mild,gradual,True,True,False,0.14886329102476792,0.0
46,55,covariate,mild,recovery,False,False,False,0.038353413099467,0.05381326871502512
46,56,none,none,stable,False,False,False,0.04089268638208354,0.0033662749646323764
46,57,mixed,severe,recovery,True,True,False,0.2563056324828871,0.0
46,58,none,none,stable,True,False,True,0.09347888106580368,0.47957164512865685
46,59,mixed,mild,gradual,False,False,False,0.095833362018667,0.0
