seed,approach,window_id,drift_type,severity,pre_drift_f1,onset_f1,f1_plus_1,f1_plus_2,f1_plus_3,performance_drop,recovery_plus_1,recovery_plus_2,windows_to_90_pct,windows_to_95_pct
42,Frozen Model,3,covariate,mild,0.2823529411764706,0.7944664031620553,0.7846715328467153,0.5863874345549738,0.9847715736040609,0.0,-0.009794870315339987,-0.20807896860708153,0.0,0.0
42,Frozen Model,6,covariate,severe,0.5863874345549738,0.9847715736040609,0.8727272727272727,0.8897485493230174,0.9979959919839679,0.0,-0.11204430087678818,-0.09502302428104348,0.0,0.0
42,Frozen Model,9,mixed,severe,0.8897485493230174,0.9979959919839679,0.8475750577367206,0.9335394126738794,0.7505938242280285,0.0,-0.15042093424724734,-0.06445657931008852,0.0,0.0
42,Frozen Model,18,concept,severe,0.7076271186440678,0.13793103448275862,0.7349081364829396,0.4797687861271676,0.7403314917127072,0.5696960841613092,0.5969771020001811,0.341837751644409,1.0,1.0
42,Frozen Model,21,mixed,moderate,0.4797687861271676,0.7403314917127072,0.9244249726177437,0.4697986577181208,0.7521367521367521,0.0,0.18409348090503652,-0.2705328339945864,0.0,0.0
42,Frozen Model,24,mixed,mild,0.4697986577181208,0.7521367521367521,0.8045007032348804,0.3443708609271523,0.884090909090909,0.0,0.0523639510981283,-0.40776589120959983,0.0,0.0
42,Frozen Model,27,mixed,severe,0.3443708609271523,0.884090909090909,0.9361702127659575,0.7678958785249458,0.625,0.0,0.05207930367504843,-0.11619503056596325,0.0,0.0
42,Frozen Model,30,concept,severe,0.7678958785249458,0.625,0.28205128205128205,0.6846153846153846,0.5768321513002365,0.14289587852494579,-0.34294871794871795,0.059615384615384626,5.0,5.0
42,Frozen Model,33,concept,mild,0.6846153846153846,0.5768321513002365,0.2857142857142857,0.7942583732057417,0.746938775510204,0.10778323331514816,-0.29111786558595076,0.2174262219055052,2.0,2.0
42,Frozen Model,36,covariate,mild,0.7942583732057417,0.746938775510204,0.5727272727272728,0.8059701492537313,0.6278026905829597,0.04731959769553762,-0.1742115027829313,0.05903137374352729,0.0,2.0
42,Frozen Model,42,mixed,mild,0.688034188034188,0.2446043165467626,0.8912655971479501,0.6380368098159509,0.3,0.4434298714874254,0.6466612806011874,0.3934324932691883,1.0,1.0
42,Frozen Model,45,concept,moderate,0.6380368098159509,0.3,0.7034482758620689,0.5471698113207547,0.8592870544090057,0.3380368098159509,0.40344827586206894,0.24716981132075472,1.0,1.0
42,Frozen Model,48,covariate,moderate,0.5471698113207547,0.8592870544090057,0.9202733485193622,0.525,0.8620689655172413,0.0,0.0609862941103565,-0.33428705440900564,0.0,0.0
42,Frozen Model,51,covariate,moderate,0.525,0.8620689655172413,0.884180790960452,0.7322033898305085,0.6508313539192399,0.0,0.022111825443210664,-0.12986557568673285,0.0,0.0
42,Frozen Model,54,concept,moderate,0.7322033898305085,0.6508313539192399,0.3236994219653179,0.6857142857142857,0.6623655913978495,0.08137203591126863,-0.32713193195392193,0.03488293179504587,2.0,5.0
42,Continuously Retrained Ensemble,3,covariate,mild,0.26666666666666666,0.8108108108108109,0.8112874779541446,0.5863874345549738,0.9847715736040609,0.0,0.00047666714333371996,-0.22442337625583708,0.0,0.0
42,Continuously Retrained Ensemble,6,covariate,severe,0.5863874345549738,0.9847715736040609,0.892271662763466,0.8928571428571429,0.998998998998999,0.0,-0.09249991084059483,-0.09191443074691796,0.0,0.0
42,Continuously Retrained Ensemble,9,mixed,severe,0.8928571428571429,0.998998998998999,0.8422273781902552,0.9371069182389937,0.6056782334384858,0.0,-0.15677162080874385,-0.0618920807600053,0.0,0.0
42,Continuously Retrained Ensemble,18,concept,severe,0.6944444444444444,0.12121212121212122,0.7561643835616438,0.49110320284697506,0.8137931034482758,0.5732323232323232,0.6349522623495226,0.36989108163485385,1.0,1.0
42,Continuously Retrained Ensemble,21,mixed,moderate,0.49110320284697506,0.8137931034482758,0.9547844374342797,0.5853658536585366,0.7671232876712328,0.0,0.14099133398600383,-0.22842724978973927,0.0,0.0
42,Continuously Retrained Ensemble,24,mixed,mild,0.5853658536585366,0.7671232876712328,0.8342696629213483,0.3111111111111111,0.9600840336134454,0.0,0.06714637525011546,-0.4560121765601217,0.0,0.0
42,Continuously Retrained Ensemble,27,mixed,severe,0.3111111111111111,0.9600840336134454,1.0,0.8935361216730038,0.6684073107049608,0.0,0.03991596638655459,-0.06654791194044163,0.0,0.0
42,Continuously Retrained Ensemble,30,concept,severe,0.8935361216730038,0.6684073107049608,0.3137254901960784,0.6519823788546255,0.3968253968253968,0.22512881096804294,-0.3546818205088824,-0.016424931850335334,5.0,5.0
42,Continuously Retrained Ensemble,33,concept,mild,0.6519823788546255,0.3968253968253968,0.25,0.8029556650246306,0.7470355731225297,0.2551569820292287,-0.1468253968253968,0.40613026819923376,2.0,2.0
42,Continuously Retrained Ensemble,36,covariate,mild,0.8029556650246306,0.7470355731225297,0.5333333333333333,0.8066115702479338,0.6272727272727273,0.0559200919021009,-0.21370223978919634,0.05957599712540418,0.0,2.0
42,Continuously Retrained Ensemble,42,mixed,mild,0.693446088794926,0.27972027972027974,0.892416225749559,0.6387225548902196,0.2608695652173913,0.41372580907464623,0.6126959460292793,0.3590022751699398,1.0,1.0
42,Continuously Retrained Ensemble,45,concept,moderate,0.6387225548902196,0.2608695652173913,0.7524271844660194,0.5170068027210885,0.8561020036429873,0.37785298967282827,0.4915576192486281,0.25613723750369716,1.0,1.0
42,Continuously Retrained Ensemble,48,covariate,moderate,0.5170068027210885,0.8561020036429873,0.92,0.5217391304347826,0.8534621578099839,0.0,0.06389799635701277,-0.3343628732082047,0.0,0.0
42,Continuously Retrained Ensemble,51,covariate,moderate,0.5217391304347826,0.8534621578099839,0.8901408450704226,0.7087719298245614,0.684931506849315,0.0,0.03667868726043866,-0.14469022798542253,0.0,0.0
42,Continuously Retrained Ensemble,54,concept,moderate,0.7087719298245614,0.684931506849315,0.3619047619047619,0.6428571428571429,0.680952380952381,0.023840422975246356,-0.32302674494455313,-0.042074363992172126,0.0,0.0
42,Event-Driven Ensemble,3,covariate,mild,0.26666666666666666,0.8131021194605009,0.8014311270125224,0.5863874345549738,0.9847715736040609,0.0,-0.011670992447978534,-0.22671468490552715,0.0,0.0
42,Event-Driven Ensemble,6,covariate,severe,0.5863874345549738,0.9847715736040609,0.892271662763466,0.8928571428571429,0.998998998998999,0.0,-0.09249991084059483,-0.09191443074691796,0.0,0.0
42,Event-Driven Ensemble,9,mixed,severe,0.8928571428571429,0.998998998998999,0.8422273781902552,0.9371069182389937,0.6056782334384858,0.0,-0.15677162080874385,-0.0618920807600053,0.0,0.0
42,Event-Driven Ensemble,18,concept,severe,0.6905263157894737,0.16666666666666666,0.7561643835616438,0.4936708860759494,0.8137931034482758,0.523859649122807,0.5894977168949772,0.3270042194092827,1.0,1.0
42,Event-Driven Ensemble,21,mixed,moderate,0.4936708860759494,0.8137931034482758,0.9547844374342797,0.5853658536585366,0.7671232876712328,0.0,0.14099133398600383,-0.22842724978973927,0.0,0.0
42,Event-Driven Ensemble,24,mixed,mild,0.5853658536585366,0.7671232876712328,0.8270042194092827,0.28776978417266186,0.9600840336134454,0.0,0.05988093173804987,-0.479353503498571,0.0,0.0
42,Event-Driven Ensemble,27,mixed,severe,0.28776978417266186,0.9600840336134454,1.0,0.8935361216730038,0.6684073107049608,0.0,0.03991596638655459,-0.06654791194044163,0.0,0.0
42,Event-Driven Ensemble,30,concept,severe,0.8935361216730038,0.6684073107049608,0.3137254901960784,0.6519823788546255,0.33043478260869563,0.22512881096804294,-0.3546818205088824,-0.016424931850335334,5.0,5.0
42,Event-Driven Ensemble,33,concept,mild,0.6519823788546255,0.33043478260869563,0.25,0.7908163265306123,0.6666666666666666,0.3215475962459299,-0.08043478260869563,0.46038154392191666,2.0,2.0
42,Event-Driven Ensemble,36,covariate,mild,0.7908163265306123,0.6666666666666666,0.5358851674641149,0.8072487644151565,0.6272727272727273,0.12414965986394566,-0.13078149920255178,0.14058209774848984,2.0,2.0
42,Event-Driven Ensemble,42,mixed,mild,0.6822033898305084,0.2638888888888889,0.892416225749559,0.6387225548902196,0.2608695652173913,0.41831450094161954,0.6285273368606701,0.37483366600133067,1.0,1.0
42,Event-Driven Ensemble,45,concept,moderate,0.6387225548902196,0.2608695652173913,0.7524271844660194,0.5679012345679012,0.8535714285714285,0.37785298967282827,0.4915576192486281,0.3070316693505099,1.0,1.0
42,Event-Driven Ensemble,48,covariate,moderate,0.5679012345679012,0.8535714285714285,0.92,0.5217391304347826,0.8534621578099839,0.0,0.0664285714285715,-0.33183229813664594,0.0,0.0
42,Event-Driven Ensemble,51,covariate,moderate,0.5217391304347826,0.8534621578099839,0.8901408450704226,0.7087719298245614,0.684931506849315,0.0,0.03667868726043866,-0.14469022798542253,0.0,0.0
42,Event-Driven Ensemble,54,concept,moderate,0.7087719298245614,0.684931506849315,0.3787878787878788,0.6204081632653061,0.6206896551724138,0.023840422975246356,-0.30614362806143625,-0.06452334358400891,0.0,0.0
43,Frozen Model,3,covariate,moderate,0.36,0.8983516483516484,0.8927152317880794,0.7217125382262997,0.7900874635568513,0.0,-0.005636416563568947,-0.17663911012534872,0.0,0.0
43,Frozen Model,6,covariate,mild,0.7217125382262997,0.7900874635568513,0.7301587301587301,0.7807486631016043,0.7094474153297683,0.0,-0.059928733398121214,-0.009338800455247043,0.0,0.0
43,Frozen Model,12,concept,mild,0.7604395604395604,0.5183374083129584,0.4460431654676259,0.7060998151571165,0.6031746031746031,0.24210215212660202,-0.07229424284533248,0.18776240684415813,2.0,4.0
43,Frozen Model,18,mixed,moderate,0.7007042253521126,0.7060653188180405,0.894393741851369,0.7564625850340136,0.49673202614379086,0.0,0.18832842303332853,0.05039726621597318,0.0,0.0
43,Frozen Model,21,concept,severe,0.7564625850340136,0.49673202614379086,0.6285714285714286,0.5042735042735043,0.725609756097561,0.2597305588902228,0.1318394024276377,0.007541478129713397,3.0,3.0
43,Frozen Model,27,concept,severe,0.38461538461538464,0.7911111111111111,0.191044776119403,0.28776978417266186,1.0,0.0,-0.6000663349917081,-0.5033413269384492,0.0,0.0
43,Frozen Model,30,mixed,severe,0.28776978417266186,1.0,0.9494736842105264,0.9122807017543859,0.746705710102489,0.0,-0.05052631578947364,-0.08771929824561409,0.0,0.0
43,Frozen Model,33,mixed,mild,0.9122807017543859,0.746705710102489,0.5057471264367817,0.8507462686567164,0.6697674418604651,0.16557499165189693,-0.24095858366570733,0.10404055855422745,2.0,5.0
43,Frozen Model,39,covariate,severe,0.702803738317757,0.8930232558139535,0.8944723618090452,0.9004424778761062,0.29545454545454547,0.0,0.0014491059950917373,0.0074192220621527305,0.0,0.0
43,Frozen Model,42,concept,moderate,0.9004424778761062,0.29545454545454547,0.7567567567567568,0.5196078431372549,0.5736842105263158,0.6049879324215608,0.46130221130221133,0.22415329768270947,4.0,4.0
43,Frozen Model,45,covariate,moderate,0.5196078431372549,0.5736842105263158,0.9149888143176734,0.6621621621621622,0.6822742474916388,0.0,0.34130460379135763,0.08847795163584637,0.0,0.0
43,Frozen Model,48,concept,moderate,0.6621621621621622,0.6822742474916388,0.44635193133047213,0.4144144144144144,0.8173598553345389,0.0,-0.23592231616116666,-0.2678598330772244,0.0,0.0
43,Frozen Model,51,mixed,mild,0.4144144144144144,0.8173598553345389,0.7824675324675324,0.7272727272727273,0.9857723577235772,0.0,-0.0348923228670065,-0.09008712806181163,0.0,0.0
43,Frozen Model,54,mixed,severe,0.7272727272727273,0.9857723577235772,0.9417989417989417,0.9300699300699301,0.7710144927536232,0.0,-0.04397341592463544,-0.05570242765364708,0.0,0.0
43,Frozen Model,57,covariate,mild,0.9300699300699301,0.7710144927536232,0.525,0.8084291187739464,0.8084291187739464,0.1590554373163069,-0.2460144927536232,0.037414626020323194,5.0,5.0
43,Continuously Retrained Ensemble,3,covariate,moderate,0.38,0.8937329700272479,0.8871595330739299,0.7165109034267912,0.7697160883280757,0.0,-0.006573436953318024,-0.1772220666004567,0.0,0.0
43,Continuously Retrained Ensemble,6,covariate,mild,0.7165109034267912,0.7697160883280757,0.726775956284153,0.7734806629834254,0.7226277372262774,0.0,-0.04294013204392266,0.0037645746553497395,0.0,0.0
43,Continuously Retrained Ensemble,12,concept,mild,0.7604395604395604,0.515970515970516,0.42028985507246375,0.7091932457786116,0.6044444444444445,0.24446904446904438,-0.09568066089805227,0.19322272980809563,2.0,4.0
43,Continuously Retrained Ensemble,18,mixed,moderate,0.6984126984126984,0.7420814479638009,0.8976190476190476,0.8561320754716981,0.5628140703517588,0.0,0.15553759965524672,0.11405062750789718,0.0,0.0
43,Continuously Retrained Ensemble,21,concept,severe,0.8561320754716981,0.5628140703517588,0.7323943661971831,0.5793103448275863,0.7214076246334311,0.29331800511993933,0.16958029584542433,0.016496274475827466,5.0,5.0
43,Continuously Retrained Ensemble,27,concept,severe,0.367816091954023,0.7893569844789357,0.1951219512195122,0.4316546762589928,1.0,0.0,-0.5942350332594235,-0.35770230821994287,0.0,0.0
43,Continuously Retrained Ensemble,30,mixed,severe,0.4316546762589928,1.0,0.998998998998999,0.9222972972972973,0.7678571428571429,0.0,-0.0010010010010009784,-0.07770270270270274,0.0,0.0
43,Continuously Retrained Ensemble,33,mixed,mild,0.9222972972972973,0.7678571428571429,0.5627705627705628,0.8599221789883269,0.6766169154228856,0.15444015444015435,-0.2050865800865801,0.092065036131184,2.0,5.0
43,Continuously Retrained Ensemble,39,covariate,severe,0.7018867924528301,0.8972375690607735,0.8688524590163934,0.9090909090909091,0.3137254901960784,0.0,-0.028385110044380046,0.011853340030135606,0.0,0.0
43,Continuously Retrained Ensemble,42,concept,moderate,0.9090909090909091,0.3137254901960784,0.7980049875311721,0.5405405405405406,0.5859030837004405,0.5953654188948306,0.4842794973350937,0.22681505034446214,4.0,4.0
43,Continuously Retrained Ensemble,45,covariate,moderate,0.5405405405405406,0.5859030837004405,0.9116997792494481,0.6633906633906634,0.6546762589928058,0.0,0.3257966955490076,0.07748757969022291,0.0,0.0
43,Continuously Retrained Ensemble,48,concept,moderate,0.6633906633906634,0.6546762589928058,0.4608294930875576,0.3333333333333333,0.8327272727272728,0.008714404397857645,-0.1938467659052482,-0.3213429256594725,0.0,0.0
43,Continuously Retrained Ensemble,51,mixed,mild,0.3333333333333333,0.8327272727272728,0.7911111111111111,0.704119850187266,0.9857723577235772,0.0,-0.04161616161616166,-0.1286074225400068,0.0,0.0
43,Continuously Retrained Ensemble,54,mixed,severe,0.704119850187266,0.9857723577235772,1.0,0.9290540540540541,0.7667161961367014,0.0,0.014227642276422814,-0.05671830366952313,0.0,0.0
43,Continuously Retrained Ensemble,57,covariate,mild,0.9290540540540541,0.7667161961367014,0.5350877192982456,0.8207171314741036,0.8207171314741036,0.16233785791735267,-0.23162847683845578,0.054000935337402245,5.0,5.0
43,Event-Driven Ensemble,3,covariate,moderate,0.3673469387755102,0.8961748633879781,0.8871595330739299,0.7165109034267912,0.7697160883280757,0.0,-0.00901533031404822,-0.1796639599611869,0.0,0.0
43,Event-Driven Ensemble,6,covariate,mild,0.7165109034267912,0.7697160883280757,0.726775956284153,0.775623268698061,0.7307692307692307,0.0,-0.04294013204392266,0.0059071803699852765,0.0,0.0
43,Event-Driven Ensemble,12,concept,mild,0.7587719298245614,0.5219512195121951,0.43478260869565216,0.7014925373134329,0.6048387096774194,0.2368207103123663,-0.08716861081654298,0.17954131780123772,2.0,4.0
43,Event-Driven Ensemble,18,mixed,moderate,0.6935201401050788,0.7649635036496351,0.8976190476190476,0.8544152744630071,0.5628140703517588,0.0,0.1326555439694126,0.08945177081337208,0.0,0.0
43,Event-Driven Ensemble,21,concept,severe,0.8544152744630071,0.5628140703517588,0.7323943661971831,0.5988023952095808,0.7214076246334311,0.29160120411124835,0.16958029584542433,0.035988324857821996,5.0,5.0
43,Event-Driven Ensemble,27,concept,severe,0.3157894736842105,0.7893569844789357,0.1952662721893491,0.4316546762589928,1.0,0.0,-0.5940907122895865,-0.35770230821994287,0.0,0.0
43,Event-Driven Ensemble,30,mixed,severe,0.4316546762589928,1.0,0.998998998998999,0.9222972972972973,0.7678571428571429,0.0,-0.0010010010010009784,-0.07770270270270274,0.0,0.0
43,Event-Driven Ensemble,33,mixed,mild,0.9222972972972973,0.7678571428571429,0.5627705627705628,0.8599221789883269,0.6649874055415617,0.15444015444015435,-0.2050865800865801,0.092065036131184,2.0,5.0
43,Event-Driven Ensemble,39,covariate,severe,0.7018867924528301,0.8974641675854466,0.8688524590163934,0.9090909090909091,0.3137254901960784,0.0,-0.02861170856905315,0.011626741505462501,0.0,0.0
43,Event-Driven Ensemble,42,concept,moderate,0.9090909090909091,0.3137254901960784,0.7980049875311721,0.5309734513274337,0.5985037406483791,0.5953654188948306,0.4842794973350937,0.21724796113135525,4.0,4.0
43,Event-Driven Ensemble,45,covariate,moderate,0.5309734513274337,0.5985037406483791,0.9113355780022446,0.6633906633906634,0.6546762589928058,0.0,0.31283183735386555,0.06488692274228436,0.0,0.0
43,Event-Driven Ensemble,48,concept,moderate,0.6633906633906634,0.6546762589928058,0.46080760095011875,0.33766233766233766,0.8327272727272728,0.008714404397857645,-0.19386865804268705,-0.31701392133046813,0.0,0.0
43,Event-Driven Ensemble,51,mixed,mild,0.33766233766233766,0.8327272727272728,0.794392523364486,0.6901408450704225,0.9857723577235772,0.0,-0.0383347493627868,-0.14258642765685026,0.0,0.0
43,Event-Driven Ensemble,54,mixed,severe,0.6901408450704225,0.9857723577235772,1.0,0.9290540540540541,0.7667161961367014,0.0,0.014227642276422814,-0.05671830366952313,0.0,0.0
43,Event-Driven Ensemble,57,covariate,mild,0.9290540540540541,0.7667161961367014,0.5350877192982456,0.8207171314741036,0.8207171314741036,0.16233785791735267,-0.23162847683845578,0.054000935337402245,5.0,5.0
44,Frozen Model,3,concept,moderate,0.35294117647058826,0.7714987714987716,0.2987012987012987,0.28865979381443296,0.8387096774193549,0.0,-0.47279747279747286,-0.4828389776843386,0.0,0.0
44,Frozen Model,6,mixed,mild,0.28865979381443296,0.8387096774193549,0.6684636118598383,0.8489583333333334,0.4181360201511335,0.0,-0.1702460655595166,0.0102486559139785,0.0,0.0
44,Frozen Model,9,concept,severe,0.8489583333333334,0.4181360201511335,0.11428571428571428,0.7677261613691931,0.2524271844660194,0.4308223131821999,-0.3038503058654192,0.34959014121805965,2.0,5.0
44,Frozen Model,12,concept,severe,0.7677261613691931,0.2524271844660194,0.21621621621621623,0.7381974248927039,0.6962025316455697,0.5152989769031737,-0.03621096824980319,0.4857702404266845,2.0,2.0
44,Frozen Model,15,mixed,mild,0.7381974248927039,0.6962025316455697,0.8287841191066998,0.759170653907496,0.6696629213483146,0.041994893247134235,0.13258158746113013,0.06296812226192638,0.0,1.0
44,Frozen Model,18,covariate,moderate,0.759170653907496,0.6696629213483146,0.8853410740203193,0.8188976377952756,0.3783783783783784,0.08950773255918143,0.21567815267200463,0.14923471644696096,1.0,1.0
44,Frozen Model,24,mixed,severe,0.6545454545454545,0.8112244897959183,1.0,0.6063829787234043,0.888,0.0,0.18877551020408168,-0.20484151107251403,0.0,0.0
44,Frozen Model,27,mixed,moderate,0.6063829787234043,0.888,0.8673835125448028,0.7627118644067796,0.8414481897627965,0.0,-0.020616487455197174,-0.12528813559322038,0.0,0.0
44,Frozen Model,30,covariate,moderate,0.7627118644067796,0.8414481897627965,0.8090737240075614,0.8888888888888888,1.0,0.0,-0.03237446575523506,0.04744069912609239,0.0,0.0
44,Frozen Model,33,mixed,severe,0.8888888888888888,1.0,0.877665544332211,0.9202453987730062,0.5125348189415042,0.0,-0.122334455667789,-0.07975460122699385,0.0,0.0
44,Frozen Model,36,concept,mild,0.9202453987730062,0.5125348189415042,0.4339622641509434,0.6887966804979253,0.6621160409556314,0.40771057983150194,-0.0785725547905608,0.1762618615564211,5.0,5.0
44,Frozen Model,39,covariate,mild,0.6887966804979253,0.6621160409556314,0.806930693069307,0.74,0.26506024096385544,0.026680639542293938,0.1448146521136756,0.07788395904436862,0.0,0.0
44,Frozen Model,45,covariate,severe,0.6530612244897959,0.8490566037735849,0.9732510288065843,0.7357859531772575,0.7683284457478006,0.0,0.12419442503299938,-0.11327065059632746,0.0,0.0
44,Frozen Model,48,covariate,mild,0.7357859531772575,0.7683284457478006,0.8016997167138811,0.2786885245901639,0.7684964200477327,0.0,0.0333712709660805,-0.48963992115763666,0.0,0.0
44,Frozen Model,54,concept,moderate,0.4166666666666667,0.6785714285714286,0.25806451612903225,0.6571428571428571,0.6960167714884696,0.0,-0.42050691244239635,-0.021428571428571463,0.0,0.0
44,Continuously Retrained Ensemble,3,concept,moderate,0.32967032967032966,0.7621359223300971,0.3142857142857143,0.2702702702702703,0.8359240069084629,0.0,-0.4478502080443828,-0.4918656520598268,0.0,0.0
44,Continuously Retrained Ensemble,6,mixed,mild,0.2702702702702703,0.8359240069084629,0.6666666666666666,0.8423772609819121,0.45263157894736844,0.0,-0.16925734024179628,0.0064532540734492105,0.0,0.0
44,Continuously Retrained Ensemble,9,concept,severe,0.8423772609819121,0.45263157894736844,0.13333333333333333,0.7977839335180056,0.23423423423423423,0.3897456820345437,-0.3192982456140351,0.34515235457063714,2.0,5.0
44,Continuously Retrained Ensemble,12,concept,severe,0.7977839335180056,0.23423423423423423,0.36,0.7252747252747253,0.6536964980544747,0.5635496992837714,0.12576576576576576,0.491040491040491,2.0,4.0
44,Continuously Retrained Ensemble,15,mixed,mild,0.7252747252747253,0.6536964980544747,0.8523809523809524,0.7641509433962265,0.7080745341614907,0.07157822722025053,0.19868445432647763,0.11045444534175175,0.0,1.0
44,Continuously Retrained Ensemble,18,covariate,moderate,0.7641509433962265,0.7080745341614907,0.8866279069767442,0.8176100628930818,0.2391304347826087,0.05607640923473578,0.17855337281525352,0.10953552873159111,0.0,1.0
44,Continuously Retrained Ensemble,24,mixed,severe,0.6407766990291263,0.8112244897959183,1.0,0.8030075187969925,0.906801007556675,0.0,0.18877551020408168,-0.008216970998925821,0.0,0.0
44,Continuously Retrained Ensemble,27,mixed,moderate,0.8030075187969925,0.906801007556675,0.959830866807611,0.8344988344988346,0.8374851720047449,0.0,0.05302985925093595,-0.07230217305784048,0.0,0.0
44,Continuously Retrained Ensemble,30,covariate,moderate,0.8344988344988346,0.8374851720047449,0.7853736089030207,0.8893805309734514,1.0,0.0,-0.05211156310172427,0.05189535896870645,0.0,0.0
44,Continuously Retrained Ensemble,33,mixed,severe,0.8893805309734514,1.0,0.8649262202043133,0.9266770670826833,0.3225806451612903,0.0,-0.1350737797956867,-0.07332293291731673,0.0,0.0
44,Continuously Retrained Ensemble,36,concept,mild,0.9266770670826833,0.3225806451612903,0.14285714285714285,0.6731707317073171,0.5641025641025641,0.6040964219213929,-0.17972350230414746,0.3505900865460268,5.0,5.0
44,Continuously Retrained Ensemble,39,covariate,mild,0.6731707317073171,0.5641025641025641,0.8108108108108109,0.7302631578947368,0.25316455696202533,0.10906816760475302,0.24670824670824676,0.16616059379217274,1.0,1.0
44,Continuously Retrained Ensemble,45,covariate,severe,0.6547314578005116,0.8478260869565217,0.9732510288065843,0.7251264755480608,0.7730061349693251,0.0,0.1254249418500626,-0.12269961140846097,0.0,0.0
44,Continuously Retrained Ensemble,48,covariate,mild,0.7251264755480608,0.7730061349693251,0.7921092564491654,0.1941747572815534,0.7851851851851852,0.0,0.01910312147984028,-0.5788313776877717,0.0,0.0
44,Continuously Retrained Ensemble,54,concept,moderate,0.35714285714285715,0.6539278131634819,0.288,0.6642066420664207,0.4952978056426332,0.0,-0.36592781316348194,0.010278828902938741,0.0,0.0
44,Event-Driven Ensemble,3,concept,moderate,0.3541666666666667,0.7639902676399026,0.2978723404255319,0.2631578947368421,0.839041095890411,0.0,-0.46611792721437073,-0.5008323729030606,0.0,0.0
44,Event-Driven Ensemble,6,mixed,mild,0.2631578947368421,0.839041095890411,0.6415094339622641,0.8423772609819121,0.4588235294117647,0.0,-0.19753166192814686,0.003336165091501142,0.0,0.0
44,Event-Driven Ensemble,9,concept,severe,0.8423772609819121,0.4588235294117647,0.13333333333333333,0.7977839335180056,0.27350427350427353,0.38355373157014744,-0.3254901960784313,0.3389604041062409,2.0,5.0
44,Event-Driven Ensemble,12,concept,severe,0.7977839335180056,0.27350427350427353,0.33663366336633666,0.73224043715847,0.6473029045643154,0.524279660013732,0.06312938986206312,0.45873616365419645,2.0,4.0
44,Event-Driven Ensemble,15,mixed,mild,0.73224043715847,0.6473029045643154,0.8531468531468531,0.7067137809187279,0.7080745341614907,0.0849375325941546,0.20584394858253774,0.059410876354412556,1.0,1.0
44,Event-Driven Ensemble,18,covariate,moderate,0.7067137809187279,0.7080745341614907,0.8866279069767442,0.8176100628930818,0.2391304347826087,0.0,0.17855337281525352,0.10953552873159111,0.0,0.0
44,Event-Driven Ensemble,24,mixed,severe,0.6274509803921569,0.8081841432225064,1.0,0.8030075187969925,0.906801007556675,0.0,0.19181585677749358,-0.0051766244255139204,0.0,0.0
44,Event-Driven Ensemble,27,mixed,moderate,0.8030075187969925,0.906801007556675,0.959830866807611,0.8344988344988346,0.8374851720047449,0.0,0.05302985925093595,-0.07230217305784048,0.0,0.0
44,Event-Driven Ensemble,30,covariate,moderate,0.8344988344988346,0.8374851720047449,0.7853736089030207,0.8893805309734514,1.0,0.0,-0.05211156310172427,0.05189535896870645,0.0,0.0
44,Event-Driven Ensemble,33,mixed,severe,0.8893805309734514,1.0,0.8649262202043133,0.9266770670826833,0.3225806451612903,0.0,-0.1350737797956867,-0.07332293291731673,0.0,0.0
44,Event-Driven Ensemble,36,concept,mild,0.9266770670826833,0.3225806451612903,0.14285714285714285,0.6731707317073171,0.5589519650655022,0.6040964219213929,-0.17972350230414746,0.3505900865460268,5.0,5.0
44,Event-Driven Ensemble,39,covariate,mild,0.6731707317073171,0.5589519650655022,0.8108108108108109,0.727580372250423,0.2682926829268293,0.11421876664181496,0.2518588457453087,0.1686284071849209,1.0,1.0
44,Event-Driven Ensemble,45,covariate,severe,0.654911838790932,0.8478260869565217,0.9732510288065843,0.7251264755480608,0.7730061349693251,0.0,0.1254249418500626,-0.12269961140846097,0.0,0.0
44,Event-Driven Ensemble,48,covariate,mild,0.7251264755480608,0.7730061349693251,0.7859327217125383,0.19801980198019803,0.7851851851851852,0.0,0.01292658674321312,-0.5749863329891272,0.0,0.0
44,Event-Driven Ensemble,54,concept,moderate,0.28205128205128205,0.6539278131634819,0.25675675675675674,0.6642066420664207,0.6510416666666666,0.0,-0.3971710564067252,0.010278828902938741,0.0,0.0
45,Frozen Model,3,mixed,severe,0.37254901960784315,0.9603340292275574,0.96900826446281,0.8323232323232324,0.7925696594427245,0.0,0.00867423523525257,-0.12801079690432504,0.0,0.0
45,Frozen Model,6,covariate,mild,0.8323232323232324,0.7925696594427245,0.7563451776649747,0.8210526315789474,0.9673202614379085,0.03975357288050785,-0.03622448177774984,0.02848297213622286,0.0,0.0
45,Frozen Model,9,mixed,severe,0.8210526315789474,0.9673202614379085,0.9235737351991389,0.9221556886227545,0.9588744588744589,0.0,-0.04374652623876962,-0.04516457281515396,0.0,0.0
45,Frozen Model,12,covariate,severe,0.9221556886227545,0.9588744588744589,0.8727735368956743,0.8994974874371859,0.7939262472885033,0.0,-0.0861009219787846,-0.05937697143727294,0.0,0.0
45,Frozen Model,15,covariate,moderate,0.8994974874371859,0.7939262472885033,0.8561020036429873,0.8308457711442786,0.34285714285714286,0.10557124014868269,0.062175756354484024,0.03691952385577535,1.0,1.0
45,Frozen Model,21,concept,mild,0.6946902654867256,0.4838709677419355,0.700587084148728,0.5546218487394958,0.6598639455782312,0.21081929774479014,0.21671611640679245,0.07075088099756033,1.0,1.0
45,Frozen Model,24,concept,moderate,0.5546218487394958,0.6598639455782312,0.4288840262582057,0.2857142857142857,0.7272727272727273,0.0,-0.23097991932002554,-0.37414965986394555,0.0,0.0
45,Frozen Model,27,concept,moderate,0.2857142857142857,0.7272727272727273,0.3878116343490305,0.45255474452554745,0.8030075187969925,0.0,-0.3394610929236968,-0.27471798274717985,0.0,0.0
45,Frozen Model,30,covariate,mild,0.45255474452554745,0.8030075187969925,0.7243243243243244,0.7828418230563002,0.9665271966527197,0.0,-0.07868319447266814,-0.02016569574069227,0.0,0.0
45,Frozen Model,33,mixed,moderate,0.7828418230563002,0.9665271966527197,0.6930379746835443,0.9207920792079208,0.3460410557184751,0.0,-0.27348922196917536,-0.045735117444798856,0.0,0.0
45,Frozen Model,36,concept,severe,0.9207920792079208,0.3460410557184751,0.3582089552238806,0.5943600867678959,0.6302521008403361,0.5747510234894457,0.012167899505405477,0.24831903104942077,5.0,5.0
45,Frozen Model,42,concept,severe,0.6704761904761904,0.21052631578947367,0.7246376811594203,0.42021276595744683,0.8030592734225621,0.4599498746867168,0.5141113653699466,0.20968645016797316,1.0,1.0
45,Frozen Model,45,covariate,moderate,0.42021276595744683,0.8030592734225621,0.8967082860385925,0.66,0.6968641114982579,0.0,0.09364901261603042,-0.14305927342256208,0.0,0.0
45,Frozen Model,54,mixed,mild,0.45588235294117646,0.8253477588871716,0.6212534059945504,0.8412698412698413,0.7558823529411764,0.0,-0.20409435289262123,0.015922082382669678,0.0,0.0
45,Frozen Model,57,mixed,mild,0.8412698412698413,0.7558823529411764,0.5173745173745173,0.8619402985074627,0.8619402985074627,0.08538748832866483,-0.2385078355666591,0.10605794556628623,2.0,2.0
45,Continuously Retrained Ensemble,3,mixed,severe,0.39603960396039606,0.9515789473684211,0.998998998998999,0.8671586715867159,0.7928802588996764,0.0,0.04742005163057794,-0.08442027578170519,0.0,0.0
45,Continuously Retrained Ensemble,6,covariate,mild,0.8671586715867159,0.7928802588996764,0.7106017191977078,0.8260869565217391,0.9700214132762313,0.0742784126870395,-0.08227853970196863,0.03320669762206274,0.0,2.0
45,Continuously Retrained Ensemble,9,mixed,severe,0.8260869565217391,0.9700214132762313,0.98989898989899,0.9205882352941176,0.9473684210526315,0.0,0.019877576622758686,-0.04943317798211366,0.0,0.0
45,Continuously Retrained Ensemble,12,covariate,severe,0.9205882352941176,0.9473684210526315,0.8432055749128919,0.9095744680851063,0.8019559902200489,0.0,-0.10416284613973958,-0.03779395296752519,0.0,0.0
45,Continuously Retrained Ensemble,15,covariate,moderate,0.9095744680851063,0.8019559902200489,0.8538899430740038,0.8281461434370772,0.2716049382716049,0.1076184778650574,0.05193395285395486,0.026190153217028223,1.0,5.0
45,Continuously Retrained Ensemble,21,concept,mild,0.6851851851851852,0.46551724137931033,0.6908396946564885,0.5779816513761468,0.6712328767123288,0.2196679438058749,0.2253224532771782,0.11246440999683643,1.0,1.0
45,Continuously Retrained Ensemble,24,concept,moderate,0.5779816513761468,0.6712328767123288,0.4647887323943662,0.30985915492957744,0.7398568019093079,0.0,-0.2064441443179626,-0.36137372178275134,0.0,0.0
45,Continuously Retrained Ensemble,27,concept,moderate,0.30985915492957744,0.7398568019093079,0.5076923076923077,0.46153846153846156,0.7737704918032787,0.0,-0.23216449421700025,-0.27831834037084635,0.0,0.0
45,Continuously Retrained Ensemble,30,covariate,mild,0.46153846153846156,0.7737704918032787,0.7323943661971831,0.7870619946091644,0.9621052631578947,0.0,-0.041376125606095604,0.013291502805885647,0.0,0.0
45,Continuously Retrained Ensemble,33,mixed,moderate,0.7870619946091644,0.9621052631578947,0.7607726597325408,0.9251247920133111,0.3581081081081081,0.0,-0.20133260342535386,-0.03698047114458358,0.0,0.0
45,Continuously Retrained Ensemble,36,concept,severe,0.9251247920133111,0.3581081081081081,0.4793388429752066,0.6898395721925134,0.46616541353383456,0.567016683905203,0.12123073486709851,0.33173146408440524,5.0,5.0
45,Continuously Retrained Ensemble,42,concept,severe,0.6990291262135923,0.21176470588235294,0.7371007371007371,0.4398826979472141,0.7563884156729132,0.4872644203312393,0.5253360312183841,0.22811799206486114,1.0,1.0
45,Continuously Retrained Ensemble,45,covariate,moderate,0.4398826979472141,0.7563884156729132,0.8898876404494382,0.6451612903225806,0.7126436781609196,0.0,0.1334992247765251,-0.11122712535033252,0.0,0.0
45,Continuously Retrained Ensemble,54,mixed,mild,0.46511627906976744,0.826625386996904,0.6079545454545454,0.8421052631578947,0.7738095238095238,0.0,-0.2186708415423586,0.015479876160990669,0.0,0.0
45,Continuously Retrained Ensemble,57,mixed,mild,0.8421052631578947,0.7738095238095238,0.5772357723577236,0.8725868725868726,0.8725868725868726,0.06829573934837085,-0.19657375145180023,0.09877734877734878,0.0,2.0
45,Event-Driven Ensemble,3,mixed,severe,0.3469387755102041,0.9515789473684211,0.998998998998999,0.8671586715867159,0.7928802588996764,0.0,0.04742005163057794,-0.08442027578170519,0.0,0.0
45,Event-Driven Ensemble,6,covariate,mild,0.8671586715867159,0.7928802588996764,0.7106017191977078,0.8206521739130435,0.9670563230605739,0.0742784126870395,-0.08227853970196863,0.027771915013367066,0.0,3.0
45,Event-Driven Ensemble,9,mixed,severe,0.8206521739130435,0.9670563230605739,0.98989898989899,0.9205882352941176,0.9473684210526315,0.0,0.02284266683841607,-0.04646808776645628,0.0,0.0
45,Event-Driven Ensemble,12,covariate,severe,0.9205882352941176,0.9473684210526315,0.8432055749128919,0.9095744680851063,0.8019559902200489,0.0,-0.10416284613973958,-0.03779395296752519,0.0,0.0
45,Event-Driven Ensemble,15,covariate,moderate,0.9095744680851063,0.8019559902200489,0.8538899430740038,0.8281461434370772,0.2716049382716049,0.1076184778650574,0.05193395285395486,0.026190153217028223,1.0,5.0
45,Event-Driven Ensemble,21,concept,mild,0.6854460093896714,0.47863247863247865,0.6830188679245283,0.559322033898305,0.6689419795221843,0.20681353075719272,0.2043863892920496,0.08068955526582638,1.0,1.0
45,Event-Driven Ensemble,24,concept,moderate,0.559322033898305,0.6689419795221843,0.448512585812357,0.30985915492957744,0.7398568019093079,0.0,-0.22042939370982728,-0.3590828245926068,0.0,0.0
45,Event-Driven Ensemble,27,concept,moderate,0.30985915492957744,0.7398568019093079,0.46366782006920415,0.46153846153846156,0.7671691792294807,0.0,-0.27618898184010376,-0.27831834037084635,0.0,0.0
45,Event-Driven Ensemble,30,covariate,mild,0.46153846153846156,0.7671691792294807,0.7323943661971831,0.7789473684210526,0.9711340206185567,0.0,-0.03477481303229757,0.01177818919157192,0.0,0.0
45,Event-Driven Ensemble,33,mixed,moderate,0.7789473684210526,0.9711340206185567,0.7158555729984302,0.9251247920133111,0.3581081081081081,0.0,-0.2552784476201265,-0.04600922860524559,0.0,0.0
45,Event-Driven Ensemble,36,concept,severe,0.9251247920133111,0.3581081081081081,0.4793388429752066,0.6972972972972973,0.5454545454545454,0.567016683905203,0.12123073486709851,0.33918918918918917,5.0,5.0
45,Event-Driven Ensemble,42,concept,severe,0.7063655030800822,0.23376623376623376,0.75,0.43820224719101125,0.7563884156729132,0.47259926931384844,0.5162337662337663,0.2044360134247775,1.0,1.0
45,Event-Driven Ensemble,45,covariate,moderate,0.43820224719101125,0.7563884156729132,0.8898876404494382,0.6451612903225806,0.7126436781609196,0.0,0.1334992247765251,-0.11122712535033252,0.0,0.0
45,Event-Driven Ensemble,54,mixed,mild,0.46511627906976744,0.826625386996904,0.6079545454545454,0.8421052631578947,0.7662721893491125,0.0,-0.2186708415423586,0.015479876160990669,0.0,0.0
45,Event-Driven Ensemble,57,mixed,mild,0.8421052631578947,0.7662721893491125,0.5772357723577236,0.8725868725868726,0.8725868725868726,0.07583307380878224,-0.18903641699138884,0.10631468323776017,0.0,2.0
46,Frozen Model,3,covariate,severe,0.38181818181818183,0.9283276450511946,0.9454949944382648,0.8085106382978723,0.6952965235173824,0.0,0.017167349387070208,-0.1198170067533223,0.0,0.0
46,Frozen Model,6,concept,moderate,0.8085106382978723,0.6952965235173824,0.36363636363636365,0.696551724137931,0.6828358208955224,0.11321411478048993,-0.3316601598810187,0.0012552006205486244,5.0,5.0
46,Frozen Model,12,concept,mild,0.7799564270152506,0.5202020202020202,0.3050847457627119,0.6746506986027944,0.6980392156862745,0.25975440681323037,-0.21511727443930834,0.15444867840077414,4.0,5.0
46,Frozen Model,18,concept,severe,0.7296296296296296,0.2,0.7759815242494227,0.49868766404199477,0.3779527559055118,0.5296296296296297,0.5759815242494226,0.29868766404199476,1.0,1.0
46,Frozen Model,24,covariate,moderate,0.6539923954372624,0.7983367983367984,0.9162011173184358,0.6158940397350994,0.9011857707509882,0.0,0.1178643189816374,-0.182442758601699,0.0,0.0
46,Frozen Model,27,mixed,moderate,0.6158940397350994,0.9011857707509882,0.8721624850657109,0.7913279132791328,0.701195219123506,0.0,-0.029023285685277234,-0.10985785747185539,0.0,0.0
46,Frozen Model,30,concept,moderate,0.7913279132791328,0.701195219123506,0.38974358974358975,0.7296416938110749,0.6492985971943888,0.09013269415562675,-0.3114516293799163,0.02844647468756889,2.0,5.0
46,Frozen Model,36,mixed,severe,0.7939262472885033,0.9224904701397713,0.9014396456256921,0.9223057644110275,0.8014571948998178,0.0,-0.021050824514079136,-0.00018470572874373925,0.0,0.0
46,Frozen Model,39,covariate,moderate,0.9223057644110275,0.8014571948998178,0.8586956521739131,0.8267326732673267,0.5113636363636364,0.1208485695112097,0.05723845727409527,0.025275478367508875,1.0,5.0
46,Frozen Model,42,covariate,mild,0.8267326732673267,0.5113636363636364,0.8581196581196581,0.7063492063492064,0.5209302325581395,0.31536903690369034,0.3467560217560217,0.19498556998557004,1.0,1.0
46,Frozen Model,45,mixed,mild,0.7063492063492064,0.5209302325581395,0.8519553072625698,0.6030769230769231,0.8711340206185567,0.18541897379106687,0.3310250747044303,0.08214669051878354,1.0,1.0
46,Frozen Model,48,mixed,mild,0.6030769230769231,0.8711340206185567,0.8196286472148541,0.3878787878787879,0.9449152542372882,0.0,-0.05150537340370265,-0.48325523273976884,0.0,0.0
46,Frozen Model,51,mixed,severe,0.3878787878787879,0.9449152542372882,0.9484752891692955,0.8385744234800838,0.6624737945492662,0.0,0.0035600349320072944,-0.10634083075720435,0.0,0.0
46,Frozen Model,54,concept,severe,0.8385744234800838,0.6624737945492662,0.24875621890547264,0.6761565836298933,0.7831325301204819,0.17610062893081757,-0.41371757564379363,0.013682789080627034,3.0,5.0
46,Frozen Model,57,covariate,mild,0.6761565836298933,0.7831325301204819,0.543859649122807,0.868421052631579,0.868421052631579,0.0,-0.23927288099767485,0.08528852251109709,0.0,0.0
46,Continuously Retrained Ensemble,3,covariate,severe,0.3925233644859813,0.9324324324324325,0.946031746031746,0.8029197080291971,0.7429906542056075,0.0,0.013599313599313545,-0.12951272440323536,0.0,0.0
46,Continuously Retrained Ensemble,6,concept,moderate,0.8029197080291971,0.7429906542056075,0.46616541353383456,0.6588235294117647,0.5943396226415094,0.059929053823589595,-0.27682524067177294,-0.0841671247938428,0.0,5.0
46,Continuously Retrained Ensemble,12,concept,mild,0.7775377969762419,0.5405405405405406,0.32,0.6974789915966386,0.6442307692307693,0.23699725643570135,-0.22054054054054056,0.15693845105609805,4.0,5.0
46,Continuously Retrained Ensemble,18,concept,severe,0.717391304347826,0.20618556701030927,0.780373831775701,0.5092838196286472,0.3305785123966942,0.5112057373375167,0.5741882647653918,0.30309825261833795,1.0,1.0
46,Continuously Retrained Ensemble,24,covariate,moderate,0.6419753086419753,0.802547770700637,0.9133333333333333,0.5972222222222222,0.8990825688073395,0.0,0.11078556263269634,-0.20532554847841478,0.0,0.0
46,Continuously Retrained Ensemble,27,mixed,moderate,0.5972222222222222,0.8990825688073395,0.8653846153846154,0.8592592592592593,0.7142857142857143,0.0,-0.03369795342272408,-0.03982330954808022,0.0,0.0
46,Continuously Retrained Ensemble,30,concept,moderate,0.8592592592592593,0.7142857142857143,0.5109489051094891,0.7597402597402597,0.6367521367521367,0.14497354497354498,-0.2033368091762252,0.045454545454545414,5.0,5.0
46,Continuously Retrained Ensemble,36,mixed,severe,0.7956521739130434,0.9389788293897883,0.9929506545820745,0.9117647058823529,0.7253044654939107,0.0,0.05397182519228627,-0.02721412350743535,0.0,0.0
46,Continuously Retrained Ensemble,39,covariate,moderate,0.9117647058823529,0.7253044654939107,0.8592321755027422,0.8368421052631579,0.2542372881355932,0.18646024038844222,0.13392771000883152,0.11153763976924724,1.0,5.0
46,Continuously Retrained Ensemble,42,covariate,mild,0.8368421052631579,0.2542372881355932,0.8516579406631762,0.708,0.504950495049505,0.5826048171275647,0.597420652527583,0.45376271186440675,1.0,1.0
46,Continuously Retrained Ensemble,45,mixed,mild,0.708,0.504950495049505,0.8551336146272855,0.5802047781569966,0.8756476683937824,0.203049504950495,0.3501831195777806,0.0752542831074916,1.0,1.0
46,Continuously Retrained Ensemble,48,mixed,mild,0.5802047781569966,0.8756476683937824,0.8255208333333334,0.4539877300613497,0.9989969909729187,0.0,-0.050126835060449015,-0.4216599383324327,0.0,0.0
46,Continuously Retrained Ensemble,51,mixed,severe,0.4539877300613497,0.9989969909729187,1.0,0.8798521256931608,0.7058823529411765,0.0,0.0010030090270812808,-0.11914486527975787,0.0,0.0
46,Continuously Retrained Ensemble,54,concept,severe,0.8798521256931608,0.7058823529411765,0.3177570093457944,0.6901960784313725,0.7538940809968847,0.17396977275198433,-0.38812534359538214,-0.015686274509803977,5.0,5.0
46,Continuously Retrained Ensemble,57,covariate,mild,0.6901960784313725,0.7538940809968847,0.5201793721973094,0.8652751423149905,0.8652751423149905,0.0,-0.23371470879957534,0.11138106131810577,0.0,0.0
46,Event-Driven Ensemble,3,covariate,severe,0.3925233644859813,0.9318435754189944,0.946031746031746,0.8029197080291971,0.7429906542056075,0.0,0.014188170612751572,-0.12892386738979733,0.0,0.0
46,Event-Driven Ensemble,6,concept,moderate,0.8029197080291971,0.7429906542056075,0.4186046511627907,0.6507936507936508,0.5882352941176471,0.059929053823589595,-0.3243860030428168,-0.09219700341195669,0.0,5.0
46,Event-Driven Ensemble,12,concept,mild,0.787746170678337,0.5260416666666666,0.32,0.6974789915966386,0.6666666666666666,0.26170450401167034,-0.20604166666666662,0.171437324929972,5.0,5.0
46,Event-Driven Ensemble,18,concept,severe,0.6953271028037383,0.21782178217821782,0.7706422018348624,0.5079365079365079,0.3305785123966942,0.47750532062552054,0.5528204196566446,0.2901147257582901,1.0,1.0
46,Event-Driven Ensemble,24,covariate,moderate,0.6406926406926406,0.7868217054263565,0.9108910891089109,0.5972222222222222,0.9021164021164021,0.0,0.12406938368255438,-0.18959948320413433,0.0,0.0
46,Event-Driven Ensemble,27,mixed,moderate,0.5972222222222222,0.9021164021164021,0.8653846153846154,0.8592592592592593,0.7228381374722838,0.0,-0.036731786731786675,-0.042857142857142816,0.0,0.0
46,Event-Driven Ensemble,30,concept,moderate,0.8592592592592593,0.7228381374722838,0.5109489051094891,0.7597402597402597,0.6107226107226107,0.13642112178697552,-0.21188923236279467,0.036902122267975956,5.0,5.0
46,Event-Driven Ensemble,36,mixed,severe,0.7956521739130434,0.9373433583959899,0.9929506545820745,0.9117647058823529,0.7253044654939107,0.0,0.05560729618608462,-0.025578652513637,0.0,0.0
46,Event-Driven Ensemble,39,covariate,moderate,0.9117647058823529,0.7253044654939107,0.8592321755027422,0.8368421052631579,0.2542372881355932,0.18646024038844222,0.13392771000883152,0.11153763976924724,1.0,5.0
46,Event-Driven Ensemble,42,covariate,mild,0.8368421052631579,0.2542372881355932,0.8516579406631762,0.708,0.504950495049505,0.5826048171275647,0.597420652527583,0.45376271186440675,1.0,1.0
46,Event-Driven Ensemble,45,mixed,mild,0.708,0.504950495049505,0.8551336146272855,0.5802047781569966,0.8756476683937824,0.203049504950495,0.3501831195777806,0.0752542831074916,1.0,1.0
46,Event-Driven Ensemble,48,mixed,mild,0.5802047781569966,0.8756476683937824,0.8179419525065963,0.4342105263157895,0.9989969909729187,0.0,-0.05770571588718609,-0.4414371420779929,0.0,0.0
46,Event-Driven Ensemble,51,mixed,severe,0.4342105263157895,0.9989969909729187,1.0,0.8798521256931608,0.7058823529411765,0.0,0.0010030090270812808,-0.11914486527975787,0.0,0.0
46,Event-Driven Ensemble,54,concept,severe,0.8798521256931608,0.7058823529411765,0.3177570093457944,0.6901960784313725,0.7660256410256411,0.17396977275198433,-0.38812534359538214,-0.015686274509803977,5.0,5.0
46,Event-Driven Ensemble,57,covariate,mild,0.6901960784313725,0.7660256410256411,0.5201793721973094,0.8652751423149905,0.8652751423149905,0.0,-0.24584626882833172,0.0992495012893494,0.0,0.0
