seed,window_id,approach,retrained,retraining_cpu_time,retraining_wall_time,samples_adapted
42,0,Frozen Model,False,0.0,0.0,0
42,0,Continuously Retrained Ensemble,True,1.109375,0.7821881999261677,7800
42,0,Event-Driven Ensemble,True,1.640625,1.2417158000171185,7800
42,1,Frozen Model,False,0.0,0.0,0
42,1,Continuously Retrained Ensemble,True,2.0,1.756915400736034,7800
42,1,Event-Driven Ensemble,True,1.875,1.3488090997561812,7800
42,2,Frozen Model,False,0.0,0.0,0
42,2,Continuously Retrained Ensemble,True,1.75,1.2075729998759925,7800
42,2,Event-Driven Ensemble,True,1.875,1.2105522993952036,7800
42,3,Frozen Model,False,0.0,0.0,0
42,3,Continuously Retrained Ensemble,True,1.71875,1.238113000523299,7800
42,3,Event-Driven Ensemble,True,2.0625,1.5172558003105223,7800
42,4,Frozen Model,False,0.0,0.0,0
42,4,Continuously Retrained Ensemble,True,1.8125,1.759758499916643,7800
42,4,Event-Driven Ensemble,True,1.890625,1.7862157002091408,7800
42,5,Frozen Model,False,0.0,0.0,0
42,5,Continuously Retrained Ensemble,True,1.6875,1.2924390998668969,7800
42,5,Event-Driven Ensemble,True,1.578125,1.1945869997143745,7800
42,6,Frozen Model,False,0.0,0.0,0
42,6,Continuously Retrained Ensemble,True,1.828125,1.258621399756521,7800
42,6,Event-Driven Ensemble,True,1.8125,1.2787464996799827,7800
42,7,Frozen Model,False,0.0,0.0,0
42,7,Continuously Retrained Ensemble,True,1.78125,1.8980183000676334,7800
42,7,Event-Driven Ensemble,False,0.0,0.0,0
42,8,Frozen Model,False,0.0,0.0,0
42,8,Continuously Retrained Ensemble,True,1.90625,1.7343880995176733,7800
42,8,Event-Driven Ensemble,False,0.0,0.0,0
42,9,Frozen Model,False,0.0,0.0,0
42,9,Continuously Retrained Ensemble,True,1.890625,1.3240015003830194,7800
42,9,Event-Driven Ensemble,False,0.0,0.0,0
42,10,Frozen Model,False,0.0,0.0,0
42,10,Continuously Retrained Ensemble,True,1.96875,1.3631440997123718,7800
42,10,Event-Driven Ensemble,True,1.875,1.4234488997608423,7800
42,11,Frozen Model,False,0.0,0.0,0
42,11,Continuously Retrained Ensemble,True,1.953125,1.3185425004921854,7800
42,11,Event-Driven Ensemble,True,1.703125,1.2663012999109924,7800
42,12,Frozen Model,False,0.0,0.0,0
42,12,Continuously Retrained Ensemble,True,1.8125,1.229665200226009,7800
42,12,Event-Driven Ensemble,True,1.703125,1.206721100024879,7800
42,13,Frozen Model,False,0.0,0.0,0
42,13,Continuously Retrained Ensemble,True,1.8125,1.2643352998420596,7800
42,13,Event-Driven Ensemble,True,1.90625,1.2799365003593266,7800
42,14,Frozen Model,False,0.0,0.0,0
42,14,Continuously Retrained Ensemble,True,1.953125,1.2915538004599512,7800
42,14,Event-Driven Ensemble,False,0.0,0.0,0
42,15,Frozen Model,False,0.0,0.0,0
42,15,Continuously Retrained Ensemble,True,1.875,1.343159300275147,7800
42,15,Event-Driven Ensemble,False,0.0,0.0,0
42,16,Frozen Model,False,0.0,0.0,0
42,16,Continuously Retrained Ensemble,True,1.953125,1.178602700587362,7800
42,16,Event-Driven Ensemble,False,0.0,0.0,0
42,17,Frozen Model,False,0.0,0.0,0
42,17,Continuously Retrained Ensemble,True,1.796875,1.3289740001782775,7800
42,17,Event-Driven Ensemble,False,0.0,0.0,0
42,18,Frozen Model,False,0.0,0.0,0
42,18,Continuously Retrained Ensemble,True,1.78125,1.2720507998019457,7800
42,18,Event-Driven Ensemble,True,1.75,1.2283430001698434,7800
42,19,Frozen Model,False,0.0,0.0,0
42,19,Continuously Retrained Ensemble,True,1.75,1.2908705002628267,7800
42,19,Event-Driven Ensemble,False,0.0,0.0,0
42,20,Frozen Model,False,0.0,0.0,0
42,20,Continuously Retrained Ensemble,True,1.90625,1.2476103007793427,7800
42,20,Event-Driven Ensemble,True,1.96875,1.2535779001191258,7800
42,21,Frozen Model,False,0.0,0.0,0
42,21,Continuously Retrained Ensemble,True,1.875,1.3090637996792793,7800
42,21,Event-Driven Ensemble,False,0.0,0.0,0
42,22,Frozen Model,False,0.0,0.0,0
42,22,Continuously Retrained Ensemble,True,2.015625,1.2959843003191054,7800
42,22,Event-Driven Ensemble,True,1.828125,1.1639268002472818,7800
42,23,Frozen Model,False,0.0,0.0,0
42,23,Continuously Retrained Ensemble,True,1.84375,1.236239599995315,7800
42,23,Event-Driven Ensemble,True,1.75,1.2846925002522767,7800
42,24,Frozen Model,False,0.0,0.0,0
42,24,Continuously Retrained Ensemble,True,1.921875,1.234841300174594,7800
42,24,Event-Driven Ensemble,True,1.921875,1.2553671002388,7800
42,25,Frozen Model,False,0.0,0.0,0
42,25,Continuously Retrained Ensemble,True,2.03125,1.8220119001343846,7800
42,25,Event-Driven Ensemble,True,2.09375,2.6668416005559266,7800
42,26,Frozen Model,False,0.0,0.0,0
42,26,Continuously Retrained Ensemble,True,2.03125,1.8593073999509215,7800
42,26,Event-Driven Ensemble,True,1.78125,1.4833029005676508,7800
42,27,Frozen Model,False,0.0,0.0,0
42,27,Continuously Retrained Ensemble,True,1.6875,1.254467600490898,7800
42,27,Event-Driven Ensemble,False,0.0,0.0,0
42,28,Frozen Model,False,0.0,0.0,0
42,28,Continuously Retrained Ensemble,True,1.9375,1.3207887997850776,7800
42,28,Event-Driven Ensemble,False,0.0,0.0,0
42,29,Frozen Model,False,0.0,0.0,0
42,29,Continuously Retrained Ensemble,True,1.6875,1.3623323002830148,7800
42,29,Event-Driven Ensemble,True,1.875,1.3260059002786875,7800
42,30,Frozen Model,False,0.0,0.0,0
42,30,Continuously Retrained Ensemble,True,1.96875,1.4934539003297687,7800
42,30,Event-Driven Ensemble,True,1.84375,1.3178047998808324,7800
42,31,Frozen Model,False,0.0,0.0,0
42,31,Continuously Retrained Ensemble,True,1.859375,1.2571005993522704,7800
42,31,Event-Driven Ensemble,False,0.0,0.0,0
42,32,Frozen Model,False,0.0,0.0,0
42,32,Continuously Retrained Ensemble,True,1.859375,1.2164712995290756,7800
42,32,Event-Driven Ensemble,True,1.9375,1.235196199733764,7800
42,33,Frozen Model,False,0.0,0.0,0
42,33,Continuously Retrained Ensemble,True,1.796875,1.241344999987632,7800
42,33,Event-Driven Ensemble,False,0.0,0.0,0
42,34,Frozen Model,False,0.0,0.0,0
42,34,Continuously Retrained Ensemble,True,1.84375,1.263525100890547,7800
42,34,Event-Driven Ensemble,True,1.828125,1.1907863998785615,7800
42,35,Frozen Model,False,0.0,0.0,0
42,35,Continuously Retrained Ensemble,True,1.84375,1.2461422998458147,7800
42,35,Event-Driven Ensemble,True,1.671875,1.2202476002275944,7800
42,36,Frozen Model,False,0.0,0.0,0
42,36,Continuously Retrained Ensemble,True,1.9375,1.3399303993210196,7800
42,36,Event-Driven Ensemble,False,0.0,0.0,0
42,37,Frozen Model,False,0.0,0.0,0
42,37,Continuously Retrained Ensemble,True,1.84375,1.2492198999971151,7800
42,37,Event-Driven Ensemble,True,1.703125,1.2898495001718402,7800
42,38,Frozen Model,False,0.0,0.0,0
42,38,Continuously Retrained Ensemble,True,1.9375,1.2262544007971883,7800
42,38,Event-Driven Ensemble,True,1.890625,1.2337882998399436,7800
42,39,Frozen Model,False,0.0,0.0,0
42,39,Continuously Retrained Ensemble,True,1.765625,1.2452535005286336,7800
42,39,Event-Driven Ensemble,False,0.0,0.0,0
42,40,Frozen Model,False,0.0,0.0,0
42,40,Continuously Retrained Ensemble,True,1.796875,1.1967830997891724,7800
42,40,Event-Driven Ensemble,False,0.0,0.0,0
42,41,Frozen Model,False,0.0,0.0,0
42,41,Continuously Retrained Ensemble,True,1.765625,1.2585022002458572,7800
42,41,Event-Driven Ensemble,True,2.015625,1.4322659000754356,7800
42,42,Frozen Model,False,0.0,0.0,0
42,42,Continuously Retrained Ensemble,True,1.796875,1.2424616999924183,7800
42,42,Event-Driven Ensemble,True,1.96875,1.2887412998825312,7800
42,43,Frozen Model,False,0.0,0.0,0
42,43,Continuously Retrained Ensemble,True,2.0,1.3178149005398154,7800
42,43,Event-Driven Ensemble,False,0.0,0.0,0
42,44,Frozen Model,False,0.0,0.0,0
42,44,Continuously Retrained Ensemble,True,1.953125,1.3489494994282722,7800
42,44,Event-Driven Ensemble,True,1.78125,1.2650142996571958,7800
42,45,Frozen Model,False,0.0,0.0,0
42,45,Continuously Retrained Ensemble,True,1.84375,1.3149446002207696,7800
42,45,Event-Driven Ensemble,True,1.75,1.2789211003109813,7800
42,46,Frozen Model,False,0.0,0.0,0
42,46,Continuously Retrained Ensemble,True,1.96875,1.2056752000935376,7800
42,46,Event-Driven Ensemble,False,0.0,0.0,0
42,47,Frozen Model,False,0.0,0.0,0
42,47,Continuously Retrained Ensemble,True,1.921875,1.39535850007087,7800
42,47,Event-Driven Ensemble,False,0.0,0.0,0
42,48,Frozen Model,False,0.0,0.0,0
42,48,Continuously Retrained Ensemble,True,1.875,1.2301369002088904,7800
42,48,Event-Driven Ensemble,True,1.796875,1.2723051994107664,7800
42,49,Frozen Model,False,0.0,0.0,0
42,49,Continuously Retrained Ensemble,True,2.046875,1.3370689996518195,7800
42,49,Event-Driven Ensemble,False,0.0,0.0,0
42,50,Frozen Model,False,0.0,0.0,0
42,50,Continuously Retrained Ensemble,True,1.640625,1.3621837999671698,7800
42,50,Event-Driven Ensemble,True,1.65625,1.4400078994221985,7800
42,51,Frozen Model,False,0.0,0.0,0
42,51,Continuously Retrained Ensemble,True,1.984375,1.3605439001694322,7800
42,51,Event-Driven Ensemble,True,1.9375,1.2796017001383007,7800
42,52,Frozen Model,False,0.0,0.0,0
42,52,Continuously Retrained Ensemble,True,2.0,1.2268191995099187,7800
42,52,Event-Driven Ensemble,True,1.828125,1.3529627001844347,7800
42,53,Frozen Model,False,0.0,0.0,0
42,53,Continuously Retrained Ensemble,True,1.78125,1.2175015001557767,7800
42,53,Event-Driven Ensemble,True,1.6875,1.3079338995739818,7800
42,54,Frozen Model,False,0.0,0.0,0
42,54,Continuously Retrained Ensemble,True,1.9375,1.3568845000118017,7800
42,54,Event-Driven Ensemble,True,1.703125,1.2495091003365815,7800
42,55,Frozen Model,False,0.0,0.0,0
42,55,Continuously Retrained Ensemble,True,1.8125,1.2862885994836688,7800
42,55,Event-Driven Ensemble,False,0.0,0.0,0
42,56,Frozen Model,False,0.0,0.0,0
42,56,Continuously Retrained Ensemble,True,1.96875,1.3539829002693295,7800
42,56,Event-Driven Ensemble,True,1.84375,1.2826562002301216,7800
42,57,Frozen Model,False,0.0,0.0,0
42,57,Continuously Retrained Ensemble,True,1.953125,1.4526326996274292,7800
42,57,Event-Driven Ensemble,True,1.90625,1.4081339994445443,7800
42,58,Frozen Model,False,0.0,0.0,0
42,58,Continuously Retrained Ensemble,True,1.84375,1.277947900351137,7800
42,58,Event-Driven Ensemble,True,1.890625,1.3071193997748196,7800
42,59,Frozen Model,False,0.0,0.0,0
42,59,Continuously Retrained Ensemble,True,1.984375,1.3738742000423372,7800
42,59,Event-Driven Ensemble,False,0.0,0.0,0
43,0,Frozen Model,False,0.0,0.0,0
43,0,Continuously Retrained Ensemble,True,1.90625,1.256103599909693,7800
43,0,Event-Driven Ensemble,True,1.921875,1.3352261995896697,7800
43,1,Frozen Model,False,0.0,0.0,0
43,1,Continuously Retrained Ensemble,True,1.96875,1.329430399928242,7800
43,1,Event-Driven Ensemble,True,1.828125,1.2120250998996198,7800
43,2,Frozen Model,False,0.0,0.0,0
43,2,Continuously Retrained Ensemble,True,1.828125,1.3412595000118017,7800
43,2,Event-Driven Ensemble,True,1.734375,1.207148800138384,7800
43,3,Frozen Model,False,0.0,0.0,0
43,3,Continuously Retrained Ensemble,True,1.78125,1.207737899851054,7800
43,3,Event-Driven Ensemble,False,0.0,0.0,0
43,4,Frozen Model,False,0.0,0.0,0
43,4,Continuously Retrained Ensemble,True,1.96875,1.31821099948138,7800
43,4,Event-Driven Ensemble,False,0.0,0.0,0
43,5,Frozen Model,False,0.0,0.0,0
43,5,Continuously Retrained Ensemble,True,1.84375,1.1869447999633849,7800
43,5,Event-Driven Ensemble,True,1.8125,1.1891525997780263,7800
43,6,Frozen Model,False,0.0,0.0,0
43,6,Continuously Retrained Ensemble,True,1.875,1.2373194000683725,7800
43,6,Event-Driven Ensemble,True,1.6875,1.2796774003654718,7800
43,7,Frozen Model,False,0.0,0.0,0
43,7,Continuously Retrained Ensemble,True,1.90625,1.224571100436151,7800
43,7,Event-Driven Ensemble,False,0.0,0.0,0
43,8,Frozen Model,False,0.0,0.0,0
43,8,Continuously Retrained Ensemble,True,2.109375,1.382490599527955,7800
43,8,Event-Driven Ensemble,True,1.78125,1.2379914000630379,7800
43,9,Frozen Model,False,0.0,0.0,0
43,9,Continuously Retrained Ensemble,True,1.796875,1.2605245001614094,7800
43,9,Event-Driven Ensemble,True,1.84375,1.2882554004900157,7800
43,10,Frozen Model,False,0.0,0.0,0
43,10,Continuously Retrained Ensemble,True,1.703125,1.2069599004462361,7800
43,10,Event-Driven Ensemble,True,1.8125,1.2645470001734793,7800
43,11,Frozen Model,False,0.0,0.0,0
43,11,Continuously Retrained Ensemble,True,1.828125,1.2595345992594957,7800
43,11,Event-Driven Ensemble,True,1.734375,1.2634254000149667,7800
43,12,Frozen Model,False,0.0,0.0,0
43,12,Continuously Retrained Ensemble,True,1.796875,1.2495305999182165,7800
43,12,Event-Driven Ensemble,True,1.9375,1.3661179998889565,7800
43,13,Frozen Model,False,0.0,0.0,0
43,13,Continuously Retrained Ensemble,True,1.9375,1.3483559000305831,7800
43,13,Event-Driven Ensemble,True,1.90625,1.3362702997401357,7800
43,14,Frozen Model,False,0.0,0.0,0
43,14,Continuously Retrained Ensemble,True,1.84375,1.2651332998648286,7800
43,14,Event-Driven Ensemble,True,1.8125,1.2023236001841724,7800
43,15,Frozen Model,False,0.0,0.0,0
43,15,Continuously Retrained Ensemble,True,1.734375,1.206169099546969,7800
43,15,Event-Driven Ensemble,True,1.953125,1.3453965010121465,7800
43,16,Frozen Model,False,0.0,0.0,0
43,16,Continuously Retrained Ensemble,True,2.078125,1.3151566996239126,7800
43,16,Event-Driven Ensemble,False,0.0,0.0,0
43,17,Frozen Model,False,0.0,0.0,0
43,17,Continuously Retrained Ensemble,True,1.71875,1.242322000209242,7800
43,17,Event-Driven Ensemble,True,1.90625,1.2875510002486408,7800
43,18,Frozen Model,False,0.0,0.0,0
43,18,Continuously Retrained Ensemble,True,1.71875,1.2098415992222726,7800
43,18,Event-Driven Ensemble,True,1.6875,1.247385200113058,7800
43,19,Frozen Model,False,0.0,0.0,0
43,19,Continuously Retrained Ensemble,True,1.859375,1.2617300995625556,7800
43,19,Event-Driven Ensemble,False,0.0,0.0,0
43,20,Frozen Model,False,0.0,0.0,0
43,20,Continuously Retrained Ensemble,True,1.78125,1.3041940997354686,7800
43,20,Event-Driven Ensemble,True,1.859375,1.2713731997646391,7800
43,21,Frozen Model,False,0.0,0.0,0
43,21,Continuously Retrained Ensemble,True,1.90625,1.2366321999579668,7800
43,21,Event-Driven Ensemble,True,1.8125,1.2247815998271108,7800
43,22,Frozen Model,False,0.0,0.0,0
43,22,Continuously Retrained Ensemble,True,1.84375,1.285229000262916,7800
43,22,Event-Driven Ensemble,False,0.0,0.0,0
43,23,Frozen Model,False,0.0,0.0,0
43,23,Continuously Retrained Ensemble,True,1.78125,1.2193482001312077,7800
43,23,Event-Driven Ensemble,False,0.0,0.0,0
43,24,Frozen Model,False,0.0,0.0,0
43,24,Continuously Retrained Ensemble,True,1.671875,1.2551665999926627,7800
43,24,Event-Driven Ensemble,False,0.0,0.0,0
43,25,Frozen Model,False,0.0,0.0,0
43,25,Continuously Retrained Ensemble,True,1.875,1.279941899701953,7800
43,25,Event-Driven Ensemble,True,1.765625,1.2235872996971011,7800
43,26,Frozen Model,False,0.0,0.0,0
43,26,Continuously Retrained Ensemble,True,1.78125,1.318477299530059,7800
43,26,Event-Driven Ensemble,True,1.796875,1.5792653998360038,7800
43,27,Frozen Model,False,0.0,0.0,0
43,27,Continuously Retrained Ensemble,True,1.78125,1.2693382003344595,7800
43,27,Event-Driven Ensemble,False,0.0,0.0,0
43,28,Frozen Model,False,0.0,0.0,0
43,28,Continuously Retrained Ensemble,True,1.71875,1.1880600000731647,7800
43,28,Event-Driven Ensemble,False,0.0,0.0,0
43,29,Frozen Model,False,0.0,0.0,0
43,29,Continuously Retrained Ensemble,True,1.8125,1.4764960003085434,7800
43,29,Event-Driven Ensemble,False,0.0,0.0,0
43,30,Frozen Model,False,0.0,0.0,0
43,30,Continuously Retrained Ensemble,True,1.8125,1.2809305004775524,7800
43,30,Event-Driven Ensemble,True,1.9375,1.2895963001064956,7800
43,31,Frozen Model,False,0.0,0.0,0
43,31,Continuously Retrained Ensemble,True,1.828125,1.2816975000314415,7800
43,31,Event-Driven Ensemble,True,1.8125,1.287022199947387,7800
43,32,Frozen Model,False,0.0,0.0,0
43,32,Continuously Retrained Ensemble,True,1.859375,1.2978380997665226,7800
43,32,Event-Driven Ensemble,True,2.015625,1.2672447999939322,7800
43,33,Frozen Model,False,0.0,0.0,0
43,33,Continuously Retrained Ensemble,True,1.796875,1.3489406001754105,7800
43,33,Event-Driven Ensemble,True,1.8125,1.4427122995257378,7800
43,34,Frozen Model,False,0.0,0.0,0
43,34,Continuously Retrained Ensemble,True,1.765625,1.2485644998960197,7800
43,34,Event-Driven Ensemble,True,1.921875,1.3703069994226098,7800
43,35,Frozen Model,False,0.0,0.0,0
43,35,Continuously Retrained Ensemble,True,1.890625,1.3071928001008928,7800
43,35,Event-Driven Ensemble,False,0.0,0.0,0
43,36,Frozen Model,False,0.0,0.0,0
43,36,Continuously Retrained Ensemble,True,1.765625,1.2545995996333659,7800
43,36,Event-Driven Ensemble,False,0.0,0.0,0
43,37,Frozen Model,False,0.0,0.0,0
43,37,Continuously Retrained Ensemble,True,1.78125,1.232022499665618,7800
43,37,Event-Driven Ensemble,True,1.875,1.3533136998303235,7800
43,38,Frozen Model,False,0.0,0.0,0
43,38,Continuously Retrained Ensemble,True,1.875,1.24551559984684,7800
43,38,Event-Driven Ensemble,True,1.921875,1.2649058001115918,7800
43,39,Frozen Model,False,0.0,0.0,0
43,39,Continuously Retrained Ensemble,True,1.984375,1.3031882005743682,7800
43,39,Event-Driven Ensemble,True,1.625,1.245782700367272,7800
43,40,Frozen Model,False,0.0,0.0,0
43,40,Continuously Retrained Ensemble,True,1.859375,1.2620386998169124,7800
43,40,Event-Driven Ensemble,False,0.0,0.0,0
43,41,Frozen Model,False,0.0,0.0,0
43,41,Continuously Retrained Ensemble,True,1.875,1.2591633000411093,7800
43,41,Event-Driven Ensemble,False,0.0,0.0,0
43,42,Frozen Model,False,0.0,0.0,0
43,42,Continuously Retrained Ensemble,True,1.875,1.2540261000394821,7800
43,42,Event-Driven Ensemble,True,1.703125,1.1781071997247636,7800
43,43,Frozen Model,False,0.0,0.0,0
43,43,Continuously Retrained Ensemble,True,1.828125,1.2702748998999596,7800
43,43,Event-Driven Ensemble,False,0.0,0.0,0
43,44,Frozen Model,False,0.0,0.0,0
43,44,Continuously Retrained Ensemble,True,1.796875,1.2806346998549998,7800
43,44,Event-Driven Ensemble,False,0.0,0.0,0
43,45,Frozen Model,False,0.0,0.0,0
43,45,Continuously Retrained Ensemble,True,1.96875,1.2970443000085652,7800
43,45,Event-Driven Ensemble,False,0.0,0.0,0
43,46,Frozen Model,False,0.0,0.0,0
43,46,Continuously Retrained Ensemble,True,1.78125,1.2478654999285936,7800
43,46,Event-Driven Ensemble,False,0.0,0.0,0
43,47,Frozen Model,False,0.0,0.0,0
43,47,Continuously Retrained Ensemble,True,1.9375,1.2758228997699916,7800
43,47,Event-Driven Ensemble,False,0.0,0.0,0
43,48,Frozen Model,False,0.0,0.0,0
43,48,Continuously Retrained Ensemble,True,2.015625,1.28879309957847,7800
43,48,Event-Driven Ensemble,True,1.90625,1.2630702997557819,7800
43,49,Frozen Model,False,0.0,0.0,0
43,49,Continuously Retrained Ensemble,True,1.84375,1.319339499808848,7800
43,49,Event-Driven Ensemble,True,1.734375,1.2061870996840298,7800
43,50,Frozen Model,False,0.0,0.0,0
43,50,Continuously Retrained Ensemble,True,1.84375,1.2542732995934784,7800
43,50,Event-Driven Ensemble,False,0.0,0.0,0
43,51,Frozen Model,False,0.0,0.0,0
43,51,Continuously Retrained Ensemble,True,1.96875,1.283859399612993,7800
43,51,Event-Driven Ensemble,True,1.859375,1.2158421999774873,7800
43,52,Frozen Model,False,0.0,0.0,0
43,52,Continuously Retrained Ensemble,True,1.71875,1.2392300995998085,7800
43,52,Event-Driven Ensemble,False,0.0,0.0,0
43,53,Frozen Model,False,0.0,0.0,0
43,53,Continuously Retrained Ensemble,True,1.78125,1.2250439999625087,7800
43,53,Event-Driven Ensemble,True,1.75,1.2641262002289295,7800
43,54,Frozen Model,False,0.0,0.0,0
43,54,Continuously Retrained Ensemble,True,1.890625,1.236478999722749,7800
43,54,Event-Driven Ensemble,True,1.953125,1.3311159000732005,7800
43,55,Frozen Model,False,0.0,0.0,0
43,55,Continuously Retrained Ensemble,True,1.921875,1.341528200544417,7800
43,55,Event-Driven Ensemble,True,1.921875,1.3692121002823114,7800
43,56,Frozen Model,False,0.0,0.0,0
43,56,Continuously Retrained Ensemble,True,2.125,1.3521715993992984,7800
43,56,Event-Driven Ensemble,False,0.0,0.0,0
43,57,Frozen Model,False,0.0,0.0,0
43,57,Continuously Retrained Ensemble,True,1.984375,1.3980284999124706,7800
43,57,Event-Driven Ensemble,False,0.0,0.0,0
43,58,Frozen Model,False,0.0,0.0,0
43,58,Continuously Retrained Ensemble,True,2.09375,1.4550078995525837,7800
43,58,Event-Driven Ensemble,False,0.0,0.0,0
43,59,Frozen Model,False,0.0,0.0,0
43,59,Continuously Retrained Ensemble,True,1.9375,1.477924699895084,7800
43,59,Event-Driven Ensemble,True,2.0625,1.3895779000595212,7800
44,0,Frozen Model,False,0.0,0.0,0
44,0,Continuously Retrained Ensemble,True,1.984375,1.3550927001051605,7800
44,0,Event-Driven Ensemble,True,2.0625,1.4095433996990323,7800
44,1,Frozen Model,False,0.0,0.0,0
44,1,Continuously Retrained Ensemble,True,1.90625,1.395425099413842,7800
44,1,Event-Driven Ensemble,False,0.0,0.0,0
44,2,Frozen Model,False,0.0,0.0,0
44,2,Continuously Retrained Ensemble,True,2.046875,1.4271137001924217,7800
44,2,Event-Driven Ensemble,True,2.03125,1.378249800298363,7800
44,3,Frozen Model,False,0.0,0.0,0
44,3,Continuously Retrained Ensemble,True,2.140625,1.4476093999110162,7800
44,3,Event-Driven Ensemble,False,0.0,0.0,0
44,4,Frozen Model,False,0.0,0.0,0
44,4,Continuously Retrained Ensemble,True,2.078125,1.4229520000517368,7800
44,4,Event-Driven Ensemble,False,0.0,0.0,0
44,5,Frozen Model,False,0.0,0.0,0
44,5,Continuously Retrained Ensemble,True,1.984375,1.4540389999747276,7800
44,5,Event-Driven Ensemble,True,1.796875,1.3928320007398725,7800
44,6,Frozen Model,False,0.0,0.0,0
44,6,Continuously Retrained Ensemble,True,2.046875,1.4592209002003074,7800
44,6,Event-Driven Ensemble,False,0.0,0.0,0
44,7,Frozen Model,False,0.0,0.0,0
44,7,Continuously Retrained Ensemble,True,1.75,1.2976780999451876,7800
44,7,Event-Driven Ensemble,False,0.0,0.0,0
44,8,Frozen Model,False,0.0,0.0,0
44,8,Continuously Retrained Ensemble,True,1.84375,1.298716299701482,7800
44,8,Event-Driven Ensemble,False,0.0,0.0,0
44,9,Frozen Model,False,0.0,0.0,0
44,9,Continuously Retrained Ensemble,True,2.0,1.3089000997133553,7800
44,9,Event-Driven Ensemble,True,1.65625,1.2816708995960653,7800
44,10,Frozen Model,False,0.0,0.0,0
44,10,Continuously Retrained Ensemble,True,1.71875,1.282673199661076,7800
44,10,Event-Driven Ensemble,True,1.90625,1.2963243001140654,7800
44,11,Frozen Model,False,0.0,0.0,0
44,11,Continuously Retrained Ensemble,True,1.921875,1.2449352997355163,7800
44,11,Event-Driven Ensemble,False,0.0,0.0,0
44,12,Frozen Model,False,0.0,0.0,0
44,12,Continuously Retrained Ensemble,True,1.84375,1.2314345999620855,7800
44,12,Event-Driven Ensemble,True,1.828125,1.3141248999163508,7800
44,13,Frozen Model,False,0.0,0.0,0
44,13,Continuously Retrained Ensemble,True,1.890625,1.249964500311762,7800
44,13,Event-Driven Ensemble,True,1.859375,1.2316538006998599,7800
44,14,Frozen Model,False,0.0,0.0,0
44,14,Continuously Retrained Ensemble,True,2.0,1.2494876007549465,7800
44,14,Event-Driven Ensemble,True,1.859375,1.3208898999728262,7800
44,15,Frozen Model,False,0.0,0.0,0
44,15,Continuously Retrained Ensemble,True,1.9375,1.3864365997724235,7800
44,15,Event-Driven Ensemble,True,1.65625,1.241549000609666,7800
44,16,Frozen Model,False,0.0,0.0,0
44,16,Continuously Retrained Ensemble,True,1.875,1.2202053000219166,7800
44,16,Event-Driven Ensemble,False,0.0,0.0,0
44,17,Frozen Model,False,0.0,0.0,0
44,17,Continuously Retrained Ensemble,True,1.765625,1.2363827996887267,7800
44,17,Event-Driven Ensemble,False,0.0,0.0,0
44,18,Frozen Model,False,0.0,0.0,0
44,18,Continuously Retrained Ensemble,True,1.703125,1.2110109003260732,7800
44,18,Event-Driven Ensemble,True,1.8125,1.2478251000866294,7800
44,19,Frozen Model,False,0.0,0.0,0
44,19,Continuously Retrained Ensemble,True,1.671875,1.2040686002001166,7800
44,19,Event-Driven Ensemble,False,0.0,0.0,0
44,20,Frozen Model,False,0.0,0.0,0
44,20,Continuously Retrained Ensemble,True,1.84375,1.23915860010311,7800
44,20,Event-Driven Ensemble,True,1.90625,1.3510853005573153,7800
44,21,Frozen Model,False,0.0,0.0,0
44,21,Continuously Retrained Ensemble,True,1.9375,1.3188863000832498,7800
44,21,Event-Driven Ensemble,True,1.84375,1.2466766997240484,7800
44,22,Frozen Model,False,0.0,0.0,0
44,22,Continuously Retrained Ensemble,True,1.84375,1.272758100181818,7800
44,22,Event-Driven Ensemble,False,0.0,0.0,0
44,23,Frozen Model,False,0.0,0.0,0
44,23,Continuously Retrained Ensemble,True,1.84375,1.2207302995957434,7800
44,23,Event-Driven Ensemble,True,1.671875,1.2787997000850737,7800
44,24,Frozen Model,False,0.0,0.0,0
44,24,Continuously Retrained Ensemble,True,1.859375,1.353129300288856,7800
44,24,Event-Driven Ensemble,False,0.0,0.0,0
44,25,Frozen Model,False,0.0,0.0,0
44,25,Continuously Retrained Ensemble,True,2.015625,1.499403199646622,7800
44,25,Event-Driven Ensemble,True,1.9375,1.3712892006151378,7800
44,26,Frozen Model,False,0.0,0.0,0
44,26,Continuously Retrained Ensemble,True,1.71875,1.4101453996263444,7800
44,26,Event-Driven Ensemble,True,1.875,1.4020510003902018,7800
44,27,Frozen Model,False,0.0,0.0,0
44,27,Continuously Retrained Ensemble,True,2.0,1.319916999898851,7800
44,27,Event-Driven Ensemble,True,2.015625,1.4225975996814668,7800
44,28,Frozen Model,False,0.0,0.0,0
44,28,Continuously Retrained Ensemble,True,1.90625,1.3559095999225974,7800
44,28,Event-Driven Ensemble,False,0.0,0.0,0
44,29,Frozen Model,False,0.0,0.0,0
44,29,Continuously Retrained Ensemble,True,1.96875,1.3922371002845466,7800
44,29,Event-Driven Ensemble,True,1.96875,2.0382550000213087,7800
44,30,Frozen Model,False,0.0,0.0,0
44,30,Continuously Retrained Ensemble,True,2.171875,2.061520400457084,7800
44,30,Event-Driven Ensemble,False,0.0,0.0,0
44,31,Frozen Model,False,0.0,0.0,0
44,31,Continuously Retrained Ensemble,True,2.15625,2.0872096000239253,7800
44,31,Event-Driven Ensemble,True,1.875,1.7565423999913037,7800
44,32,Frozen Model,False,0.0,0.0,0
44,32,Continuously Retrained Ensemble,True,2.046875,1.5188031997531652,7800
44,32,Event-Driven Ensemble,False,0.0,0.0,0
44,33,Frozen Model,False,0.0,0.0,0
44,33,Continuously Retrained Ensemble,True,2.0,1.7909243004396558,7800
44,33,Event-Driven Ensemble,True,2.015625,1.701339699793607,7800
44,34,Frozen Model,False,0.0,0.0,0
44,34,Continuously Retrained Ensemble,True,1.90625,1.3850564998574555,7800
44,34,Event-Driven Ensemble,False,0.0,0.0,0
44,35,Frozen Model,False,0.0,0.0,0
44,35,Continuously Retrained Ensemble,True,1.96875,1.4873375003226101,7800
44,35,Event-Driven Ensemble,False,0.0,0.0,0
44,36,Frozen Model,False,0.0,0.0,0
44,36,Continuously Retrained Ensemble,True,1.921875,1.4093296993523836,7800
44,36,Event-Driven Ensemble,False,0.0,0.0,0
44,37,Frozen Model,False,0.0,0.0,0
44,37,Continuously Retrained Ensemble,True,2.140625,1.4094522004015744,7800
44,37,Event-Driven Ensemble,True,2.0,1.4236435000784695,7800
44,38,Frozen Model,False,0.0,0.0,0
44,38,Continuously Retrained Ensemble,True,2.015625,1.434257300104946,7800
44,38,Event-Driven Ensemble,False,0.0,0.0,0
44,39,Frozen Model,False,0.0,0.0,0
44,39,Continuously Retrained Ensemble,True,1.953125,1.3956121001392603,7800
44,39,Event-Driven Ensemble,True,2.078125,1.44239620026201,7800
44,40,Frozen Model,False,0.0,0.0,0
44,40,Continuously Retrained Ensemble,True,1.9375,1.3839421002194285,7800
44,40,Event-Driven Ensemble,False,0.0,0.0,0
44,41,Frozen Model,False,0.0,0.0,0
44,41,Continuously Retrained Ensemble,True,2.015625,1.447243300266564,7800
44,41,Event-Driven Ensemble,True,1.90625,1.4234164995141327,7800
44,42,Frozen Model,False,0.0,0.0,0
44,42,Continuously Retrained Ensemble,True,1.890625,1.3873029006645083,7800
44,42,Event-Driven Ensemble,True,2.171875,1.380240399390459,7800
44,43,Frozen Model,False,0.0,0.0,0
44,43,Continuously Retrained Ensemble,True,2.078125,1.4013355998322368,7800
44,43,Event-Driven Ensemble,False,0.0,0.0,0
44,44,Frozen Model,False,0.0,0.0,0
44,44,Continuously Retrained Ensemble,True,2.015625,1.4552238993346691,7800
44,44,Event-Driven Ensemble,True,1.890625,1.3799197003245354,7800
44,45,Frozen Model,False,0.0,0.0,0
44,45,Continuously Retrained Ensemble,True,1.96875,1.396583600435406,7800
44,45,Event-Driven Ensemble,False,0.0,0.0,0
44,46,Frozen Model,False,0.0,0.0,0
44,46,Continuously Retrained Ensemble,True,2.046875,1.3769375993870199,7800
44,46,Event-Driven Ensemble,True,2.046875,1.4382847999222577,7800
44,47,Frozen Model,False,0.0,0.0,0
44,47,Continuously Retrained Ensemble,True,2.046875,1.4655838999897242,7800
44,47,Event-Driven Ensemble,False,0.0,0.0,0
44,48,Frozen Model,False,0.0,0.0,0
44,48,Continuously Retrained Ensemble,True,2.09375,1.4621844999492168,7800
44,48,Event-Driven Ensemble,False,0.0,0.0,0
44,49,Frozen Model,False,0.0,0.0,0
44,49,Continuously Retrained Ensemble,True,2.109375,1.479125200305134,7800
44,49,Event-Driven Ensemble,True,1.953125,1.3231848999857903,7800
44,50,Frozen Model,False,0.0,0.0,0
44,50,Continuously Retrained Ensemble,True,2.015625,1.386164200026542,7800
44,50,Event-Driven Ensemble,True,1.859375,1.3529574004933238,7800
44,51,Frozen Model,False,0.0,0.0,0
44,51,Continuously Retrained Ensemble,True,1.78125,1.2433441001921892,7800
44,51,Event-Driven Ensemble,False,0.0,0.0,0
44,52,Frozen Model,False,0.0,0.0,0
44,52,Continuously Retrained Ensemble,True,1.78125,1.2495792997069657,7800
44,52,Event-Driven Ensemble,False,0.0,0.0,0
44,53,Frozen Model,False,0.0,0.0,0
44,53,Continuously Retrained Ensemble,True,1.859375,1.206591199617833,7800
44,53,Event-Driven Ensemble,True,1.71875,1.2849239995703101,7800
44,54,Frozen Model,False,0.0,0.0,0
44,54,Continuously Retrained Ensemble,True,1.953125,1.3550645005889237,7800
44,54,Event-Driven Ensemble,True,1.796875,1.2506100996397436,7800
44,55,Frozen Model,False,0.0,0.0,0
44,55,Continuously Retrained Ensemble,True,1.84375,1.3455425999127328,7800
44,55,Event-Driven Ensemble,True,1.84375,1.3712367000989616,7800
44,56,Frozen Model,False,0.0,0.0,0
44,56,Continuously Retrained Ensemble,True,1.90625,1.3451247001066804,7800
44,56,Event-Driven Ensemble,False,0.0,0.0,0
44,57,Frozen Model,False,0.0,0.0,0
44,57,Continuously Retrained Ensemble,True,1.859375,1.3228688002564013,7800
44,57,Event-Driven Ensemble,True,1.875,1.2754813004285097,7800
44,58,Frozen Model,False,0.0,0.0,0
44,58,Continuously Retrained Ensemble,True,1.90625,1.2586465999484062,7800
44,58,Event-Driven Ensemble,True,1.890625,1.2184256999753416,7800
44,59,Frozen Model,False,0.0,0.0,0
44,59,Continuously Retrained Ensemble,True,1.828125,1.2827309998683631,7800
44,59,Event-Driven Ensemble,False,0.0,0.0,0
45,0,Frozen Model,False,0.0,0.0,0
45,0,Continuously Retrained Ensemble,True,2.0625,1.331969500053674,7800
45,0,Event-Driven Ensemble,True,1.875,1.3168216003105044,7800
45,1,Frozen Model,False,0.0,0.0,0
45,1,Continuously Retrained Ensemble,True,1.9375,1.3832435994409025,7800
45,1,Event-Driven Ensemble,True,1.84375,1.2948505003005266,7800
45,2,Frozen Model,False,0.0,0.0,0
45,2,Continuously Retrained Ensemble,True,1.859375,1.31771589955315,7800
45,2,Event-Driven Ensemble,True,1.765625,1.268516800366342,7800
45,3,Frozen Model,False,0.0,0.0,0
45,3,Continuously Retrained Ensemble,True,1.921875,1.2810967001132667,7800
45,3,Event-Driven Ensemble,False,0.0,0.0,0
45,4,Frozen Model,False,0.0,0.0,0
45,4,Continuously Retrained Ensemble,True,1.984375,1.208673299755901,7800
45,4,Event-Driven Ensemble,False,0.0,0.0,0
45,5,Frozen Model,False,0.0,0.0,0
45,5,Continuously Retrained Ensemble,True,1.890625,1.2902992996387184,7800
45,5,Event-Driven Ensemble,True,1.84375,1.250748099759221,7800
45,6,Frozen Model,False,0.0,0.0,0
45,6,Continuously Retrained Ensemble,True,1.90625,1.2633892996236682,7800
45,6,Event-Driven Ensemble,True,1.921875,1.2951448000967503,7800
45,7,Frozen Model,False,0.0,0.0,0
45,7,Continuously Retrained Ensemble,True,1.734375,1.2581917997449636,7800
45,7,Event-Driven Ensemble,False,0.0,0.0,0
45,8,Frozen Model,False,0.0,0.0,0
45,8,Continuously Retrained Ensemble,True,2.03125,1.215362299233675,7800
45,8,Event-Driven Ensemble,True,1.953125,1.2027823003008962,7800
45,9,Frozen Model,False,0.0,0.0,0
45,9,Continuously Retrained Ensemble,True,1.734375,1.2290125000290573,7800
45,9,Event-Driven Ensemble,True,1.8125,1.2713399003259838,7800
45,10,Frozen Model,False,0.0,0.0,0
45,10,Continuously Retrained Ensemble,True,1.96875,1.298671199940145,7800
45,10,Event-Driven Ensemble,True,1.796875,1.2190880998969078,7800
45,11,Frozen Model,False,0.0,0.0,0
45,11,Continuously Retrained Ensemble,True,1.75,1.1863115997985005,7800
45,11,Event-Driven Ensemble,True,1.890625,1.2836250001564622,7800
45,12,Frozen Model,False,0.0,0.0,0
45,12,Continuously Retrained Ensemble,True,1.9375,1.363092899788171,7800
45,12,Event-Driven Ensemble,True,2.125,1.397096199914813,7800
45,13,Frozen Model,False,0.0,0.0,0
45,13,Continuously Retrained Ensemble,True,1.953125,1.2883050004020333,7800
45,13,Event-Driven Ensemble,True,1.96875,1.2326242998242378,7800
45,14,Frozen Model,False,0.0,0.0,0
45,14,Continuously Retrained Ensemble,True,1.71875,1.1784684001468122,7800
45,14,Event-Driven Ensemble,False,0.0,0.0,0
45,15,Frozen Model,False,0.0,0.0,0
45,15,Continuously Retrained Ensemble,True,1.625,1.1837128004990518,7800
45,15,Event-Driven Ensemble,True,1.8125,1.2625488000921905,7800
45,16,Frozen Model,False,0.0,0.0,0
45,16,Continuously Retrained Ensemble,True,2.0,1.2636044998653233,7800
45,16,Event-Driven Ensemble,False,0.0,0.0,0
45,17,Frozen Model,False,0.0,0.0,0
45,17,Continuously Retrained Ensemble,True,1.84375,1.240808500442654,7800
45,17,Event-Driven Ensemble,False,0.0,0.0,0
45,18,Frozen Model,False,0.0,0.0,0
45,18,Continuously Retrained Ensemble,True,1.8125,1.2962123998440802,7800
45,18,Event-Driven Ensemble,True,1.9375,1.2640901994891465,7800
45,19,Frozen Model,False,0.0,0.0,0
45,19,Continuously Retrained Ensemble,True,1.734375,1.2958800992928445,7800
45,19,Event-Driven Ensemble,False,0.0,0.0,0
45,20,Frozen Model,False,0.0,0.0,0
45,20,Continuously Retrained Ensemble,True,2.078125,1.762243599165231,7800
45,20,Event-Driven Ensemble,False,0.0,0.0,0
45,21,Frozen Model,False,0.0,0.0,0
45,21,Continuously Retrained Ensemble,True,1.890625,1.294244400691241,7800
45,21,Event-Driven Ensemble,True,1.921875,1.2515150997787714,7800
45,22,Frozen Model,False,0.0,0.0,0
45,22,Continuously Retrained Ensemble,True,1.671875,1.282524399459362,7800
45,22,Event-Driven Ensemble,True,1.8125,1.2299223002046347,7800
45,23,Frozen Model,False,0.0,0.0,0
45,23,Continuously Retrained Ensemble,True,1.859375,1.232045200187713,7800
45,23,Event-Driven Ensemble,False,0.0,0.0,0
45,24,Frozen Model,False,0.0,0.0,0
45,24,Continuously Retrained Ensemble,True,1.78125,1.2458094996400177,7800
45,24,Event-Driven Ensemble,False,0.0,0.0,0
45,25,Frozen Model,False,0.0,0.0,0
45,25,Continuously Retrained Ensemble,True,1.875,1.2624319000169635,7800
45,25,Event-Driven Ensemble,True,1.984375,1.502568299882114,7800
45,26,Frozen Model,False,0.0,0.0,0
45,26,Continuously Retrained Ensemble,True,1.828125,1.3186872005462646,7800
45,26,Event-Driven Ensemble,True,1.875,1.2685486003756523,7800
45,27,Frozen Model,False,0.0,0.0,0
45,27,Continuously Retrained Ensemble,True,1.96875,1.420866099651903,7800
45,27,Event-Driven Ensemble,True,1.8125,1.279970699455589,7800
45,28,Frozen Model,False,0.0,0.0,0
45,28,Continuously Retrained Ensemble,True,1.875,1.1980710001662374,7800
45,28,Event-Driven Ensemble,False,0.0,0.0,0
45,29,Frozen Model,False,0.0,0.0,0
45,29,Continuously Retrained Ensemble,True,1.75,1.2133090998977423,7800
45,29,Event-Driven Ensemble,True,1.875,1.1986115002073348,7800
45,30,Frozen Model,False,0.0,0.0,0
45,30,Continuously Retrained Ensemble,True,1.671875,1.2285364996641874,7800
45,30,Event-Driven Ensemble,True,1.765625,1.240432999562472,7800
45,31,Frozen Model,False,0.0,0.0,0
45,31,Continuously Retrained Ensemble,True,1.734375,1.210288300178945,7800
45,31,Event-Driven Ensemble,True,1.6875,1.2264359002001584,7800
45,32,Frozen Model,False,0.0,0.0,0
45,32,Continuously Retrained Ensemble,True,1.828125,1.2976747998036444,7800
45,32,Event-Driven Ensemble,True,1.234375,1.016497999895364,7800
45,33,Frozen Model,False,0.0,0.0,0
45,33,Continuously Retrained Ensemble,True,1.0625,0.7979568997398019,7800
45,33,Event-Driven Ensemble,True,1.046875,0.7711461000144482,7800
45,34,Frozen Model,False,0.0,0.0,0
45,34,Continuously Retrained Ensemble,True,1.0625,0.7108665001578629,7800
45,34,Event-Driven Ensemble,False,0.0,0.0,0
45,35,Frozen Model,False,0.0,0.0,0
45,35,Continuously Retrained Ensemble,True,1.609375,1.5715013998560607,7800
45,35,Event-Driven Ensemble,False,0.0,0.0,0
45,36,Frozen Model,False,0.0,0.0,0
45,36,Continuously Retrained Ensemble,True,1.390625,1.6659779003821313,7800
45,36,Event-Driven Ensemble,True,1.546875,1.856052600312978,7800
45,37,Frozen Model,False,0.0,0.0,0
45,37,Continuously Retrained Ensemble,True,1.53125,2.956804799847305,7800
45,37,Event-Driven Ensemble,True,1.9375,1.3056630999781191,7800
45,38,Frozen Model,False,0.0,0.0,0
45,38,Continuously Retrained Ensemble,True,1.890625,1.1983320000581443,7800
45,38,Event-Driven Ensemble,True,2.015625,1.4722295999526978,7800
45,39,Frozen Model,False,0.0,0.0,0
45,39,Continuously Retrained Ensemble,True,2.015625,1.4020324000157416,7800
45,39,Event-Driven Ensemble,True,2.015625,1.3058752003125846,7800
45,40,Frozen Model,False,0.0,0.0,0
45,40,Continuously Retrained Ensemble,True,1.890625,1.2529331999830902,7800
45,40,Event-Driven Ensemble,False,0.0,0.0,0
45,41,Frozen Model,False,0.0,0.0,0
45,41,Continuously Retrained Ensemble,True,1.9375,1.3116162000223994,7800
45,41,Event-Driven Ensemble,False,0.0,0.0,0
45,42,Frozen Model,False,0.0,0.0,0
45,42,Continuously Retrained Ensemble,True,1.859375,1.2383685000240803,7800
45,42,Event-Driven Ensemble,True,1.796875,1.371620699763298,7800
45,43,Frozen Model,False,0.0,0.0,0
45,43,Continuously Retrained Ensemble,True,1.828125,1.3478128998540342,7800
45,43,Event-Driven Ensemble,True,1.84375,1.4370932998135686,7800
45,44,Frozen Model,False,0.0,0.0,0
45,44,Continuously Retrained Ensemble,True,1.9375,1.327575699891895,7800
45,44,Event-Driven Ensemble,False,0.0,0.0,0
45,45,Frozen Model,False,0.0,0.0,0
45,45,Continuously Retrained Ensemble,True,1.90625,1.2973934998735785,7800
45,45,Event-Driven Ensemble,False,0.0,0.0,0
45,46,Frozen Model,False,0.0,0.0,0
45,46,Continuously Retrained Ensemble,True,1.84375,1.1524796006269753,7800
45,46,Event-Driven Ensemble,False,0.0,0.0,0
45,47,Frozen Model,False,0.0,0.0,0
45,47,Continuously Retrained Ensemble,True,1.828125,1.2701975000090897,7800
45,47,Event-Driven Ensemble,False,0.0,0.0,0
45,48,Frozen Model,False,0.0,0.0,0
45,48,Continuously Retrained Ensemble,True,1.765625,1.3274329998530447,7800
45,48,Event-Driven Ensemble,False,0.0,0.0,0
45,49,Frozen Model,False,0.0,0.0,0
45,49,Continuously Retrained Ensemble,True,1.765625,1.2399238999933004,7800
45,49,Event-Driven Ensemble,True,1.65625,1.2206534002907574,7800
45,50,Frozen Model,False,0.0,0.0,0
45,50,Continuously Retrained Ensemble,True,1.828125,2.0327812996692955,7800
45,50,Event-Driven Ensemble,True,1.96875,1.7760173003189266,7800
45,51,Frozen Model,False,0.0,0.0,0
45,51,Continuously Retrained Ensemble,True,1.890625,1.447688499931246,7800
45,51,Event-Driven Ensemble,False,0.0,0.0,0
45,52,Frozen Model,False,0.0,0.0,0
45,52,Continuously Retrained Ensemble,True,1.75,1.4996041995473206,7800
45,52,Event-Driven Ensemble,False,0.0,0.0,0
45,53,Frozen Model,False,0.0,0.0,0
45,53,Continuously Retrained Ensemble,True,1.921875,1.765335699543357,7800
45,53,Event-Driven Ensemble,False,0.0,0.0,0
45,54,Frozen Model,False,0.0,0.0,0
45,54,Continuously Retrained Ensemble,True,1.875,1.4487669002264738,7800
45,54,Event-Driven Ensemble,True,2.015625,1.4562867004424334,7800
45,55,Frozen Model,False,0.0,0.0,0
45,55,Continuously Retrained Ensemble,True,1.796875,1.3168640001676977,7800
45,55,Event-Driven Ensemble,False,0.0,0.0,0
45,56,Frozen Model,False,0.0,0.0,0
45,56,Continuously Retrained Ensemble,True,1.96875,1.2240828997455537,7800
45,56,Event-Driven Ensemble,True,1.6875,1.248821699526161,7800
45,57,Frozen Model,False,0.0,0.0,0
45,57,Continuously Retrained Ensemble,True,1.9375,1.551225600298494,7800
45,57,Event-Driven Ensemble,False,0.0,0.0,0
45,58,Frozen Model,False,0.0,0.0,0
45,58,Continuously Retrained Ensemble,True,2.03125,1.4549924992024899,7800
45,58,Event-Driven Ensemble,True,1.953125,1.3814234999008477,7800
45,59,Frozen Model,False,0.0,0.0,0
45,59,Continuously Retrained Ensemble,True,2.015625,1.4144999999552965,7800
45,59,Event-Driven Ensemble,True,2.296875,1.5232030004262924,7800
46,0,Frozen Model,False,0.0,0.0,0
46,0,Continuously Retrained Ensemble,True,1.9375,1.797472400125116,7800
46,0,Event-Driven Ensemble,True,1.96875,1.648218299727887,7800
46,1,Frozen Model,False,0.0,0.0,0
46,1,Continuously Retrained Ensemble,True,2.03125,1.4579617995768785,7800
46,1,Event-Driven Ensemble,False,0.0,0.0,0
46,2,Frozen Model,False,0.0,0.0,0
46,2,Continuously Retrained Ensemble,True,1.984375,1.4365429994650185,7800
46,2,Event-Driven Ensemble,True,1.96875,1.399676900357008,7800
46,3,Frozen Model,False,0.0,0.0,0
46,3,Continuously Retrained Ensemble,True,1.984375,1.3791788998059928,7800
46,3,Event-Driven Ensemble,True,1.859375,1.4358224994502962,7800
46,4,Frozen Model,False,0.0,0.0,0
46,4,Continuously Retrained Ensemble,True,1.921875,1.4699210999533534,7800
46,4,Event-Driven Ensemble,True,1.96875,1.5433848001994193,7800
46,5,Frozen Model,False,0.0,0.0,0
46,5,Continuously Retrained Ensemble,True,1.859375,1.6262116003781557,7800
46,5,Event-Driven Ensemble,True,1.921875,1.4891212000511587,7800
46,6,Frozen Model,False,0.0,0.0,0
46,6,Continuously Retrained Ensemble,True,1.90625,1.4898449000902474,7800
46,6,Event-Driven Ensemble,False,0.0,0.0,0
46,7,Frozen Model,False,0.0,0.0,0
46,7,Continuously Retrained Ensemble,True,2.046875,1.629117799922824,7800
46,7,Event-Driven Ensemble,False,0.0,0.0,0
46,8,Frozen Model,False,0.0,0.0,0
46,8,Continuously Retrained Ensemble,True,2.046875,1.3789673005230725,7800
46,8,Event-Driven Ensemble,False,0.0,0.0,0
46,9,Frozen Model,False,0.0,0.0,0
46,9,Continuously Retrained Ensemble,True,1.78125,1.313046300318092,7800
46,9,Event-Driven Ensemble,False,0.0,0.0,0
46,10,Frozen Model,False,0.0,0.0,0
46,10,Continuously Retrained Ensemble,True,1.8125,1.3610745999030769,7800
46,10,Event-Driven Ensemble,True,1.953125,1.34465860016644,7800
46,11,Frozen Model,False,0.0,0.0,0
46,11,Continuously Retrained Ensemble,True,1.921875,1.369230900425464,7800
46,11,Event-Driven Ensemble,True,1.9375,1.4076303006149828,7800
46,12,Frozen Model,False,0.0,0.0,0
46,12,Continuously Retrained Ensemble,True,1.8125,1.500484799966216,7800
46,12,Event-Driven Ensemble,True,2.046875,1.3975472999736667,7800
46,13,Frozen Model,False,0.0,0.0,0
46,13,Continuously Retrained Ensemble,True,1.96875,1.4070500005036592,7800
46,13,Event-Driven Ensemble,True,2.125,1.409695899579674,7800
46,14,Frozen Model,False,0.0,0.0,0
46,14,Continuously Retrained Ensemble,True,1.875,1.3645557994022965,7800
46,14,Event-Driven Ensemble,False,0.0,0.0,0
46,15,Frozen Model,False,0.0,0.0,0
46,15,Continuously Retrained Ensemble,True,2.015625,1.3991848998703063,7800
46,15,Event-Driven Ensemble,False,0.0,0.0,0
46,16,Frozen Model,False,0.0,0.0,0
46,16,Continuously Retrained Ensemble,True,2.015625,1.3567145001143217,7800
46,16,Event-Driven Ensemble,False,0.0,0.0,0
46,17,Frozen Model,False,0.0,0.0,0
46,17,Continuously Retrained Ensemble,True,2.09375,1.5046815001405776,7800
46,17,Event-Driven Ensemble,False,0.0,0.0,0
46,18,Frozen Model,False,0.0,0.0,0
46,18,Continuously Retrained Ensemble,True,1.796875,1.4398531997576356,7800
46,18,Event-Driven Ensemble,False,0.0,0.0,0
46,19,Frozen Model,False,0.0,0.0,0
46,19,Continuously Retrained Ensemble,True,2.0,1.37055080011487,7800
46,19,Event-Driven Ensemble,False,0.0,0.0,0
46,20,Frozen Model,False,0.0,0.0,0
46,20,Continuously Retrained Ensemble,True,2.046875,1.3199845999479294,7800
46,20,Event-Driven Ensemble,False,0.0,0.0,0
46,21,Frozen Model,False,0.0,0.0,0
46,21,Continuously Retrained Ensemble,True,1.578125,1.207014599815011,7800
46,21,Event-Driven Ensemble,True,2.015625,1.3716016998514533,7800
46,22,Frozen Model,False,0.0,0.0,0
46,22,Continuously Retrained Ensemble,True,1.9375,1.3923565004952252,7800
46,22,Event-Driven Ensemble,True,1.859375,1.4289680002257228,7800
46,23,Frozen Model,False,0.0,0.0,0
46,23,Continuously Retrained Ensemble,True,1.78125,1.3973619998432696,7800
46,23,Event-Driven Ensemble,True,2.21875,1.7092200005427003,7800
46,24,Frozen Model,False,0.0,0.0,0
46,24,Continuously Retrained Ensemble,True,1.796875,1.3653265996836126,7800
46,24,Event-Driven Ensemble,True,1.828125,1.3598672999069095,7800
46,25,Frozen Model,False,0.0,0.0,0
46,25,Continuously Retrained Ensemble,True,1.984375,1.6023868997581303,7800
46,25,Event-Driven Ensemble,False,0.0,0.0,0
46,26,Frozen Model,False,0.0,0.0,0
46,26,Continuously Retrained Ensemble,True,2.046875,1.4452956994064152,7800
46,26,Event-Driven Ensemble,True,1.796875,1.505708099808544,7800
46,27,Frozen Model,False,0.0,0.0,0
46,27,Continuously Retrained Ensemble,True,1.8125,1.4149650996550918,7800
46,27,Event-Driven Ensemble,True,2.0,1.3874379000626504,7800
46,28,Frozen Model,False,0.0,0.0,0
46,28,Continuously Retrained Ensemble,True,1.9375,1.452449900098145,7800
46,28,Event-Driven Ensemble,True,1.9375,1.3621375001966953,7800
46,29,Frozen Model,False,0.0,0.0,0
46,29,Continuously Retrained Ensemble,True,2.109375,1.4091696003451943,7800
46,29,Event-Driven Ensemble,True,1.90625,1.405632299836725,7800
46,30,Frozen Model,False,0.0,0.0,0
46,30,Continuously Retrained Ensemble,True,1.875,1.2387207001447678,7800
46,30,Event-Driven Ensemble,True,1.671875,1.1712505999021232,7800
46,31,Frozen Model,False,0.0,0.0,0
46,31,Continuously Retrained Ensemble,True,1.953125,1.2542833001352847,7800
46,31,Event-Driven Ensemble,True,1.921875,1.1635985998436809,7800
46,32,Frozen Model,False,0.0,0.0,0
46,32,Continuously Retrained Ensemble,True,1.796875,1.1839935998432338,7800
46,32,Event-Driven Ensemble,True,2.28125,1.4767900998704135,7800
46,33,Frozen Model,False,0.0,0.0,0
46,33,Continuously Retrained Ensemble,True,1.953125,1.348183700349182,7800
46,33,Event-Driven Ensemble,True,1.890625,1.3642944996245205,7800
46,34,Frozen Model,False,0.0,0.0,0
46,34,Continuously Retrained Ensemble,True,1.921875,1.4209555997513235,7800
46,34,Event-Driven Ensemble,True,1.921875,1.3644713000394404,7800
46,35,Frozen Model,False,0.0,0.0,0
46,35,Continuously Retrained Ensemble,True,1.90625,1.3542897002771497,7800
46,35,Event-Driven Ensemble,True,1.875,1.4045666996389627,7800
46,36,Frozen Model,False,0.0,0.0,0
46,36,Continuously Retrained Ensemble,True,1.875,1.372004599776119,7800
46,36,Event-Driven Ensemble,False,0.0,0.0,0
46,37,Frozen Model,False,0.0,0.0,0
46,37,Continuously Retrained Ensemble,True,1.984375,1.3842805000022054,7800
46,37,Event-Driven Ensemble,True,1.875,1.3880874002352357,7800
46,38,Frozen Model,False,0.0,0.0,0
46,38,Continuously Retrained Ensemble,True,1.953125,1.342687800526619,7800
46,38,Event-Driven Ensemble,False,0.0,0.0,0
46,39,Frozen Model,False,0.0,0.0,0
46,39,Continuously Retrained Ensemble,True,1.890625,1.4572030999697745,7800
46,39,Event-Driven Ensemble,True,1.84375,1.4517077002674341,7800
46,40,Frozen Model,False,0.0,0.0,0
46,40,Continuously Retrained Ensemble,True,1.921875,1.5107716000638902,7800
46,40,Event-Driven Ensemble,False,0.0,0.0,0
46,41,Frozen Model,False,0.0,0.0,0
46,41,Continuously Retrained Ensemble,True,1.90625,1.4429168999195099,7800
46,41,Event-Driven Ensemble,False,0.0,0.0,0
46,42,Frozen Model,False,0.0,0.0,0
46,42,Continuously Retrained Ensemble,True,1.8125,1.2757973996922374,7800
46,42,Event-Driven Ensemble,True,2.09375,1.33087129984051,7800
46,43,Frozen Model,False,0.0,0.0,0
46,43,Continuously Retrained Ensemble,True,1.953125,1.3376414999365807,7800
46,43,Event-Driven Ensemble,True,2.046875,1.3662367006763816,7800
46,44,Frozen Model,False,0.0,0.0,0
46,44,Continuously Retrained Ensemble,True,1.828125,1.333689899649471,7800
46,44,Event-Driven Ensemble,True,1.890625,1.2236088998615742,7800
46,45,Frozen Model,False,0.0,0.0,0
46,45,Continuously Retrained Ensemble,True,1.953125,1.2034476003609598,7800
46,45,Event-Driven Ensemble,False,0.0,0.0,0
46,46,Frozen Model,False,0.0,0.0,0
46,46,Continuously Retrained Ensemble,True,1.8125,1.2098496998660266,7800
46,46,Event-Driven Ensemble,False,0.0,0.0,0
46,47,Frozen Model,False,0.0,0.0,0
46,47,Continuously Retrained Ensemble,True,1.9375,1.2445873995311558,7800
46,47,Event-Driven Ensemble,False,0.0,0.0,0
46,48,Frozen Model,False,0.0,0.0,0
46,48,Continuously Retrained Ensemble,True,1.859375,1.2197595001198351,7800
46,48,Event-Driven Ensemble,False,0.0,0.0,0
46,49,Frozen Model,False,0.0,0.0,0
46,49,Continuously Retrained Ensemble,True,1.90625,1.2222737995907664,7800
46,49,Event-Driven Ensemble,True,1.734375,1.2099990001879632,7800
46,50,Frozen Model,False,0.0,0.0,0
46,50,Continuously Retrained Ensemble,True,2.0625,1.3211904000490904,7800
46,50,Event-Driven Ensemble,False,0.0,0.0,0
46,51,Frozen Model,False,0.0,0.0,0
46,51,Continuously Retrained Ensemble,True,1.953125,1.179695500060916,7800
46,51,Event-Driven Ensemble,False,0.0,0.0,0
46,52,Frozen Model,False,0.0,0.0,0
46,52,Continuously Retrained Ensemble,True,1.734375,1.1298480001278222,7800
46,52,Event-Driven Ensemble,True,1.890625,1.2169026001356542,7800
46,53,Frozen Model,False,0.0,0.0,0
46,53,Continuously Retrained Ensemble,True,1.75,1.2449176996015012,7800
46,53,Event-Driven Ensemble,True,1.890625,1.2459386996924877,7800
46,54,Frozen Model,False,0.0,0.0,0
46,54,Continuously Retrained Ensemble,True,1.8125,1.375185000244528,7800
46,54,Event-Driven Ensemble,True,1.84375,1.396115300245583,7800
46,55,Frozen Model,False,0.0,0.0,0
46,55,Continuously Retrained Ensemble,True,1.65625,1.1797391003929079,7800
46,55,Event-Driven Ensemble,False,0.0,0.0,0
46,56,Frozen Model,False,0.0,0.0,0
46,56,Continuously Retrained Ensemble,True,1.890625,1.2092307000420988,7800
46,56,Event-Driven Ensemble,False,0.0,0.0,0
46,57,Frozen Model,False,0.0,0.0,0
46,57,Continuously Retrained Ensemble,True,1.859375,1.2137929005548358,7800
46,57,Event-Driven Ensemble,True,1.78125,1.2350942008197308,7800
46,58,Frozen Model,False,0.0,0.0,0
46,58,Continuously Retrained Ensemble,True,1.78125,1.2115044998936355,7800
46,58,Event-Driven Ensemble,True,1.921875,1.3649094998836517,7800
46,59,Frozen Model,False,0.0,0.0,0
46,59,Continuously Retrained Ensemble,True,1.953125,1.375759500078857,7800
46,59,Event-Driven Ensemble,False,0.0,0.0,0
