dataset,label_delay,method,pooled_macro_f1,delta_vs_delay0
5g_campus,0,Event-Driven,0.9907726555567067,0.0
5g_campus,0,Frozen,0.9822359739981035,0.0
5g_campus,0,Full Retraining,0.9951038928909124,0.0
5g_campus,0,RAPT,0.9837777913564834,0.0
5g_campus,0,RAPT-Enhanced,0.9837777913564834,0.0
5g_campus,1,Event-Driven,0.9907726555567067,0.0
5g_campus,1,Frozen,0.9822359739981035,0.0
5g_campus,1,Full Retraining,0.9951038928909124,0.0
5g_campus,1,RAPT,0.9837777913564834,0.0
5g_campus,1,RAPT-Enhanced,0.9837777913564834,0.0
5g_nr,0,Event-Driven,0.8923243191960635,0.0
5g_nr,0,Frozen,0.8961242960403277,0.0
5g_nr,0,Full Retraining,0.9017624105088922,0.0
5g_nr,0,RAPT,0.8930033536079863,0.0
5g_nr,0,RAPT-Enhanced,0.8965159634119324,0.0
5g_nr,1,Event-Driven,0.8923243191960635,0.0
5g_nr,1,Frozen,0.8961242960403277,0.0
5g_nr,1,Full Retraining,0.9006611289866729,-0.0011012815222192218
5g_nr,1,RAPT,0.8921898940396547,-0.0008134595683316759
5g_nr,1,RAPT-Enhanced,0.8984382450627735,0.0019222816508410734
nordicdat,0,Event-Driven,0.43987305702611923,0.0
nordicdat,0,Frozen,0.32503327214661293,0.0
nordicdat,0,Full Retraining,0.48061816708636523,0.0
nordicdat,0,RAPT,0.46179381189378627,0.0
nordicdat,0,RAPT-Enhanced,0.46621901288111706,0.0
nordicdat,1,Event-Driven,0.43987305702611923,0.0
nordicdat,1,Frozen,0.32503327214661293,0.0
nordicdat,1,Full Retraining,0.42052718217636437,-0.060090984910000866
nordicdat,1,RAPT,0.33618211295892475,-0.12561169893486152
nordicdat,1,RAPT-Enhanced,0.4126180655285997,-0.05360094735251736
